Number of Variables;28;
Variables:;
0;L@0;this;
1;L@5;zzEndReadL;
2;L@0.weka.core.expressionlanguage.parser.Scanner.zzEndRead;this.zzEndRead;
3;L@6;zzBufferL;
4;L@0.weka.core.expressionlanguage.parser.Scanner.zzBuffer;this.zzBuffer;
5;L@7;zzCMapL;
6;S@weka.core.expressionlanguage.parser.Scanner.ZZ_CMAP;null;
7;L@8;zzTransL;
8;S@weka.core.expressionlanguage.parser.Scanner.ZZ_TRANS;null;
9;L@9;zzRowMapL;
10;S@weka.core.expressionlanguage.parser.Scanner.ZZ_ROWMAP;null;
11;L@10;zzAttrL;
12;S@weka.core.expressionlanguage.parser.Scanner.ZZ_ATTRIBUTE;null;
13;L@4;zzMarkedPosL;
14;L@0.weka.core.expressionlanguage.parser.Scanner.zzMarkedPos;this.zzMarkedPos;
15;L@2;zzAction;
16;L@0.weka.core.expressionlanguage.parser.Scanner.zzStartRead;this.zzStartRead;
17;L@0.weka.core.expressionlanguage.parser.Scanner.zzCurrentPos;this.zzCurrentPos;
18;L@3;zzCurrentPosL;
19;L@0.weka.core.expressionlanguage.parser.Scanner.zzState;this.zzState;
20;S@weka.core.expressionlanguage.parser.Scanner.ZZ_LEXSTATE;ZZ_LEXSTATE;
21;L@0.weka.core.expressionlanguage.parser.Scanner.zzLexicalState;this.zzLexicalState;
22;L@11;zzAttributes;
23;L@1;zzInput;
24;L@0.weka.core.expressionlanguage.parser.Scanner.zzAtEOF;this.zzAtEOF;
25;L@12;eof;
26;S@weka.core.expressionlanguage.parser.Scanner.ZZ_ACTION;ZZ_ACTION;
27;L@0.weka.core.expressionlanguage.parser.Scanner.string;this.string;

Number of Block duas;438;
Line Duas for method; next_token;
Number;Def Line; Origin Line; Use Line; Var Id; Var Name;
1;543;;552;0;this;
2;543;;556;0;this;
3;543;;556;0;this;
4;543;;558;0;this;
5;543;;561;0;this;
6;543;574;575;0;this;
7;543;574;580;0;this;
8;543;;580;0;this;
9;543;;581;0;this;
10;543;;582;0;this;
11;543;;584;0;this;
12;543;;585;0;this;
13;543;;586;0;this;
14;543;;587;0;this;
15;543;;597;0;this;
16;543;;599;0;this;
17;543;;601;0;this;
18;543;;603;0;this;
19;543;;612;0;this;
20;543;;801;0;this;
21;543;;796;0;this;
22;543;;791;0;this;
23;543;;786;0;this;
24;543;;781;0;this;
25;543;;776;0;this;
26;543;;771;0;this;
27;543;;766;0;this;
28;543;;761;0;this;
29;543;;756;0;this;
30;543;;751;0;this;
31;543;;746;0;this;
32;543;;741;0;this;
33;543;;736;0;this;
34;543;;731;0;this;
35;543;;726;0;this;
36;543;;726;0;this;
37;543;;721;0;this;
38;543;;711;0;this;
39;543;;706;0;this;
40;543;;701;0;this;
41;543;;696;0;this;
42;543;;691;0;this;
43;543;;686;0;this;
44;543;;681;0;this;
45;543;;676;0;this;
46;543;;671;0;this;
47;543;;666;0;this;
48;543;;661;0;this;
49;543;;656;0;this;
50;543;;651;0;this;
51;543;;646;0;this;
52;543;;641;0;this;
53;543;;641;0;this;
54;543;;636;0;this;
55;543;;636;0;this;
56;543;;631;0;this;
57;543;;626;0;this;
58;543;;621;0;this;
59;543;;806;0;this;
60;543;614;615;0;this;
61;543;614;619;0;this;
62;543;;615;0;this;
63;543;;563;0;this;
64;543;;587;2;this.zzEndRead;
65;543;;586;4;this.zzBuffer;
66;543;;552;14;this.zzMarkedPos;
67;543;;558;20;ZZ_LEXSTATE;
68;543;;558;21;this.zzLexicalState;
69;543;574;575;24;this.zzAtEOF;
70;543;574;580;24;this.zzAtEOF;
71;543;619;806;26;ZZ_ACTION;
72;543;619;621;26;ZZ_ACTION;
73;543;619;626;26;ZZ_ACTION;
74;543;619;631;26;ZZ_ACTION;
75;543;619;636;26;ZZ_ACTION;
76;543;619;641;26;ZZ_ACTION;
77;543;619;646;26;ZZ_ACTION;
78;543;619;651;26;ZZ_ACTION;
79;543;619;656;26;ZZ_ACTION;
80;543;619;661;26;ZZ_ACTION;
81;543;619;666;26;ZZ_ACTION;
82;543;619;671;26;ZZ_ACTION;
83;543;619;676;26;ZZ_ACTION;
84;543;619;681;26;ZZ_ACTION;
85;543;619;686;26;ZZ_ACTION;
86;543;619;691;26;ZZ_ACTION;
87;543;619;696;26;ZZ_ACTION;
88;543;619;701;26;ZZ_ACTION;
89;543;619;706;26;ZZ_ACTION;
90;543;619;711;26;ZZ_ACTION;
91;543;619;719;26;ZZ_ACTION;
92;543;619;721;26;ZZ_ACTION;
93;543;619;726;26;ZZ_ACTION;
94;543;619;731;26;ZZ_ACTION;
95;543;619;736;26;ZZ_ACTION;
96;543;619;741;26;ZZ_ACTION;
97;543;619;746;26;ZZ_ACTION;
98;543;619;751;26;ZZ_ACTION;
99;543;619;756;26;ZZ_ACTION;
100;543;619;761;26;ZZ_ACTION;
101;543;619;766;26;ZZ_ACTION;
102;543;619;771;26;ZZ_ACTION;
103;543;619;776;26;ZZ_ACTION;
104;543;619;781;26;ZZ_ACTION;
105;543;619;786;26;ZZ_ACTION;
106;543;619;791;26;ZZ_ACTION;
107;543;619;796;26;ZZ_ACTION;
108;543;619;801;26;ZZ_ACTION;
109;543;619;624;26;ZZ_ACTION;
110;543;619;629;26;ZZ_ACTION;
111;543;619;634;26;ZZ_ACTION;
112;543;619;639;26;ZZ_ACTION;
113;543;619;644;26;ZZ_ACTION;
114;543;619;649;26;ZZ_ACTION;
115;543;619;654;26;ZZ_ACTION;
116;543;619;659;26;ZZ_ACTION;
117;543;619;664;26;ZZ_ACTION;
118;543;619;669;26;ZZ_ACTION;
119;543;619;674;26;ZZ_ACTION;
120;543;619;679;26;ZZ_ACTION;
121;543;619;684;26;ZZ_ACTION;
122;543;619;689;26;ZZ_ACTION;
123;543;619;694;26;ZZ_ACTION;
124;543;619;699;26;ZZ_ACTION;
125;543;619;704;26;ZZ_ACTION;
126;543;619;709;26;ZZ_ACTION;
127;543;619;714;26;ZZ_ACTION;
128;543;619;724;26;ZZ_ACTION;
129;543;619;729;26;ZZ_ACTION;
130;543;619;734;26;ZZ_ACTION;
131;543;619;739;26;ZZ_ACTION;
132;543;619;744;26;ZZ_ACTION;
133;543;619;749;26;ZZ_ACTION;
134;543;619;754;26;ZZ_ACTION;
135;543;619;759;26;ZZ_ACTION;
136;543;619;764;26;ZZ_ACTION;
137;543;619;769;26;ZZ_ACTION;
138;543;619;774;26;ZZ_ACTION;
139;543;619;779;26;ZZ_ACTION;
140;543;619;784;26;ZZ_ACTION;
141;543;619;789;26;ZZ_ACTION;
142;543;619;794;26;ZZ_ACTION;
143;543;619;799;26;ZZ_ACTION;
144;543;619;804;26;ZZ_ACTION;
145;543;;786;27;this.string;
146;543;;781;27;this.string;
147;543;;776;27;this.string;
148;543;;771;27;this.string;
149;543;;766;27;this.string;
150;543;;761;27;this.string;
151;543;;756;27;this.string;
152;543;;751;27;this.string;
153;543;;726;27;this.string;
154;543;;721;27;this.string;
155;543;;641;27;this.string;
156;543;;636;27;this.string;
157;543;570;571;1;zzEndReadL;
158;543;570;574;1;zzEndReadL;
159;543;;571;1;zzEndReadL;
160;544;;571;3;zzBufferL;
161;545;;597;5;zzCMapL;
162;547;;597;7;zzTransL;
163;548;;597;9;zzRowMapL;
164;549;;561;11;zzAttrL;
165;549;;601;11;zzAttrL;
166;552;;581;13;zzMarkedPosL;
167;552;;612;13;zzMarkedPosL;
168;554;619;619;15;zzAction;
169;554;619;619;15;zzAction;
170;554;619;806;15;zzAction;
171;554;619;621;15;zzAction;
172;554;619;626;15;zzAction;
173;554;619;631;15;zzAction;
174;554;619;636;15;zzAction;
175;554;619;641;15;zzAction;
176;554;619;646;15;zzAction;
177;554;619;651;15;zzAction;
178;554;619;656;15;zzAction;
179;554;619;661;15;zzAction;
180;554;619;666;15;zzAction;
181;554;619;671;15;zzAction;
182;554;619;676;15;zzAction;
183;554;619;681;15;zzAction;
184;554;619;686;15;zzAction;
185;554;619;691;15;zzAction;
186;554;619;696;15;zzAction;
187;554;619;701;15;zzAction;
188;554;619;706;15;zzAction;
189;554;619;711;15;zzAction;
190;554;619;719;15;zzAction;
191;554;619;721;15;zzAction;
192;554;619;726;15;zzAction;
193;554;619;731;15;zzAction;
194;554;619;736;15;zzAction;
195;554;619;741;15;zzAction;
196;554;619;746;15;zzAction;
197;554;619;751;15;zzAction;
198;554;619;756;15;zzAction;
199;554;619;761;15;zzAction;
200;554;619;766;15;zzAction;
201;554;619;771;15;zzAction;
202;554;619;776;15;zzAction;
203;554;619;781;15;zzAction;
204;554;619;786;15;zzAction;
205;554;619;791;15;zzAction;
206;554;619;796;15;zzAction;
207;554;619;801;15;zzAction;
208;554;619;624;15;zzAction;
209;554;619;629;15;zzAction;
210;554;619;634;15;zzAction;
211;554;619;639;15;zzAction;
212;554;619;644;15;zzAction;
213;554;619;649;15;zzAction;
214;554;619;654;15;zzAction;
215;554;619;659;15;zzAction;
216;554;619;664;15;zzAction;
217;554;619;669;15;zzAction;
218;554;619;674;15;zzAction;
219;554;619;679;15;zzAction;
220;554;619;684;15;zzAction;
221;554;619;689;15;zzAction;
222;554;619;694;15;zzAction;
223;554;619;699;15;zzAction;
224;554;619;704;15;zzAction;
225;554;619;709;15;zzAction;
226;554;619;714;15;zzAction;
227;554;619;724;15;zzAction;
228;554;619;729;15;zzAction;
229;554;619;734;15;zzAction;
230;554;619;739;15;zzAction;
231;554;619;744;15;zzAction;
232;554;619;749;15;zzAction;
233;554;619;754;15;zzAction;
234;554;619;759;15;zzAction;
235;554;619;764;15;zzAction;
236;554;619;769;15;zzAction;
237;554;619;774;15;zzAction;
238;554;619;779;15;zzAction;
239;554;619;784;15;zzAction;
240;554;619;789;15;zzAction;
241;554;619;794;15;zzAction;
242;554;619;799;15;zzAction;
243;554;619;804;15;zzAction;
244;556;614;615;16;this.zzStartRead;
245;556;614;619;16;this.zzStartRead;
246;556;614;615;17;this.zzCurrentPos;
247;556;614;619;17;this.zzCurrentPos;
248;556;570;571;18;zzCurrentPosL;
249;556;570;574;18;zzCurrentPosL;
250;556;;580;18;zzCurrentPosL;
251;556;;571;18;zzCurrentPosL;
252;556;;572;18;zzCurrentPosL;
253;558;;597;19;this.zzState;
254;558;;563;19;this.zzState;
255;561;562;563;22;zzAttributes;
256;561;562;570;22;zzAttributes;
257;563;619;619;15;zzAction;
258;563;619;619;15;zzAction;
259;563;619;806;15;zzAction;
260;563;619;621;15;zzAction;
261;563;619;626;15;zzAction;
262;563;619;631;15;zzAction;
263;563;619;636;15;zzAction;
264;563;619;641;15;zzAction;
265;563;619;646;15;zzAction;
266;563;619;651;15;zzAction;
267;563;619;656;15;zzAction;
268;563;619;661;15;zzAction;
269;563;619;666;15;zzAction;
270;563;619;671;15;zzAction;
271;563;619;676;15;zzAction;
272;563;619;681;15;zzAction;
273;563;619;686;15;zzAction;
274;563;619;691;15;zzAction;
275;563;619;696;15;zzAction;
276;563;619;701;15;zzAction;
277;563;619;706;15;zzAction;
278;563;619;711;15;zzAction;
279;563;619;719;15;zzAction;
280;563;619;721;15;zzAction;
281;563;619;726;15;zzAction;
282;563;619;731;15;zzAction;
283;563;619;736;15;zzAction;
284;563;619;741;15;zzAction;
285;563;619;746;15;zzAction;
286;563;619;751;15;zzAction;
287;563;619;756;15;zzAction;
288;563;619;761;15;zzAction;
289;563;619;766;15;zzAction;
290;563;619;771;15;zzAction;
291;563;619;776;15;zzAction;
292;563;619;781;15;zzAction;
293;563;619;786;15;zzAction;
294;563;619;791;15;zzAction;
295;563;619;796;15;zzAction;
296;563;619;801;15;zzAction;
297;563;619;624;15;zzAction;
298;563;619;629;15;zzAction;
299;563;619;634;15;zzAction;
300;563;619;639;15;zzAction;
301;563;619;644;15;zzAction;
302;563;619;649;15;zzAction;
303;563;619;654;15;zzAction;
304;563;619;659;15;zzAction;
305;563;619;664;15;zzAction;
306;563;619;669;15;zzAction;
307;563;619;674;15;zzAction;
308;563;619;679;15;zzAction;
309;563;619;684;15;zzAction;
310;563;619;689;15;zzAction;
311;563;619;694;15;zzAction;
312;563;619;699;15;zzAction;
313;563;619;704;15;zzAction;
314;563;619;709;15;zzAction;
315;563;619;714;15;zzAction;
316;563;619;724;15;zzAction;
317;563;619;729;15;zzAction;
318;563;619;734;15;zzAction;
319;563;619;739;15;zzAction;
320;563;619;744;15;zzAction;
321;563;619;749;15;zzAction;
322;563;619;754;15;zzAction;
323;563;619;759;15;zzAction;
324;563;619;764;15;zzAction;
325;563;619;769;15;zzAction;
326;563;619;774;15;zzAction;
327;563;619;779;15;zzAction;
328;563;619;784;15;zzAction;
329;563;619;789;15;zzAction;
330;563;619;794;15;zzAction;
331;563;619;799;15;zzAction;
332;563;619;804;15;zzAction;
333;571;;597;23;zzInput;
334;571;614;614;23;zzInput;
335;571;614;619;23;zzInput;
336;572;570;571;18;zzCurrentPosL;
337;572;570;574;18;zzCurrentPosL;
338;572;;580;18;zzCurrentPosL;
339;572;;571;18;zzCurrentPosL;
340;572;;572;18;zzCurrentPosL;
341;572;;604;18;zzCurrentPosL;
342;575;614;614;23;zzInput;
343;575;614;619;23;zzInput;
344;580;614;615;17;this.zzCurrentPos;
345;580;614;619;17;this.zzCurrentPos;
346;582;588;589;25;eof;
347;582;588;593;25;eof;
348;584;;593;18;zzCurrentPosL;
349;584;;594;18;zzCurrentPosL;
350;585;;581;13;zzMarkedPosL;
351;585;;612;13;zzMarkedPosL;
352;586;;593;3;zzBufferL;
353;586;;571;3;zzBufferL;
354;587;;593;1;zzEndReadL;
355;587;570;571;1;zzEndReadL;
356;587;570;574;1;zzEndReadL;
357;587;;571;1;zzEndReadL;
358;589;614;614;23;zzInput;
359;589;614;619;23;zzInput;
360;593;;597;23;zzInput;
361;593;614;614;23;zzInput;
362;593;614;619;23;zzInput;
363;594;570;571;18;zzCurrentPosL;
364;594;570;574;18;zzCurrentPosL;
365;594;;580;18;zzCurrentPosL;
366;594;;571;18;zzCurrentPosL;
367;594;;572;18;zzCurrentPosL;
368;594;;604;18;zzCurrentPosL;
369;597;598;598;25;zzNext;
370;597;598;599;25;zzNext;
371;597;;599;25;zzNext;
372;599;;597;19;this.zzState;
373;599;;603;19;this.zzState;
374;601;602;603;22;zzAttributes;
375;601;602;608;22;zzAttributes;
376;601;605;605;22;zzAttributes;
377;601;605;608;22;zzAttributes;
378;603;619;619;15;zzAction;
379;603;619;619;15;zzAction;
380;603;619;806;15;zzAction;
381;603;619;621;15;zzAction;
382;603;619;626;15;zzAction;
383;603;619;631;15;zzAction;
384;603;619;636;15;zzAction;
385;603;619;641;15;zzAction;
386;603;619;646;15;zzAction;
387;603;619;651;15;zzAction;
388;603;619;656;15;zzAction;
389;603;619;661;15;zzAction;
390;603;619;666;15;zzAction;
391;603;619;671;15;zzAction;
392;603;619;676;15;zzAction;
393;603;619;681;15;zzAction;
394;603;619;686;15;zzAction;
395;603;619;691;15;zzAction;
396;603;619;696;15;zzAction;
397;603;619;701;15;zzAction;
398;603;619;706;15;zzAction;
399;603;619;711;15;zzAction;
400;603;619;719;15;zzAction;
401;603;619;721;15;zzAction;
402;603;619;726;15;zzAction;
403;603;619;731;15;zzAction;
404;603;619;736;15;zzAction;
405;603;619;741;15;zzAction;
406;603;619;746;15;zzAction;
407;603;619;751;15;zzAction;
408;603;619;756;15;zzAction;
409;603;619;761;15;zzAction;
410;603;619;766;15;zzAction;
411;603;619;771;15;zzAction;
412;603;619;776;15;zzAction;
413;603;619;781;15;zzAction;
414;603;619;786;15;zzAction;
415;603;619;791;15;zzAction;
416;603;619;796;15;zzAction;
417;603;619;801;15;zzAction;
418;603;619;624;15;zzAction;
419;603;619;629;15;zzAction;
420;603;619;634;15;zzAction;
421;603;619;639;15;zzAction;
422;603;619;644;15;zzAction;
423;603;619;649;15;zzAction;
424;603;619;654;15;zzAction;
425;603;619;659;15;zzAction;
426;603;619;664;15;zzAction;
427;603;619;669;15;zzAction;
428;603;619;674;15;zzAction;
429;603;619;679;15;zzAction;
430;603;619;684;15;zzAction;
431;603;619;689;15;zzAction;
432;603;619;694;15;zzAction;
433;603;619;699;15;zzAction;
434;603;619;704;15;zzAction;
435;603;619;709;15;zzAction;
436;603;619;714;15;zzAction;
437;603;619;724;15;zzAction;
438;603;619;729;15;zzAction;
439;603;619;734;15;zzAction;
440;603;619;739;15;zzAction;
441;603;619;744;15;zzAction;
442;603;619;749;15;zzAction;
443;603;619;754;15;zzAction;
444;603;619;759;15;zzAction;
445;603;619;764;15;zzAction;
446;603;619;769;15;zzAction;
447;603;619;774;15;zzAction;
448;603;619;779;15;zzAction;
449;603;619;784;15;zzAction;
450;603;619;789;15;zzAction;
451;603;619;794;15;zzAction;
452;603;619;799;15;zzAction;
453;603;619;804;15;zzAction;
454;604;;581;13;zzMarkedPosL;
455;604;;612;13;zzMarkedPosL;
456;612;;552;14;this.zzMarkedPos;

Block Duas for method; next_token;
Number;Def Block; Origin Block; Use Block; Var Id; Var Name;
1;0;;1;0;this;
;543;;552;0;this;
;543;;556;0;this;
;543;;556;0;this;
;543;;558;0;this;
;543;;561;0;this;
2;0;3;95;0;this;
;543;574;575;0;this;
3;0;3;4;0;this;
;543;574;580;0;this;
4;0;;4;0;this;
;543;;580;0;this;
;543;;581;0;this;
;543;;582;0;this;
;543;;584;0;this;
;543;;585;0;this;
;543;;586;0;this;
;543;;587;0;this;
5;0;;6;0;this;
;543;;597;0;this;
6;0;;7;0;this;
;543;;599;0;this;
;543;;601;0;this;
7;0;;9;0;this;
;543;;603;0;this;
8;0;;11;0;this;
;543;;612;0;this;
9;0;;52;0;this;
;543;;801;0;this;
10;0;;53;0;this;
;543;;796;0;this;
11;0;;54;0;this;
;543;;791;0;this;
12;0;;55;0;this;
;543;;786;0;this;
13;0;;56;0;this;
;543;;781;0;this;
14;0;;57;0;this;
;543;;776;0;this;
15;0;;58;0;this;
;543;;771;0;this;
16;0;;59;0;this;
;543;;766;0;this;
17;0;;60;0;this;
;543;;761;0;this;
18;0;;61;0;this;
;543;;756;0;this;
19;0;;62;0;this;
;543;;751;0;this;
20;0;;63;0;this;
;543;;746;0;this;
21;0;;64;0;this;
;543;;741;0;this;
22;0;;65;0;this;
;543;;736;0;this;
23;0;;66;0;this;
;543;;731;0;this;
24;0;;67;0;this;
;543;;726;0;this;
;543;;726;0;this;
25;0;;68;0;this;
;543;;721;0;this;
26;0;;70;0;this;
;543;;711;0;this;
27;0;;71;0;this;
;543;;706;0;this;
28;0;;72;0;this;
;543;;701;0;this;
29;0;;73;0;this;
;543;;696;0;this;
30;0;;74;0;this;
;543;;691;0;this;
31;0;;75;0;this;
;543;;686;0;this;
32;0;;76;0;this;
;543;;681;0;this;
33;0;;77;0;this;
;543;;676;0;this;
34;0;;78;0;this;
;543;;671;0;this;
35;0;;79;0;this;
;543;;666;0;this;
36;0;;80;0;this;
;543;;661;0;this;
37;0;;81;0;this;
;543;;656;0;this;
38;0;;82;0;this;
;543;;651;0;this;
39;0;;83;0;this;
;543;;646;0;this;
40;0;;84;0;this;
;543;;641;0;this;
;543;;641;0;this;
41;0;;85;0;this;
;543;;636;0;this;
;543;;636;0;this;
42;0;;86;0;this;
;543;;631;0;this;
43;0;;87;0;this;
;543;;626;0;this;
44;0;;88;0;this;
;543;;621;0;this;
45;0;;89;0;this;
;543;;806;0;this;
46;0;91;92;0;this;
;543;614;615;0;this;
47;0;91;12;0;this;
;543;614;619;0;this;
48;0;;92;0;this;
;543;;615;0;this;
49;0;;97;0;this;
;543;;563;0;this;
50;0;;4;2;this.zzEndRead;
;543;;587;2;this.zzEndRead;
51;0;;4;4;this.zzBuffer;
;543;;586;4;this.zzBuffer;
52;0;;1;14;this.zzMarkedPos;
;543;;552;14;this.zzMarkedPos;
53;0;;1;20;ZZ_LEXSTATE;
;543;;558;20;ZZ_LEXSTATE;
54;0;;1;21;this.zzLexicalState;
;543;;558;21;this.zzLexicalState;
55;0;3;95;24;this.zzAtEOF;
;543;574;575;24;this.zzAtEOF;
56;0;3;4;24;this.zzAtEOF;
;543;574;580;24;this.zzAtEOF;
57;0;14;89;26;ZZ_ACTION;
;543;619;806;26;ZZ_ACTION;
58;0;14;88;26;ZZ_ACTION;
;543;619;621;26;ZZ_ACTION;
59;0;14;87;26;ZZ_ACTION;
;543;619;626;26;ZZ_ACTION;
60;0;14;86;26;ZZ_ACTION;
;543;619;631;26;ZZ_ACTION;
61;0;14;85;26;ZZ_ACTION;
;543;619;636;26;ZZ_ACTION;
62;0;14;84;26;ZZ_ACTION;
;543;619;641;26;ZZ_ACTION;
63;0;14;83;26;ZZ_ACTION;
;543;619;646;26;ZZ_ACTION;
64;0;14;82;26;ZZ_ACTION;
;543;619;651;26;ZZ_ACTION;
65;0;14;81;26;ZZ_ACTION;
;543;619;656;26;ZZ_ACTION;
66;0;14;80;26;ZZ_ACTION;
;543;619;661;26;ZZ_ACTION;
67;0;14;79;26;ZZ_ACTION;
;543;619;666;26;ZZ_ACTION;
68;0;14;78;26;ZZ_ACTION;
;543;619;671;26;ZZ_ACTION;
69;0;14;77;26;ZZ_ACTION;
;543;619;676;26;ZZ_ACTION;
70;0;14;76;26;ZZ_ACTION;
;543;619;681;26;ZZ_ACTION;
71;0;14;75;26;ZZ_ACTION;
;543;619;686;26;ZZ_ACTION;
72;0;14;74;26;ZZ_ACTION;
;543;619;691;26;ZZ_ACTION;
73;0;14;73;26;ZZ_ACTION;
;543;619;696;26;ZZ_ACTION;
74;0;14;72;26;ZZ_ACTION;
;543;619;701;26;ZZ_ACTION;
75;0;14;71;26;ZZ_ACTION;
;543;619;706;26;ZZ_ACTION;
76;0;14;70;26;ZZ_ACTION;
;543;619;711;26;ZZ_ACTION;
77;0;14;69;26;ZZ_ACTION;
;543;619;719;26;ZZ_ACTION;
78;0;14;68;26;ZZ_ACTION;
;543;619;721;26;ZZ_ACTION;
79;0;14;67;26;ZZ_ACTION;
;543;619;726;26;ZZ_ACTION;
80;0;14;66;26;ZZ_ACTION;
;543;619;731;26;ZZ_ACTION;
81;0;14;65;26;ZZ_ACTION;
;543;619;736;26;ZZ_ACTION;
82;0;14;64;26;ZZ_ACTION;
;543;619;741;26;ZZ_ACTION;
83;0;14;63;26;ZZ_ACTION;
;543;619;746;26;ZZ_ACTION;
84;0;14;62;26;ZZ_ACTION;
;543;619;751;26;ZZ_ACTION;
85;0;14;61;26;ZZ_ACTION;
;543;619;756;26;ZZ_ACTION;
86;0;14;60;26;ZZ_ACTION;
;543;619;761;26;ZZ_ACTION;
87;0;14;59;26;ZZ_ACTION;
;543;619;766;26;ZZ_ACTION;
88;0;14;58;26;ZZ_ACTION;
;543;619;771;26;ZZ_ACTION;
89;0;14;57;26;ZZ_ACTION;
;543;619;776;26;ZZ_ACTION;
90;0;14;56;26;ZZ_ACTION;
;543;619;781;26;ZZ_ACTION;
91;0;14;55;26;ZZ_ACTION;
;543;619;786;26;ZZ_ACTION;
92;0;14;54;26;ZZ_ACTION;
;543;619;791;26;ZZ_ACTION;
93;0;14;53;26;ZZ_ACTION;
;543;619;796;26;ZZ_ACTION;
94;0;14;52;26;ZZ_ACTION;
;543;619;801;26;ZZ_ACTION;
95;0;14;51;26;ZZ_ACTION;
;543;619;624;26;ZZ_ACTION;
96;0;14;50;26;ZZ_ACTION;
;543;619;629;26;ZZ_ACTION;
97;0;14;49;26;ZZ_ACTION;
;543;619;634;26;ZZ_ACTION;
98;0;14;48;26;ZZ_ACTION;
;543;619;639;26;ZZ_ACTION;
99;0;14;47;26;ZZ_ACTION;
;543;619;644;26;ZZ_ACTION;
100;0;14;46;26;ZZ_ACTION;
;543;619;649;26;ZZ_ACTION;
101;0;14;45;26;ZZ_ACTION;
;543;619;654;26;ZZ_ACTION;
102;0;14;44;26;ZZ_ACTION;
;543;619;659;26;ZZ_ACTION;
103;0;14;43;26;ZZ_ACTION;
;543;619;664;26;ZZ_ACTION;
104;0;14;42;26;ZZ_ACTION;
;543;619;669;26;ZZ_ACTION;
105;0;14;41;26;ZZ_ACTION;
;543;619;674;26;ZZ_ACTION;
106;0;14;40;26;ZZ_ACTION;
;543;619;679;26;ZZ_ACTION;
107;0;14;39;26;ZZ_ACTION;
;543;619;684;26;ZZ_ACTION;
108;0;14;38;26;ZZ_ACTION;
;543;619;689;26;ZZ_ACTION;
109;0;14;37;26;ZZ_ACTION;
;543;619;694;26;ZZ_ACTION;
110;0;14;36;26;ZZ_ACTION;
;543;619;699;26;ZZ_ACTION;
111;0;14;35;26;ZZ_ACTION;
;543;619;704;26;ZZ_ACTION;
112;0;14;34;26;ZZ_ACTION;
;543;619;709;26;ZZ_ACTION;
113;0;14;33;26;ZZ_ACTION;
;543;619;714;26;ZZ_ACTION;
114;0;14;32;26;ZZ_ACTION;
;543;619;724;26;ZZ_ACTION;
115;0;14;31;26;ZZ_ACTION;
;543;619;729;26;ZZ_ACTION;
116;0;14;30;26;ZZ_ACTION;
;543;619;734;26;ZZ_ACTION;
117;0;14;29;26;ZZ_ACTION;
;543;619;739;26;ZZ_ACTION;
118;0;14;28;26;ZZ_ACTION;
;543;619;744;26;ZZ_ACTION;
119;0;14;27;26;ZZ_ACTION;
;543;619;749;26;ZZ_ACTION;
120;0;14;26;26;ZZ_ACTION;
;543;619;754;26;ZZ_ACTION;
121;0;14;25;26;ZZ_ACTION;
;543;619;759;26;ZZ_ACTION;
122;0;14;24;26;ZZ_ACTION;
;543;619;764;26;ZZ_ACTION;
123;0;14;23;26;ZZ_ACTION;
;543;619;769;26;ZZ_ACTION;
124;0;14;22;26;ZZ_ACTION;
;543;619;774;26;ZZ_ACTION;
125;0;14;21;26;ZZ_ACTION;
;543;619;779;26;ZZ_ACTION;
126;0;14;20;26;ZZ_ACTION;
;543;619;784;26;ZZ_ACTION;
127;0;14;19;26;ZZ_ACTION;
;543;619;789;26;ZZ_ACTION;
128;0;14;18;26;ZZ_ACTION;
;543;619;794;26;ZZ_ACTION;
129;0;14;17;26;ZZ_ACTION;
;543;619;799;26;ZZ_ACTION;
130;0;14;15;26;ZZ_ACTION;
;543;619;804;26;ZZ_ACTION;
131;0;;55;27;this.string;
;543;;786;27;this.string;
132;0;;56;27;this.string;
;543;;781;27;this.string;
133;0;;57;27;this.string;
;543;;776;27;this.string;
134;0;;58;27;this.string;
;543;;771;27;this.string;
135;0;;59;27;this.string;
;543;;766;27;this.string;
136;0;;60;27;this.string;
;543;;761;27;this.string;
137;0;;61;27;this.string;
;543;;756;27;this.string;
138;0;;62;27;this.string;
;543;;751;27;this.string;
139;0;;67;27;this.string;
;543;;726;27;this.string;
140;0;;68;27;this.string;
;543;;721;27;this.string;
141;0;;84;27;this.string;
;543;;641;27;this.string;
142;0;;85;27;this.string;
;543;;636;27;this.string;
143;0;2;96;1;zzEndReadL;
;543;570;571;1;zzEndReadL;
144;0;2;3;1;zzEndReadL;
;543;570;574;1;zzEndReadL;
145;0;;96;1;zzEndReadL;
;543;;571;1;zzEndReadL;
146;0;;96;3;zzBufferL;
;544;;571;3;zzBufferL;
147;0;;6;5;zzCMapL;
;545;;597;5;zzCMapL;
148;0;;6;7;zzTransL;
;547;;597;7;zzTransL;
149;0;;6;9;zzRowMapL;
;548;;597;9;zzRowMapL;
150;0;;1;11;zzAttrL;
;549;;561;11;zzAttrL;
151;0;;7;11;zzAttrL;
;549;;601;11;zzAttrL;
152;1;;4;13;zzMarkedPosL;
;552;;581;13;zzMarkedPosL;
153;1;;11;13;zzMarkedPosL;
;552;;612;13;zzMarkedPosL;
154;1;12;90;15;zzAction;
;554;619;619;15;zzAction;
155;1;12;13;15;zzAction;
;554;619;619;15;zzAction;
156;1;14;89;15;zzAction;
;554;619;806;15;zzAction;
157;1;14;88;15;zzAction;
;554;619;621;15;zzAction;
158;1;14;87;15;zzAction;
;554;619;626;15;zzAction;
159;1;14;86;15;zzAction;
;554;619;631;15;zzAction;
160;1;14;85;15;zzAction;
;554;619;636;15;zzAction;
161;1;14;84;15;zzAction;
;554;619;641;15;zzAction;
162;1;14;83;15;zzAction;
;554;619;646;15;zzAction;
163;1;14;82;15;zzAction;
;554;619;651;15;zzAction;
164;1;14;81;15;zzAction;
;554;619;656;15;zzAction;
165;1;14;80;15;zzAction;
;554;619;661;15;zzAction;
166;1;14;79;15;zzAction;
;554;619;666;15;zzAction;
167;1;14;78;15;zzAction;
;554;619;671;15;zzAction;
168;1;14;77;15;zzAction;
;554;619;676;15;zzAction;
169;1;14;76;15;zzAction;
;554;619;681;15;zzAction;
170;1;14;75;15;zzAction;
;554;619;686;15;zzAction;
171;1;14;74;15;zzAction;
;554;619;691;15;zzAction;
172;1;14;73;15;zzAction;
;554;619;696;15;zzAction;
173;1;14;72;15;zzAction;
;554;619;701;15;zzAction;
174;1;14;71;15;zzAction;
;554;619;706;15;zzAction;
175;1;14;70;15;zzAction;
;554;619;711;15;zzAction;
176;1;14;69;15;zzAction;
;554;619;719;15;zzAction;
177;1;14;68;15;zzAction;
;554;619;721;15;zzAction;
178;1;14;67;15;zzAction;
;554;619;726;15;zzAction;
179;1;14;66;15;zzAction;
;554;619;731;15;zzAction;
180;1;14;65;15;zzAction;
;554;619;736;15;zzAction;
181;1;14;64;15;zzAction;
;554;619;741;15;zzAction;
182;1;14;63;15;zzAction;
;554;619;746;15;zzAction;
183;1;14;62;15;zzAction;
;554;619;751;15;zzAction;
184;1;14;61;15;zzAction;
;554;619;756;15;zzAction;
185;1;14;60;15;zzAction;
;554;619;761;15;zzAction;
186;1;14;59;15;zzAction;
;554;619;766;15;zzAction;
187;1;14;58;15;zzAction;
;554;619;771;15;zzAction;
188;1;14;57;15;zzAction;
;554;619;776;15;zzAction;
189;1;14;56;15;zzAction;
;554;619;781;15;zzAction;
190;1;14;55;15;zzAction;
;554;619;786;15;zzAction;
191;1;14;54;15;zzAction;
;554;619;791;15;zzAction;
192;1;14;53;15;zzAction;
;554;619;796;15;zzAction;
193;1;14;52;15;zzAction;
;554;619;801;15;zzAction;
194;1;14;51;15;zzAction;
;554;619;624;15;zzAction;
195;1;14;50;15;zzAction;
;554;619;629;15;zzAction;
196;1;14;49;15;zzAction;
;554;619;634;15;zzAction;
197;1;14;48;15;zzAction;
;554;619;639;15;zzAction;
198;1;14;47;15;zzAction;
;554;619;644;15;zzAction;
199;1;14;46;15;zzAction;
;554;619;649;15;zzAction;
200;1;14;45;15;zzAction;
;554;619;654;15;zzAction;
201;1;14;44;15;zzAction;
;554;619;659;15;zzAction;
202;1;14;43;15;zzAction;
;554;619;664;15;zzAction;
203;1;14;42;15;zzAction;
;554;619;669;15;zzAction;
204;1;14;41;15;zzAction;
;554;619;674;15;zzAction;
205;1;14;40;15;zzAction;
;554;619;679;15;zzAction;
206;1;14;39;15;zzAction;
;554;619;684;15;zzAction;
207;1;14;38;15;zzAction;
;554;619;689;15;zzAction;
208;1;14;37;15;zzAction;
;554;619;694;15;zzAction;
209;1;14;36;15;zzAction;
;554;619;699;15;zzAction;
210;1;14;35;15;zzAction;
;554;619;704;15;zzAction;
211;1;14;34;15;zzAction;
;554;619;709;15;zzAction;
212;1;14;33;15;zzAction;
;554;619;714;15;zzAction;
213;1;14;32;15;zzAction;
;554;619;724;15;zzAction;
214;1;14;31;15;zzAction;
;554;619;729;15;zzAction;
215;1;14;30;15;zzAction;
;554;619;734;15;zzAction;
216;1;14;29;15;zzAction;
;554;619;739;15;zzAction;
217;1;14;28;15;zzAction;
;554;619;744;15;zzAction;
218;1;14;27;15;zzAction;
;554;619;749;15;zzAction;
219;1;14;26;15;zzAction;
;554;619;754;15;zzAction;
220;1;14;25;15;zzAction;
;554;619;759;15;zzAction;
221;1;14;24;15;zzAction;
;554;619;764;15;zzAction;
222;1;14;23;15;zzAction;
;554;619;769;15;zzAction;
223;1;14;22;15;zzAction;
;554;619;774;15;zzAction;
224;1;14;21;15;zzAction;
;554;619;779;15;zzAction;
225;1;14;20;15;zzAction;
;554;619;784;15;zzAction;
226;1;14;19;15;zzAction;
;554;619;789;15;zzAction;
227;1;14;18;15;zzAction;
;554;619;794;15;zzAction;
228;1;14;17;15;zzAction;
;554;619;799;15;zzAction;
229;1;14;15;15;zzAction;
;554;619;804;15;zzAction;
230;1;91;92;16;this.zzStartRead;
;556;614;615;16;this.zzStartRead;
231;1;91;12;16;this.zzStartRead;
;556;614;619;16;this.zzStartRead;
232;1;91;92;17;this.zzCurrentPos;
;556;614;615;17;this.zzCurrentPos;
233;1;91;12;17;this.zzCurrentPos;
;556;614;619;17;this.zzCurrentPos;
234;1;2;96;18;zzCurrentPosL;
;556;570;571;18;zzCurrentPosL;
235;1;2;3;18;zzCurrentPosL;
;556;570;574;18;zzCurrentPosL;
236;1;;4;18;zzCurrentPosL;
;556;;580;18;zzCurrentPosL;
237;1;;96;18;zzCurrentPosL;
;556;;571;18;zzCurrentPosL;
;556;;572;18;zzCurrentPosL;
238;1;;6;19;this.zzState;
;558;;597;19;this.zzState;
239;1;;97;19;this.zzState;
;558;;563;19;this.zzState;
240;1;1;97;22;zzAttributes;
;561;562;563;22;zzAttributes;
241;1;1;2;22;zzAttributes;
;561;562;570;22;zzAttributes;
242;97;12;90;15;zzAction;
;563;619;619;15;zzAction;
243;97;12;13;15;zzAction;
;563;619;619;15;zzAction;
244;97;14;89;15;zzAction;
;563;619;806;15;zzAction;
245;97;14;88;15;zzAction;
;563;619;621;15;zzAction;
246;97;14;87;15;zzAction;
;563;619;626;15;zzAction;
247;97;14;86;15;zzAction;
;563;619;631;15;zzAction;
248;97;14;85;15;zzAction;
;563;619;636;15;zzAction;
249;97;14;84;15;zzAction;
;563;619;641;15;zzAction;
250;97;14;83;15;zzAction;
;563;619;646;15;zzAction;
251;97;14;82;15;zzAction;
;563;619;651;15;zzAction;
252;97;14;81;15;zzAction;
;563;619;656;15;zzAction;
253;97;14;80;15;zzAction;
;563;619;661;15;zzAction;
254;97;14;79;15;zzAction;
;563;619;666;15;zzAction;
255;97;14;78;15;zzAction;
;563;619;671;15;zzAction;
256;97;14;77;15;zzAction;
;563;619;676;15;zzAction;
257;97;14;76;15;zzAction;
;563;619;681;15;zzAction;
258;97;14;75;15;zzAction;
;563;619;686;15;zzAction;
259;97;14;74;15;zzAction;
;563;619;691;15;zzAction;
260;97;14;73;15;zzAction;
;563;619;696;15;zzAction;
261;97;14;72;15;zzAction;
;563;619;701;15;zzAction;
262;97;14;71;15;zzAction;
;563;619;706;15;zzAction;
263;97;14;70;15;zzAction;
;563;619;711;15;zzAction;
264;97;14;69;15;zzAction;
;563;619;719;15;zzAction;
265;97;14;68;15;zzAction;
;563;619;721;15;zzAction;
266;97;14;67;15;zzAction;
;563;619;726;15;zzAction;
267;97;14;66;15;zzAction;
;563;619;731;15;zzAction;
268;97;14;65;15;zzAction;
;563;619;736;15;zzAction;
269;97;14;64;15;zzAction;
;563;619;741;15;zzAction;
270;97;14;63;15;zzAction;
;563;619;746;15;zzAction;
271;97;14;62;15;zzAction;
;563;619;751;15;zzAction;
272;97;14;61;15;zzAction;
;563;619;756;15;zzAction;
273;97;14;60;15;zzAction;
;563;619;761;15;zzAction;
274;97;14;59;15;zzAction;
;563;619;766;15;zzAction;
275;97;14;58;15;zzAction;
;563;619;771;15;zzAction;
276;97;14;57;15;zzAction;
;563;619;776;15;zzAction;
277;97;14;56;15;zzAction;
;563;619;781;15;zzAction;
278;97;14;55;15;zzAction;
;563;619;786;15;zzAction;
279;97;14;54;15;zzAction;
;563;619;791;15;zzAction;
280;97;14;53;15;zzAction;
;563;619;796;15;zzAction;
281;97;14;52;15;zzAction;
;563;619;801;15;zzAction;
282;97;14;51;15;zzAction;
;563;619;624;15;zzAction;
283;97;14;50;15;zzAction;
;563;619;629;15;zzAction;
284;97;14;49;15;zzAction;
;563;619;634;15;zzAction;
285;97;14;48;15;zzAction;
;563;619;639;15;zzAction;
286;97;14;47;15;zzAction;
;563;619;644;15;zzAction;
287;97;14;46;15;zzAction;
;563;619;649;15;zzAction;
288;97;14;45;15;zzAction;
;563;619;654;15;zzAction;
289;97;14;44;15;zzAction;
;563;619;659;15;zzAction;
290;97;14;43;15;zzAction;
;563;619;664;15;zzAction;
291;97;14;42;15;zzAction;
;563;619;669;15;zzAction;
292;97;14;41;15;zzAction;
;563;619;674;15;zzAction;
293;97;14;40;15;zzAction;
;563;619;679;15;zzAction;
294;97;14;39;15;zzAction;
;563;619;684;15;zzAction;
295;97;14;38;15;zzAction;
;563;619;689;15;zzAction;
296;97;14;37;15;zzAction;
;563;619;694;15;zzAction;
297;97;14;36;15;zzAction;
;563;619;699;15;zzAction;
298;97;14;35;15;zzAction;
;563;619;704;15;zzAction;
299;97;14;34;15;zzAction;
;563;619;709;15;zzAction;
300;97;14;33;15;zzAction;
;563;619;714;15;zzAction;
301;97;14;32;15;zzAction;
;563;619;724;15;zzAction;
302;97;14;31;15;zzAction;
;563;619;729;15;zzAction;
303;97;14;30;15;zzAction;
;563;619;734;15;zzAction;
304;97;14;29;15;zzAction;
;563;619;739;15;zzAction;
305;97;14;28;15;zzAction;
;563;619;744;15;zzAction;
306;97;14;27;15;zzAction;
;563;619;749;15;zzAction;
307;97;14;26;15;zzAction;
;563;619;754;15;zzAction;
308;97;14;25;15;zzAction;
;563;619;759;15;zzAction;
309;97;14;24;15;zzAction;
;563;619;764;15;zzAction;
310;97;14;23;15;zzAction;
;563;619;769;15;zzAction;
311;97;14;22;15;zzAction;
;563;619;774;15;zzAction;
312;97;14;21;15;zzAction;
;563;619;779;15;zzAction;
313;97;14;20;15;zzAction;
;563;619;784;15;zzAction;
314;97;14;19;15;zzAction;
;563;619;789;15;zzAction;
315;97;14;18;15;zzAction;
;563;619;794;15;zzAction;
316;97;14;17;15;zzAction;
;563;619;799;15;zzAction;
317;97;14;15;15;zzAction;
;563;619;804;15;zzAction;
318;96;;6;23;zzInput;
;571;;597;23;zzInput;
319;96;11;91;23;zzInput;
;571;614;614;23;zzInput;
320;96;11;12;23;zzInput;
;571;614;619;23;zzInput;
321;96;2;96;18;zzCurrentPosL;
;572;570;571;18;zzCurrentPosL;
322;96;2;3;18;zzCurrentPosL;
;572;570;574;18;zzCurrentPosL;
323;96;;4;18;zzCurrentPosL;
;572;;580;18;zzCurrentPosL;
324;96;;96;18;zzCurrentPosL;
;572;;571;18;zzCurrentPosL;
;572;;572;18;zzCurrentPosL;
325;96;;9;18;zzCurrentPosL;
;572;;604;18;zzCurrentPosL;
326;95;11;91;23;zzInput;
;575;614;614;23;zzInput;
327;95;11;12;23;zzInput;
;575;614;619;23;zzInput;
328;4;91;92;17;this.zzCurrentPos;
;580;614;615;17;this.zzCurrentPos;
329;4;91;12;17;this.zzCurrentPos;
;580;614;619;17;this.zzCurrentPos;
330;4;4;94;25;eof;
;582;588;589;25;eof;
331;4;4;5;25;eof;
;582;588;593;25;eof;
332;4;;5;18;zzCurrentPosL;
;584;;593;18;zzCurrentPosL;
;584;;594;18;zzCurrentPosL;
333;4;;4;13;zzMarkedPosL;
;585;;581;13;zzMarkedPosL;
334;4;;11;13;zzMarkedPosL;
;585;;612;13;zzMarkedPosL;
335;4;;5;3;zzBufferL;
;586;;593;3;zzBufferL;
336;4;;96;3;zzBufferL;
;586;;571;3;zzBufferL;
337;4;;5;1;zzEndReadL;
;587;;593;1;zzEndReadL;
338;4;2;96;1;zzEndReadL;
;587;570;571;1;zzEndReadL;
339;4;2;3;1;zzEndReadL;
;587;570;574;1;zzEndReadL;
340;4;;96;1;zzEndReadL;
;587;;571;1;zzEndReadL;
341;94;11;91;23;zzInput;
;589;614;614;23;zzInput;
342;94;11;12;23;zzInput;
;589;614;619;23;zzInput;
343;5;;6;23;zzInput;
;593;;597;23;zzInput;
344;5;11;91;23;zzInput;
;593;614;614;23;zzInput;
345;5;11;12;23;zzInput;
;593;614;619;23;zzInput;
346;5;2;96;18;zzCurrentPosL;
;594;570;571;18;zzCurrentPosL;
347;5;2;3;18;zzCurrentPosL;
;594;570;574;18;zzCurrentPosL;
348;5;;4;18;zzCurrentPosL;
;594;;580;18;zzCurrentPosL;
349;5;;96;18;zzCurrentPosL;
;594;;571;18;zzCurrentPosL;
;594;;572;18;zzCurrentPosL;
350;5;;9;18;zzCurrentPosL;
;594;;604;18;zzCurrentPosL;
351;6;6;93;25;zzNext;
;597;598;598;25;zzNext;
352;6;6;7;25;zzNext;
;597;598;599;25;zzNext;
353;6;;7;25;zzNext;
;597;;599;25;zzNext;
354;7;;6;19;this.zzState;
;599;;597;19;this.zzState;
355;7;;9;19;this.zzState;
;599;;603;19;this.zzState;
356;7;7;9;22;zzAttributes;
;601;602;603;22;zzAttributes;
357;7;7;8;22;zzAttributes;
;601;602;608;22;zzAttributes;
358;7;9;10;22;zzAttributes;
;601;605;605;22;zzAttributes;
359;7;9;8;22;zzAttributes;
;601;605;608;22;zzAttributes;
360;9;12;90;15;zzAction;
;603;619;619;15;zzAction;
361;9;12;13;15;zzAction;
;603;619;619;15;zzAction;
362;9;14;89;15;zzAction;
;603;619;806;15;zzAction;
363;9;14;88;15;zzAction;
;603;619;621;15;zzAction;
364;9;14;87;15;zzAction;
;603;619;626;15;zzAction;
365;9;14;86;15;zzAction;
;603;619;631;15;zzAction;
366;9;14;85;15;zzAction;
;603;619;636;15;zzAction;
367;9;14;84;15;zzAction;
;603;619;641;15;zzAction;
368;9;14;83;15;zzAction;
;603;619;646;15;zzAction;
369;9;14;82;15;zzAction;
;603;619;651;15;zzAction;
370;9;14;81;15;zzAction;
;603;619;656;15;zzAction;
371;9;14;80;15;zzAction;
;603;619;661;15;zzAction;
372;9;14;79;15;zzAction;
;603;619;666;15;zzAction;
373;9;14;78;15;zzAction;
;603;619;671;15;zzAction;
374;9;14;77;15;zzAction;
;603;619;676;15;zzAction;
375;9;14;76;15;zzAction;
;603;619;681;15;zzAction;
376;9;14;75;15;zzAction;
;603;619;686;15;zzAction;
377;9;14;74;15;zzAction;
;603;619;691;15;zzAction;
378;9;14;73;15;zzAction;
;603;619;696;15;zzAction;
379;9;14;72;15;zzAction;
;603;619;701;15;zzAction;
380;9;14;71;15;zzAction;
;603;619;706;15;zzAction;
381;9;14;70;15;zzAction;
;603;619;711;15;zzAction;
382;9;14;69;15;zzAction;
;603;619;719;15;zzAction;
383;9;14;68;15;zzAction;
;603;619;721;15;zzAction;
384;9;14;67;15;zzAction;
;603;619;726;15;zzAction;
385;9;14;66;15;zzAction;
;603;619;731;15;zzAction;
386;9;14;65;15;zzAction;
;603;619;736;15;zzAction;
387;9;14;64;15;zzAction;
;603;619;741;15;zzAction;
388;9;14;63;15;zzAction;
;603;619;746;15;zzAction;
389;9;14;62;15;zzAction;
;603;619;751;15;zzAction;
390;9;14;61;15;zzAction;
;603;619;756;15;zzAction;
391;9;14;60;15;zzAction;
;603;619;761;15;zzAction;
392;9;14;59;15;zzAction;
;603;619;766;15;zzAction;
393;9;14;58;15;zzAction;
;603;619;771;15;zzAction;
394;9;14;57;15;zzAction;
;603;619;776;15;zzAction;
395;9;14;56;15;zzAction;
;603;619;781;15;zzAction;
396;9;14;55;15;zzAction;
;603;619;786;15;zzAction;
397;9;14;54;15;zzAction;
;603;619;791;15;zzAction;
398;9;14;53;15;zzAction;
;603;619;796;15;zzAction;
399;9;14;52;15;zzAction;
;603;619;801;15;zzAction;
400;9;14;51;15;zzAction;
;603;619;624;15;zzAction;
401;9;14;50;15;zzAction;
;603;619;629;15;zzAction;
402;9;14;49;15;zzAction;
;603;619;634;15;zzAction;
403;9;14;48;15;zzAction;
;603;619;639;15;zzAction;
404;9;14;47;15;zzAction;
;603;619;644;15;zzAction;
405;9;14;46;15;zzAction;
;603;619;649;15;zzAction;
406;9;14;45;15;zzAction;
;603;619;654;15;zzAction;
407;9;14;44;15;zzAction;
;603;619;659;15;zzAction;
408;9;14;43;15;zzAction;
;603;619;664;15;zzAction;
409;9;14;42;15;zzAction;
;603;619;669;15;zzAction;
410;9;14;41;15;zzAction;
;603;619;674;15;zzAction;
411;9;14;40;15;zzAction;
;603;619;679;15;zzAction;
412;9;14;39;15;zzAction;
;603;619;684;15;zzAction;
413;9;14;38;15;zzAction;
;603;619;689;15;zzAction;
414;9;14;37;15;zzAction;
;603;619;694;15;zzAction;
415;9;14;36;15;zzAction;
;603;619;699;15;zzAction;
416;9;14;35;15;zzAction;
;603;619;704;15;zzAction;
417;9;14;34;15;zzAction;
;603;619;709;15;zzAction;
418;9;14;33;15;zzAction;
;603;619;714;15;zzAction;
419;9;14;32;15;zzAction;
;603;619;724;15;zzAction;
420;9;14;31;15;zzAction;
;603;619;729;15;zzAction;
421;9;14;30;15;zzAction;
;603;619;734;15;zzAction;
422;9;14;29;15;zzAction;
;603;619;739;15;zzAction;
423;9;14;28;15;zzAction;
;603;619;744;15;zzAction;
424;9;14;27;15;zzAction;
;603;619;749;15;zzAction;
425;9;14;26;15;zzAction;
;603;619;754;15;zzAction;
426;9;14;25;15;zzAction;
;603;619;759;15;zzAction;
427;9;14;24;15;zzAction;
;603;619;764;15;zzAction;
428;9;14;23;15;zzAction;
;603;619;769;15;zzAction;
429;9;14;22;15;zzAction;
;603;619;774;15;zzAction;
430;9;14;21;15;zzAction;
;603;619;779;15;zzAction;
431;9;14;20;15;zzAction;
;603;619;784;15;zzAction;
432;9;14;19;15;zzAction;
;603;619;789;15;zzAction;
433;9;14;18;15;zzAction;
;603;619;794;15;zzAction;
434;9;14;17;15;zzAction;
;603;619;799;15;zzAction;
435;9;14;15;15;zzAction;
;603;619;804;15;zzAction;
436;9;;4;13;zzMarkedPosL;
;604;;581;13;zzMarkedPosL;
437;9;;11;13;zzMarkedPosL;
;604;;612;13;zzMarkedPosL;
438;11;;1;14;this.zzMarkedPos;
;612;;552;14;this.zzMarkedPos;
