Number of Variables;5;
Variables:;
0;;this;
1;;map;
2;;result;
3;;result.map;
4;;result.serializer;

Number of Block duas;11;
Line Duas for method; _findAndAddDynamic;
Number;Def Line; Origin Line; Use Line; Var Id; Var Name;
1;380;;383;0;this;
2;380;382;383;1;map;
3;380;382;385;1;map;
4;380;382;383;4;result;
5;380;382;385;4;result;
6;380;;385;4;result;
7;380;;383;4;result;
8;380;382;383;6;result.map;
9;380;382;385;6;result.map;
10;380;;383;6;result.map;
11;380;;385;8;result.serializer;

Block Duas for method; _findAndAddDynamic;
Number;Def Block; Origin Block; Use Block; Var Id; Var Name;
1;0;;2;0;this;
;380;;383;0;this;
2;0;0;2;1;map;
;380;382;383;1;map;
3;0;0;1;1;map;
;380;382;385;1;map;
4;0;0;2;2;result;
;380;382;383;4;result;
5;0;0;1;2;result;
;380;382;385;4;result;
6;0;;1;2;result;
;380;;385;4;result;
7;0;;2;2;result;
;380;;383;4;result;
8;0;0;2;3;result.map;
;380;382;383;6;result.map;
9;0;0;1;3;result.map;
;380;382;385;6;result.map;
10;0;;2;3;result.map;
;380;;383;6;result.map;
11;0;;1;4;result.serializer;
;380;;385;8;result.serializer;
