<?xml version="1.0" encoding="UTF-8" standalone="yes"?><report><class name="mdc/MDC"><method name="calcularMDC" desc="(II)I"><du var="valor1" def="6" use="11" target="11" covered="1"/><du var="valor1" def="6" use="11" target="33" covered="1"/><du var="valor1" def="6" use="12" target="14" covered="1"/><du var="valor1" def="6" use="12" target="30" covered="0"/><du var="valor1" def="6" use="30" covered="0"/><du var="valor1" def="6" use="14" target="15" covered="1"/><du var="valor1" def="6" use="14" target="18" covered="1"/><du var="valor1" def="6" use="19" covered="1"/><du var="valor1" def="6" use="15" covered="1"/><du var="valor2" def="6" use="11" target="12" covered="1"/><du var="valor2" def="6" use="11" target="33" covered="0"/><du var="valor2" def="6" use="12" target="14" covered="1"/><du var="valor2" def="6" use="12" target="30" covered="0"/><du var="valor2" def="6" use="14" target="15" covered="1"/><du var="valor2" def="6" use="14" target="18" covered="1"/><du var="valor2" def="6" use="18" covered="1"/><du var="valor2" def="6" use="16" covered="1"/><du var="ret" def="6" use="33" covered="1"/><du var="maiorValor" def="15" use="22" covered="1"/><du var="menorValor" def="16" use="22" covered="1"/><du var="menorValor" def="16" use="28" covered="1"/><du var="menorValor" def="16" use="24" covered="0"/><du var="maiorValor" def="18" use="22" covered="1"/><du var="menorValor" def="19" use="22" covered="1"/><du var="menorValor" def="19" use="28" covered="0"/><du var="menorValor" def="19" use="24" covered="1"/><du var="resto" def="22" use="23" target="24" covered="1"/><du var="resto" def="22" use="23" target="28" covered="1"/><du var="resto" def="22" use="25" covered="1"/><du var="menorValor" def="25" use="28" covered="1"/><du var="menorValor" def="25" use="24" covered="1"/><du var="resto" def="26" use="23" target="24" covered="1"/><du var="resto" def="26" use="23" target="28" covered="1"/><du var="resto" def="26" use="25" covered="1"/><du var="ret" def="28" use="33" covered="1"/><du var="ret" def="30" use="33" covered="0"/><counter type="DU" missed="7" covered="29"/><counter type="METHOD" missed="0" covered="1"/></method><counter type="DU" missed="7" covered="29"/><counter type="METHOD" missed="0" covered="1"/><counter type="CLASS" missed="0" covered="1"/></class><counter type="DU" missed="7" covered="29"/><counter type="METHOD" missed="0" covered="1"/><counter type="CLASS" missed="0" covered="1"/></report>