{
"Class" : "org.apache.commons.jxpath.ri.model.jdom.JDOMNodePointer", 
"Methods" : [{ "Name" : "getNamespaceURI" ,
"Duas" : "9" ,
"Subsumers" : 4,
"0" : [ 8, 6], "S0" : [0, 2, 3, 6, 8 ],
"1" : [ 7], "S1" : [0, 2, 3, 5, 7 ],
"2" : [ 4], "S2" : [0, 2, 4, 5 ],
"3" : [ 1], "S3" : [1 ]
},{ "Name" : "getNamespaceURI" ,
"Duas" : "20" ,
"Subsumers" : 5,
"0" : [ 16, 14], "S0" : [0, 5, 7, 8, 13, 14, 16 ],
"1" : [ 15], "S1" : [0, 5, 7, 8, 13, 15 ],
"2" : [ 19, 17], "S2" : [1, 2, 4, 6, 9, 10, 12, 17, 19 ],
"3" : [ 18], "S3" : [1, 2, 4, 6, 9, 10, 12, 18 ],
"4" : [ 11, 3], "S4" : [1, 3, 9, 11 ]
},{ "Name" : "compareChildNodePointers" ,
"Duas" : "63" ,
"Subsumers" : 20,
"0" : [ 8, 5, 3, 0], "S0" : [0, 3, 5, 8, 10, 22 ],
"1" : [ 55, 17], "S1" : [1, 2, 6, 7, 10, 17, 22, 48, 49, 51, 53, 55 ],
"2" : [ 57, 23], "S2" : [1, 2, 6, 7, 10, 18, 22, 23, 48, 49, 51, 53, 56, 57 ],
"3" : [ 62], "S3" : [1, 2, 6, 7, 10, 18, 22, 24, 48, 49, 51, 53, 54, 56, 58, 59, 61, 62 ],
"4" : [ 60], "S4" : [1, 2, 6, 7, 10, 18, 22, 24, 48, 49, 50, 51, 53, 54, 56, 58, 60 ],
"5" : [ 52], "S5" : [1, 2, 6, 7, 10, 22, 50, 52 ],
"6" : [ 40, 19], "S6" : [4, 10, 15, 19, 22, 25, 33, 34, 36, 38, 40 ],
"7" : [ 42, 27], "S7" : [4, 10, 15, 20, 22, 25, 27, 33, 34, 36, 38, 41, 42 ],
"8" : [ 47], "S8" : [4, 10, 15, 20, 22, 25, 28, 33, 34, 36, 38, 39, 41, 43, 44, 46, 47 ],
"9" : [ 45], "S9" : [4, 10, 15, 20, 22, 25, 28, 33, 34, 35, 36, 38, 39, 41, 43, 45 ],
"10" : [ 37], "S10" : [4, 10, 15, 22, 25, 35, 37 ],
"11" : [ 21, 9], "S11" : [9, 21 ],
"12" : [ 31], "S12" : [10, 11, 22, 31 ],
"13" : [ 32], "S13" : [10, 11, 22, 32 ],
"14" : [ 12], "S14" : [10, 12, 22 ],
"15" : [ 29], "S15" : [10, 13, 22, 29 ],
"16" : [ 30], "S16" : [10, 13, 22, 30 ],
"17" : [ 14], "S17" : [10, 14, 22 ],
"18" : [ 26], "S18" : [10, 15, 22, 26 ],
"19" : [ 16], "S19" : [10, 16, 22 ]
},{ "Name" : "isLeaf" ,
"Duas" : "16" ,
"Subsumers" : 5,
"0" : [ 14, 6], "S0" : [0, 6, 8, 14 ],
"1" : [ 15, 7], "S1" : [0, 7, 8, 15 ],
"2" : [ 12, 4], "S2" : [1, 2, 4, 9, 10, 12 ],
"3" : [ 13, 5], "S3" : [1, 2, 5, 9, 10, 13 ],
"4" : [ 11, 3], "S4" : [1, 3, 9, 11 ]
},{ "Name" : "getName" ,
"Duas" : "24" ,
"Subsumers" : 5,
"0" : [ 21, 19], "S0" : [0, 5, 6, 7, 12, 13, 16, 19, 21, 22 ],
"1" : [ 20], "S1" : [0, 5, 6, 7, 12, 13, 16, 18, 20, 22 ],
"2" : [ 17], "S2" : [0, 5, 6, 7, 12, 13, 17, 18, 22 ],
"3" : [ 23, 11, 9, 4, 2], "S3" : [1, 2, 4, 8, 9, 11, 14, 23 ],
"4" : [ 15, 10, 3], "S4" : [1, 3, 8, 10, 14, 15 ]
},{ "Name" : "getValue" ,
"Duas" : "40" ,
"Subsumers" : 8,
"0" : [ 29, 15, 14, 0], "S0" : [0, 14, 15, 29 ],
"1" : [ 34, 33, 30], "S1" : [1, 2, 13, 16, 17, 28, 30, 33, 34 ],
"2" : [ 32, 31], "S2" : [1, 2, 13, 16, 17, 28, 31, 32 ],
"3" : [ 27, 19, 12, 4], "S3" : [1, 3, 4, 12, 16, 18, 19, 27 ],
"4" : [ 26, 21, 11, 6], "S4" : [1, 3, 5, 6, 11, 16, 18, 20, 21, 26 ],
"5" : [ 39, 38, 35], "S5" : [1, 3, 5, 7, 8, 10, 16, 18, 20, 22, 23, 25, 35, 38, 39 ],
"6" : [ 37, 36], "S6" : [1, 3, 5, 7, 8, 10, 16, 18, 20, 22, 23, 25, 36, 37 ],
"7" : [ 24, 9], "S7" : [1, 3, 5, 7, 9, 16, 18, 20, 22, 24 ]
},{ "Name" : "setValue" ,
"Duas" : "45" ,
"Subsumers" : 12,
"0" : [ 32], "S0" : [0, 5, 25, 26, 29, 32 ],
"1" : [ 34], "S1" : [0, 5, 25, 26, 29, 31, 34 ],
"2" : [ 35, 33, 30, 6], "S2" : [0, 6, 25, 26, 30, 31, 33, 35 ],
"3" : [ 23, 9, 3], "S3" : [1, 2, 3, 8, 9, 23, 27, 28 ],
"4" : [ 24, 7, 4], "S4" : [1, 2, 4, 7, 24, 27, 28 ],
"5" : [ 14], "S5" : [1, 2, 8, 10, 11, 13, 14, 27, 28, 36 ],
"6" : [ 39, 22, 16], "S6" : [1, 2, 8, 10, 11, 15, 16, 22, 27, 28, 39 ],
"7" : [ 38, 21, 18], "S7" : [1, 2, 8, 10, 11, 15, 17, 18, 21, 27, 28, 38 ],
"8" : [ 44, 42, 37], "S8" : [1, 2, 8, 10, 11, 15, 17, 19, 20, 27, 28, 37, 40, 42, 44 ],
"9" : [ 43], "S9" : [1, 2, 8, 10, 11, 15, 17, 19, 20, 27, 28, 40, 43 ],
"10" : [ 41], "S10" : [1, 2, 8, 10, 11, 15, 17, 19, 20, 27, 28, 41 ],
"11" : [ 12], "S11" : [1, 2, 8, 10, 12, 13, 27, 28, 36 ]
},{ "Name" : "addContent" ,
"Duas" : "37" ,
"Subsumers" : 8,
"0" : [ 30, 15, 7, 0], "S0" : [0, 6, 7, 15, 18, 19, 20, 22, 23, 25, 27, 30, 34 ],
"1" : [ 29, 14, 9, 2], "S1" : [1, 2, 6, 8, 9, 14, 18, 19, 20, 22, 23, 25, 27, 29, 34 ],
"2" : [ 28, 13, 11, 4], "S2" : [1, 3, 4, 6, 8, 10, 11, 13, 18, 19, 20, 22, 23, 25, 27, 28, 34 ],
"3" : [ 12, 5], "S3" : [1, 3, 5, 6, 8, 10, 12, 18, 19, 20, 22, 23, 25, 27, 34 ],
"4" : [ 31, 26, 16], "S4" : [6, 16, 18, 19, 20, 22, 23, 25, 26, 31, 34 ],
"5" : [ 32, 24, 17], "S5" : [6, 17, 18, 19, 20, 22, 23, 24, 32, 34 ],
"6" : [ 36, 35, 33], "S6" : [6, 18, 19, 20, 22, 23, 33, 34, 35, 36 ],
"7" : [ 21], "S7" : [19, 21 ]
},{ "Name" : "testNode" ,
"Duas" : "39" ,
"Subsumers" : 18,
"0" : [ 23, 2, 0], "S0" : [0, 2, 16, 18, 20, 21, 23 ],
"1" : [ 1], "S1" : [1, 16, 18, 20, 21 ],
"2" : [ 28, 3], "S2" : [3, 16, 18, 19, 28 ],
"3" : [ 27, 4], "S3" : [4, 16, 18, 19, 27 ],
"4" : [ 7], "S4" : [5, 7, 16, 18, 19, 26 ],
"5" : [ 8], "S5" : [5, 8, 16, 18, 19, 26 ],
"6" : [ 6], "S6" : [6, 16, 18, 19, 26 ],
"7" : [ 25, 9], "S7" : [9, 16, 18, 19, 25 ],
"8" : [ 10], "S8" : [10, 16, 17 ],
"9" : [ 30, 13], "S9" : [11, 12, 13, 16, 17, 29, 30, 32, 35 ],
"10" : [ 36], "S10" : [11, 12, 16, 17, 29, 32, 36 ],
"11" : [ 31, 14], "S11" : [11, 14, 16, 17, 29, 31, 35 ],
"12" : [ 37], "S12" : [11, 16, 17, 29, 33, 37 ],
"13" : [ 38], "S13" : [11, 16, 17, 29, 33, 38 ],
"14" : [ 34], "S14" : [11, 16, 17, 29, 34 ],
"15" : [ 15], "S15" : [15 ],
"16" : [ 24], "S16" : [16, 18, 19, 24 ],
"17" : [ 22], "S17" : [16, 18, 20, 22 ]
},{ "Name" : "equalStrings" ,
"Duas" : "14" ,
"Subsumers" : 9,
"0" : [ 12], "S0" : [0, 12 ],
"1" : [ 13], "S1" : [0, 13 ],
"2" : [ 1], "S2" : [1 ],
"3" : [ 10], "S3" : [2, 10 ],
"4" : [ 11], "S4" : [2, 11 ],
"5" : [ 3], "S5" : [3 ],
"6" : [ 8, 6], "S6" : [4, 6, 8 ],
"7" : [ 9, 7], "S7" : [4, 7, 9 ],
"8" : [ 5], "S8" : [5 ]
},{ "Name" : "getPrefix" ,
"Duas" : "16" ,
"Subsumers" : 7,
"0" : [ 9], "S0" : [0, 5, 6, 8, 9 ],
"1" : [ 10], "S1" : [0, 5, 6, 8, 10 ],
"2" : [ 7], "S2" : [0, 5, 7, 8 ],
"3" : [ 14], "S3" : [1, 2, 4, 11, 13, 14 ],
"4" : [ 15], "S4" : [1, 2, 4, 11, 13, 15 ],
"5" : [ 12], "S5" : [1, 2, 4, 12, 13 ],
"6" : [ 3], "S6" : [1, 3 ]
},{ "Name" : "getLocalName" ,
"Duas" : "6" ,
"Subsumers" : 3,
"0" : [ 5, 0], "S0" : [0, 5 ],
"1" : [ 4, 2], "S1" : [1, 2, 4 ],
"2" : [ 3], "S2" : [1, 3 ]
},{ "Name" : "isLanguage" ,
"Duas" : "6" ,
"Subsumers" : 2,
"0" : [ 3, 2, 0], "S0" : [0, 2, 3 ],
"1" : [ 5, 4, 1], "S1" : [1, 4, 5 ]
},{ "Name" : "getLanguage" ,
"Duas" : "19" ,
"Subsumers" : 9,
"0" : [ 5], "S0" : [0, 2, 5, 6 ],
"1" : [ 9], "S1" : [0, 1, 2, 6, 9 ],
"2" : [ 11], "S2" : [0, 1, 2, 6, 8, 11 ],
"3" : [ 18, 15], "S3" : [0, 1, 2, 6, 13, 15, 18 ],
"4" : [ 16], "S4" : [0, 2, 6, 13, 16, 17 ],
"5" : [ 14], "S5" : [0, 2, 6, 14 ],
"6" : [ 7, 4], "S6" : [1, 2, 4, 7 ],
"7" : [ 12, 10], "S7" : [1, 2, 8, 10, 12 ],
"8" : [ 3], "S8" : [3 ]
},{ "Name" : "nodeParent" ,
"Duas" : "18" ,
"Subsumers" : 7,
"0" : [ 17, 15], "S0" : [0, 14, 15, 17 ],
"1" : [ 16], "S1" : [0, 14, 16 ],
"2" : [ 13, 2], "S2" : [1, 2, 13 ],
"3" : [ 12, 4], "S3" : [1, 3, 4, 12 ],
"4" : [ 11, 6], "S4" : [1, 3, 5, 6, 11 ],
"5" : [ 10, 8], "S5" : [1, 3, 5, 7, 8, 10 ],
"6" : [ 9], "S6" : [1, 3, 5, 7, 9 ]
},{ "Name" : "createChild" ,
"Duas" : "29" ,
"Subsumers" : 8,
"0" : [ 14], "S0" : [0, 1, 2, 3, 4, 5, 6, 7, 8, 10, 11, 12, 14, 15, 20, 24, 27 ],
"1" : [ 19], "S1" : [0, 1, 2, 3, 4, 5, 6, 7, 8, 9, 15, 16, 17, 19, 20, 24, 27 ],
"2" : [ 21], "S2" : [0, 1, 3, 5, 6, 15, 21 ],
"3" : [ 25], "S3" : [0, 1, 2, 3, 4, 5, 6, 7, 8, 15, 20, 25 ],
"4" : [ 13], "S4" : [0, 2, 3, 4, 5, 7, 8, 10, 11, 13, 15, 20, 24, 26, 28 ],
"5" : [ 18], "S5" : [0, 2, 3, 4, 5, 7, 8, 9, 15, 16, 18, 20, 24, 26, 28 ],
"6" : [ 22], "S6" : [0, 2, 3, 4, 5, 7, 8, 15, 20, 22 ],
"7" : [ 23], "S7" : [0, 2, 3, 4, 5, 7, 8, 15, 20, 23 ]
},{ "Name" : "createAttribute" ,
"Duas" : "33" ,
"Subsumers" : 6,
"0" : [ 13, 12, 5, 4, 0], "S0" : [0, 4, 5, 12, 13 ],
"1" : [ 31, 17, 9], "S1" : [1, 2, 3, 6, 7, 8, 9, 14, 15, 16, 17, 22, 31 ],
"2" : [ 32], "S2" : [1, 2, 3, 6, 7, 8, 14, 15, 16, 22, 32 ],
"3" : [ 29, 28, 20, 11], "S3" : [1, 2, 3, 6, 8, 10, 11, 14, 15, 18, 19, 20, 21, 23, 26, 27, 28, 29 ],
"4" : [ 30], "S4" : [1, 2, 3, 6, 8, 10, 14, 15, 18, 19, 21, 23, 26, 27, 30 ],
"5" : [ 25, 24], "S5" : [1, 2, 6, 14, 15, 18, 21, 23, 24, 25 ]
},{ "Name" : "remove" ,
"Duas" : "5" ,
"Subsumers" : 2,
"0" : [ 4, 3, 1, 0], "S0" : [0, 1, 3, 4 ],
"1" : [ 2], "S1" : [2 ]
},{ "Name" : "asPath" ,
"Duas" : "77" ,
"Subsumers" : 14,
"0" : [ 29, 27, 26, 0], "S0" : [0, 26, 27, 29 ],
"1" : [ 68, 34, 30, 25, 2], "S1" : [1, 2, 25, 28, 30, 34, 47, 68 ],
"2" : [ 31, 3], "S2" : [1, 3, 28, 31, 47 ],
"3" : [ 73, 69, 63, 64, 65, 24, 19], "S3" : [1, 4, 15, 17, 18, 19, 24, 28, 32, 35, 44, 47, 63, 64, 65, 69, 73 ],
"4" : [ 75, 53, 54, 55, 56, 22], "S4" : [1, 4, 15, 17, 18, 20, 21, 22, 28, 32, 35, 44, 47, 53, 54, 55, 56, 70, 71, 75 ],
"5" : [ 76, 74, 72, 57, 58, 59, 60, 61, 62, 23], "S5" : [1, 4, 15, 17, 18, 20, 21, 23, 28, 32, 35, 44, 47, 57, 58, 59, 60, 61, 62, 70, 71, 72, 74, 76 ],
"6" : [ 66], "S6" : [1, 4, 15, 17, 18, 28, 32, 35, 44, 47, 50, 52, 66 ],
"7" : [ 67], "S7" : [1, 4, 15, 17, 18, 28, 32, 35, 44, 47, 50, 67 ],
"8" : [ 51], "S8" : [1, 4, 15, 17, 18, 28, 32, 35, 44, 47, 51, 52 ],
"9" : [ 33, 16], "S9" : [1, 4, 16, 28, 33, 35, 47 ],
"10" : [ 39, 9], "S10" : [1, 5, 6, 8, 9, 28, 36, 37, 39, 45, 46, 47 ],
"11" : [ 48, 49, 43, 41, 13, 14, 11], "S11" : [1, 5, 6, 10, 11, 13, 14, 28, 36, 37, 40, 41, 43, 47, 48, 49 ],
"12" : [ 42, 12], "S12" : [1, 5, 6, 10, 12, 28, 36, 37, 40, 42, 47 ],
"13" : [ 38, 7], "S13" : [1, 5, 7, 8, 28, 36, 38, 45, 46, 47 ]
},{ "Name" : "escape" ,
"Duas" : "22" ,
"Subsumers" : 6,
"0" : [ 1], "S0" : [0, 1, 5, 15 ],
"1" : [ 2], "S1" : [0, 2, 5, 14, 16, 17, 20 ],
"2" : [ 8], "S2" : [3, 4, 6, 7, 8, 12, 15 ],
"3" : [ 9], "S3" : [3, 4, 6, 7, 9, 12, 14, 16, 17, 20 ],
"4" : [ 13, 11, 10], "S4" : [3, 4, 6, 7, 10, 11, 12, 13 ],
"5" : [ 21, 19, 18], "S5" : [14, 16, 17, 18, 19, 20, 21 ]
},{ "Name" : "getRelativePositionByName" ,
"Duas" : "38" ,
"Subsumers" : 9,
"0" : [ 28, 10, 4], "S0" : [0, 2, 3, 4, 6, 8, 9, 10, 13, 14, 15, 17, 22, 24, 28 ],
"1" : [ 33], "S1" : [0, 2, 3, 5, 6, 8, 9, 11, 13, 14, 15, 17, 19, 20, 22, 24, 25, 26, 29, 30, 32, 33, 34, 36 ],
"2" : [ 37], "S2" : [0, 2, 3, 5, 6, 8, 9, 11, 13, 14, 15, 17, 22, 24, 25, 29, 34, 36, 37 ],
"3" : [ 35], "S3" : [0, 2, 3, 5, 6, 8, 9, 11, 13, 14, 15, 16, 17, 22, 24, 25, 29, 35 ],
"4" : [ 31, 21], "S4" : [0, 2, 3, 6, 8, 9, 13, 14, 15, 17, 21, 22, 24, 26, 31 ],
"5" : [ 27], "S5" : [0, 2, 3, 6, 8, 9, 13, 14, 15, 17, 22, 24, 27 ],
"6" : [ 23], "S6" : [0, 2, 3, 6, 8, 9, 13, 14, 16, 18, 23 ],
"7" : [ 12], "S7" : [0, 2, 6, 8, 12 ],
"8" : [ 7, 1], "S8" : [1, 7 ]
},{ "Name" : "getRelativePositionOfElement" ,
"Duas" : "32" ,
"Subsumers" : 11,
"0" : [ 24, 2, 0], "S0" : [0, 2, 5, 18, 20, 24 ],
"1" : [ 27], "S1" : [1, 3, 5, 17, 18, 20, 21, 22, 25, 26, 27, 28, 30 ],
"2" : [ 31], "S2" : [1, 3, 5, 18, 20, 21, 25, 28, 30, 31 ],
"3" : [ 29], "S3" : [1, 3, 5, 18, 20, 21, 25, 29 ],
"4" : [ 4], "S4" : [4 ],
"5" : [ 12, 10], "S5" : [5, 6, 9, 10, 12, 18, 20 ],
"6" : [ 11], "S6" : [5, 6, 9, 11 ],
"7" : [ 15, 13], "S7" : [5, 7, 8, 13, 15, 18, 20 ],
"8" : [ 14], "S8" : [5, 7, 8, 14 ],
"9" : [ 19], "S9" : [5, 16, 19 ],
"10" : [ 23], "S10" : [5, 18, 20, 23 ]
},{ "Name" : "getRelativePositionOfTextNode" ,
"Duas" : "39" ,
"Subsumers" : 12,
"0" : [ 12], "S0" : [0, 5, 6, 11, 12 ],
"1" : [ 14, 13], "S1" : [0, 5, 6, 11, 13, 14 ],
"2" : [ 15], "S2" : [1, 2, 7, 8, 15 ],
"3" : [ 17, 16], "S3" : [1, 2, 7, 8, 16, 17 ],
"4" : [ 29, 9, 3], "S4" : [3, 9, 18, 20, 23, 25, 29 ],
"5" : [ 34], "S5" : [4, 10, 18, 20, 22, 23, 25, 26, 30, 33, 34, 35, 37 ],
"6" : [ 38], "S6" : [4, 10, 18, 20, 23, 25, 26, 30, 35, 37, 38 ],
"7" : [ 36], "S7" : [4, 10, 18, 19, 20, 23, 25, 26, 30, 36 ],
"8" : [ 28], "S8" : [18, 20, 22, 23, 25, 28, 33 ],
"9" : [ 31], "S9" : [18, 20, 22, 23, 25, 27, 31, 33 ],
"10" : [ 32], "S10" : [18, 20, 23, 25, 27, 32 ],
"11" : [ 24], "S11" : [19, 21, 24 ]
},{ "Name" : "getRelativePositionOfPI" ,
"Duas" : "32" ,
"Subsumers" : 10,
"0" : [ 22, 6, 0], "S0" : [0, 6, 9, 10, 11, 13, 16, 18, 22 ],
"1" : [ 27], "S1" : [1, 7, 9, 10, 11, 13, 15, 16, 18, 19, 20, 23, 26, 27, 28, 30 ],
"2" : [ 31], "S2" : [1, 7, 9, 10, 11, 13, 16, 18, 19, 23, 28, 30, 31 ],
"3" : [ 29], "S3" : [1, 7, 9, 10, 11, 12, 13, 16, 18, 19, 23, 29 ],
"4" : [ 24, 4], "S4" : [2, 4, 9, 10, 11, 13, 15, 16, 18, 20, 24, 26 ],
"5" : [ 25, 5], "S5" : [2, 5, 9, 10, 11, 13, 16, 18, 20, 25 ],
"6" : [ 3], "S6" : [3, 9, 10, 11, 13, 15, 16, 18, 20, 26 ],
"7" : [ 8], "S7" : [8 ],
"8" : [ 21], "S8" : [9, 10, 11, 13, 16, 18, 21 ],
"9" : [ 17], "S9" : [9, 10, 12, 14, 17 ]
},{ "Name" : "equals" ,
"Duas" : "15" ,
"Subsumers" : 4,
"0" : [ 4, 0], "S0" : [0, 4 ],
"1" : [ 13, 11, 9, 2], "S1" : [1, 2, 5, 7, 8, 9, 11, 13 ],
"2" : [ 14, 12, 10, 3], "S2" : [1, 3, 5, 7, 8, 10, 12, 14 ],
"3" : [ 6], "S3" : [1, 5, 6 ]
},{ "Name" : "getAbstractFactory" ,
"Duas" : "4" ,
"Subsumers" : 2,
"0" : [ 1, 0], "S0" : [0, 1 ],
"1" : [ 3, 2], "S1" : [2, 3 ]
}]
}