Number of Variables;6;
Variables:;
0;;this;
1;;value;
2;;this.node;
3;;string;
4;;element;
5;;string;

Number of Block duas;45;
Line Duas for method; setValue;
Number;Def Line; Origin Line; Use Line; Var Id; Var Name;
1;266;266;267;0;this;
2;266;266;276;0;this;
3;266;;276;0;this;
4;266;;285;0;this;
5;266;;281;0;this;
6;266;;272;0;this;
7;266;;269;0;this;
8;266;279;280;1;value;
9;266;279;283;1;value;
10;266;283;284;1;value;
11;266;283;287;1;value;
12;266;287;287;1;value;
13;266;287;288;1;value;
14;266;;288;1;value;
15;266;287;288;1;value;
16;266;287;291;1;value;
17;266;291;292;1;value;
18;266;291;297;1;value;
19;266;297;298;1;value;
20;266;297;302;1;value;
21;266;;302;1;value;
22;266;;298;1;value;
23;266;;292;1;value;
24;266;;284;1;value;
25;266;;280;1;value;
26;266;;267;1;value;
27;266;266;267;2;this.node;
28;266;266;276;2;this.node;
29;266;;276;2;this.node;
30;266;;272;2;this.node;
31;266;;269;2;this.node;
32;267;268;268;3;string;
33;267;268;272;3;string;
34;267;268;269;3;string;
35;267;268;272;3;string;
36;267;;269;3;string;
37;276;;289;3;element;
38;276;;304;3;element;
39;276;;299;3;element;
40;276;;295;3;element;
41;302;303;303;4;string;
42;302;303;308;4;string;
43;302;303;304;4;string;
44;302;303;308;4;string;
45;302;;304;4;string;

Block Duas for method; setValue;
Number;Def Block; Origin Block; Use Block; Var Id; Var Name;
1;0;0;16;0;this;
;266;266;267;0;this;
2;0;0;1;0;this;
;266;266;276;0;this;
3;0;;1;0;this;
;266;;276;0;this;
4;0;;14;0;this;
;266;;285;0;this;
5;0;;15;0;this;
;266;;281;0;this;
6;0;;17;0;this;
;266;;272;0;this;
7;0;;20;0;this;
;266;;269;0;this;
8;0;1;15;1;value;
;266;279;280;1;value;
9;0;1;2;1;value;
;266;279;283;1;value;
10;0;2;14;1;value;
;266;283;284;1;value;
11;0;2;3;1;value;
;266;283;287;1;value;
12;0;3;6;1;value;
;266;287;287;1;value;
13;0;3;4;1;value;
;266;287;288;1;value;
14;0;;4;1;value;
;266;;288;1;value;
15;0;6;4;1;value;
;266;287;288;1;value;
16;0;6;7;1;value;
;266;287;291;1;value;
17;0;7;13;1;value;
;266;291;292;1;value;
18;0;7;8;1;value;
;266;291;297;1;value;
19;0;8;12;1;value;
;266;297;298;1;value;
20;0;8;9;1;value;
;266;297;302;1;value;
21;0;;9;1;value;
;266;;302;1;value;
22;0;;12;1;value;
;266;;298;1;value;
23;0;;13;1;value;
;266;;292;1;value;
24;0;;14;1;value;
;266;;284;1;value;
25;0;;15;1;value;
;266;;280;1;value;
26;0;;16;1;value;
;266;;267;1;value;
27;0;0;16;2;this.node;
;266;266;267;2;this.node;
28;0;0;1;2;this.node;
;266;266;276;2;this.node;
29;0;;1;2;this.node;
;266;;276;2;this.node;
30;0;;17;2;this.node;
;266;;272;2;this.node;
31;0;;20;2;this.node;
;266;;269;2;this.node;
32;16;16;19;3;string;
;267;268;268;3;string;
33;16;16;17;3;string;
;267;268;272;3;string;
34;16;19;20;3;string;
;267;268;269;3;string;
35;16;19;17;3;string;
;267;268;272;3;string;
36;16;;20;3;string;
;267;;269;3;string;
37;1;;4;4;element;
;276;;289;3;element;
38;1;;11;4;element;
;276;;304;3;element;
39;1;;12;4;element;
;276;;299;3;element;
40;1;;13;4;element;
;276;;295;3;element;
41;9;9;10;5;string;
;302;303;303;4;string;
42;9;9;5;5;string;
;302;303;308;4;string;
43;9;10;11;5;string;
;302;303;304;4;string;
44;9;10;5;5;string;
;302;303;308;4;string;
45;9;;11;5;string;
;302;;304;4;string;
