<?xml version="1.0" encoding="UTF-8" standalone="yes"?>
<report>
  <class name="br/usp/each/sfl/Max">
    <method name="max" desc="([II)I">
      <du var="array" def="6" use="10" target="11" covered="1"/>
      <du var="array" def="6" use="10" target="12" covered="1"/>
      <du var="array" def="6" use="11" covered="1"/>
      <du var="length" def="6" use="8" target="10" covered="1"/>
      <du var="length" def="6" use="8" target="14" covered="1"/>
      <du var="out" def="6" use="14" covered="1"/>
      <du var="i" def="7" use="8" target="10" covered="1"/>
      <du var="i" def="7" use="8" target="14" covered="0"/>
      <du var="i" def="7" use="10" target="11" covered="0"/>
      <du var="i" def="7" use="10" target="12" covered="1"/>
      <du var="i" def="7" use="12" covered="1"/>
      <du var="i" def="7" use="11" covered="0"/>
      <du var="max" def="7" use="14" covered="0"/>
      <du var="max" def="7" use="15" covered="0"/>
      <du var="max" def="7" use="10" target="11" covered="1"/>
      <du var="max" def="7" use="10" target="12" covered="1"/>
      <du var="max" def="11" use="14" covered="1"/>
      <du var="max" def="11" use="15" covered="1"/>
      <du var="max" def="11" use="10" target="11" covered="1"/>
      <du var="max" def="11" use="10" target="12" covered="1"/>
      <du var="i" def="12" use="8" target="10" covered="1"/>
      <du var="i" def="12" use="8" target="14" covered="1"/>
      <du var="i" def="12" use="10" target="11" covered="1"/>
      <du var="i" def="12" use="10" target="12" covered="1"/>
      <du var="i" def="12" use="12" covered="1"/>
      <du var="i" def="12" use="11" covered="1"/>
      <counter type="DU" missed="5" covered="21"/>
      <counter type="METHOD" missed="0" covered="1"/>
    </method>
    <counter type="DU" missed="5" covered="21"/>
    <counter type="METHOD" missed="0" covered="1"/>
    <counter type="CLASS" missed="0" covered="1"/>
  </class>
  <counter type="DU" missed="5" covered="21"/>
  <counter type="METHOD" missed="0" covered="1"/>
  <counter type="CLASS" missed="0" covered="1"/>
</report>
