{
"Class" : "org.apache.commons.math3.distribution.GammaDistribution", 
"Methods" : [{ "Name" : "<init>" ,
"Duas" : "26" ,
"Subsumers" : 3,
"0" : [ 23, 20, 21, 19, 11, 12, 13, 14, 15, 16, 0, 1, 2, 3, 4, 5, 6, 7, 8], "S0" : [0, 1, 2, 3, 4, 5, 6, 7, 8, 10, 11, 12, 13, 14, 15, 16, 19, 20, 21, 23 ],
"1" : [ 24, 17, 9], "S1" : [9, 17, 24 ],
"2" : [ 25, 22, 18], "S2" : [10, 18, 22, 25 ]
},{ "Name" : "density" ,
"Duas" : "32" ,
"Subsumers" : 4,
"0" : [ 29, 17, 7], "S0" : [0, 1, 3, 4, 5, 6, 7, 11, 12, 13, 14, 15, 17, 19, 20, 21, 23, 25, 27, 28, 29 ],
"1" : [ 31, 30, 24, 22, 18, 9, 8], "S1" : [0, 1, 8, 9, 11, 12, 14, 15, 18, 22, 24, 25, 30, 31 ],
"2" : [ 26, 16, 2], "S2" : [0, 2, 3, 4, 5, 6, 11, 12, 13, 14, 16, 19, 20, 21, 23, 26, 27, 28 ],
"3" : [ 10], "S3" : [10 ]
},{ "Name" : "cumulativeProbability" ,
"Duas" : "8" ,
"Subsumers" : 2,
"0" : [ 7, 5, 4, 3, 2, 0], "S0" : [0, 2, 3, 4, 5, 7 ],
"1" : [ 6, 1], "S1" : [1, 6 ]
},{ "Name" : "sample" ,
"Duas" : "69" ,
"Subsumers" : 8,
"0" : [ 47, 44, 22, 11], "S0" : [0, 7, 8, 9, 10, 11, 17, 20, 21, 22, 27, 28, 34, 36, 37, 44, 47 ],
"1" : [ 48, 46, 45, 32, 23, 13, 12], "S1" : [0, 7, 8, 9, 10, 12, 13, 17, 20, 21, 23, 27, 28, 32, 34, 36, 37, 45, 46, 48 ],
"2" : [ 43, 41, 40, 33, 16], "S2" : [0, 7, 8, 14, 15, 16, 17, 20, 24, 27, 29, 33, 35, 38, 40, 41, 43 ],
"3" : [ 42, 39], "S3" : [0, 7, 8, 14, 15, 17, 20, 24, 27, 29, 35, 38, 39, 42 ],
"4" : [ 67, 63, 59, 57, 51, 49, 30, 5], "S4" : [1, 2, 3, 4, 5, 18, 19, 25, 26, 30, 49, 51, 53, 54, 56, 57, 59, 62, 63, 66, 67 ],
"5" : [ 65, 61, 60, 52, 31, 6], "S5" : [1, 2, 3, 4, 6, 18, 19, 25, 26, 31, 52, 53, 54, 56, 60, 61, 65 ],
"6" : [ 68, 64, 58, 50], "S6" : [1, 2, 3, 4, 18, 19, 25, 26, 50, 53, 54, 56, 58, 62, 64, 66, 68 ],
"7" : [ 55], "S7" : [1, 2, 3, 4, 18, 19, 25, 26, 53, 54, 55, 56 ]
}]
}