{
"Class" : "org.apache.commons.math3.distribution.GammaDistribution", 
"Methods" : [{ "Name" : "<init>" ,
"Duas" : 26,
"0" :  "(132,141, this)",
"1" :  "(132,142, this)",
"2" :  "(132,143, this)",
"3" :  "(132,144, this)",
"4" :  "(132,145, this)",
"5" :  "(132,146, this)",
"6" :  "(132,147, this)",
"7" :  "(132,150, this)",
"8" :  "(132,151, this)",
"9" :  "(132,(134,135), shape)",
"10" :  "(132,(134,137), shape)",
"11" :  "(132,141, shape)",
"12" :  "(132,144, shape)",
"13" :  "(132,146, shape)",
"14" :  "(132,147, shape)",
"15" :  "(132,150, shape)",
"16" :  "(132,151, shape)",
"17" :  "(132,135, shape)",
"18" :  "(132,(137,138), scale)",
"19" :  "(132,(137,141), scale)",
"20" :  "(132,142, scale)",
"21" :  "(132,147, scale)",
"22" :  "(132,138, scale)",
"23" :  "(132,143, inverseCumAccuracy)",
"24" :  "(132,135, SHAPE)",
"25" :  "(132,138, SCALE)"},{ "Name" : "density" ,
"Duas" : 32,
"0" :  "(238,241, this)",
"1" :  "(238,(242,242), this)",
"2" :  "(238,(242,246), this)",
"3" :  "(238,246, this)",
"4" :  "(238,247, this)",
"5" :  "(238,248, this)",
"6" :  "(238,250, this)",
"7" :  "(238,(242,246), this)",
"8" :  "(238,(242,255), this)",
"9" :  "(238,255, this)",
"10" :  "(238,(238,239), x)",
"11" :  "(238,(238,241), x)",
"12" :  "(238,241, x)",
"13" :  "(238,250, x)",
"14" :  "(238,241, this.scale)",
"15" :  "(238,(242,242), this.minY)",
"16" :  "(238,(242,246), this.minY)",
"17" :  "(238,(242,246), this.maxLogY)",
"18" :  "(238,(242,255), this.maxLogY)",
"19" :  "(238,246, this.shiftedShape)",
"20" :  "(238,248, this.shiftedShape)",
"21" :  "(238,247, this.shape)",
"22" :  "(238,255, this.shape)",
"23" :  "(238,250, this.densityPrefactor2)",
"24" :  "(238,255, this.densityPrefactor1)",
"25" :  "(241,(242,242), y)",
"26" :  "(241,(242,246), y)",
"27" :  "(241,246, y)",
"28" :  "(241,248, y)",
"29" :  "(241,(242,246), y)",
"30" :  "(241,(242,255), y)",
"31" :  "(241,255, y)"},{ "Name" : "cumulativeProbability" ,
"Duas" : 8,
"0" :  "(276,279, this)",
"1" :  "(276,(276,277), x)",
"2" :  "(276,(276,279), x)",
"3" :  "(276,279, x)",
"4" :  "(276,279, this.shape)",
"5" :  "(276,279, this.scale)",
"6" :  "(277,282, ret)",
"7" :  "(279,282, ret)"},{ "Name" : "sample" ,
"Duas" : 69,
"0" :  "(374,(374,379), this)",
"1" :  "(374,(374,413), this)",
"2" :  "(374,413, this)",
"3" :  "(374,417, this)",
"4" :  "(374,425, this)",
"5" :  "(374,433, this)",
"6" :  "(374,429, this)",
"7" :  "(374,379, this)",
"8" :  "(374,380, this)",
"9" :  "(374,398, this)",
"10" :  "(374,399, this)",
"11" :  "(374,(401,403), this)",
"12" :  "(374,(401,405), this)",
"13" :  "(374,405, this)",
"14" :  "(374,386, this)",
"15" :  "(374,387, this)",
"16" :  "(374,393, this)",
"17" :  "(374,(374,379), this.shape)",
"18" :  "(374,(374,413), this.shape)",
"19" :  "(374,413, this.shape)",
"20" :  "(374,380, this.shape)",
"21" :  "(374,398, this.shape)",
"22" :  "(374,(401,403), this.shape)",
"23" :  "(374,(401,405), this.shape)",
"24" :  "(374,386, this.shape)",
"25" :  "(374,417, this.random)",
"26" :  "(374,425, this.random)",
"27" :  "(374,379, this.random)",
"28" :  "(374,399, this.random)",
"29" :  "(374,387, this.random)",
"30" :  "(374,433, this.scale)",
"31" :  "(374,429, this.scale)",
"32" :  "(374,405, this.scale)",
"33" :  "(374,393, this.scale)",
"34" :  "(380,398, bGS)",
"35" :  "(381,(383,386), p)",
"36" :  "(381,(383,398), p)",
"37" :  "(381,398, p)",
"38" :  "(381,386, p)",
"39" :  "(386,(389,391), x)",
"40" :  "(386,(389,393), x)",
"41" :  "(386,393, x)",
"42" :  "(387,(389,391), u2)",
"43" :  "(387,(389,393), u2)",
"44" :  "(398,(401,403), x)",
"45" :  "(398,(401,405), x)",
"46" :  "(398,405, x)",
"47" :  "(399,(401,403), u2)",
"48" :  "(399,(401,405), u2)",
"49" :  "(413,(432,433), d)",
"50" :  "(413,(432,435), d)",
"51" :  "(413,433, d)",
"52" :  "(413,429, d)",
"53" :  "(414,418, c)",
"54" :  "(417,424, x)",
"55" :  "(418,(420,421), v)",
"56" :  "(418,(420,424), v)",
"57" :  "(418,(432,433), v)",
"58" :  "(418,(432,435), v)",
"59" :  "(418,433, v)",
"60" :  "(418,429, v)",
"61" :  "(424,(428,429), x2)",
"62" :  "(424,(428,432), x2)",
"63" :  "(424,(432,433), x2)",
"64" :  "(424,(432,435), x2)",
"65" :  "(425,(428,429), u)",
"66" :  "(425,(428,432), u)",
"67" :  "(425,(432,433), u)",
"68" :  "(425,(432,435), u)"}]
}