Number of Variables;7;
Variables:;
0;;this;
1;;c;
2;;ALLOW_SINGLE_QUOTES;
3;;ALLOW_NON_NUMERIC_NUMBERS;
4;;this._inputEnd;
5;;this._inputPtr;
6;;this._inputBuffer;

Number of Block duas;42;
Line Duas for method; _handleUnexpectedValue;
Number;Def Line; Origin Line; Use Line; Var Id; Var Name;
1;2251;;2258;0;this;
2;2251;2259;2260;0;this;
3;2251;2259;2262;0;this;
4;2251;;2262;0;this;
5;2251;;2260;0;this;
6;2251;;2265;0;this;
7;2251;2266;2267;0;this;
8;2251;2266;2269;0;this;
9;2251;;2269;0;this;
10;2251;;2267;0;this;
11;2251;2272;2273;0;this;
12;2251;2272;2277;0;this;
13;2251;;2277;0;this;
14;2251;;2277;0;this;
15;2251;2273;2274;0;this;
16;2251;2273;2277;0;this;
17;2251;;2274;0;this;
18;2251;2253;2254;0;this;
19;2251;2253;2280;0;this;
20;2251;;2254;0;this;
21;2251;;2284;0;this;
22;2251;;2281;0;this;
23;2251;2251;2280;1;c;
24;2251;2251;2253;1;c;
25;2251;2251;2272;1;c;
26;2251;2251;2265;1;c;
27;2251;2251;2258;1;c;
28;2251;2280;2281;1;c;
29;2251;2280;2284;1;c;
30;2251;;2284;1;c;
31;2251;;2281;1;c;
32;2251;2253;2254;2;ALLOW_SINGLE_QUOTES;
33;2251;2253;2280;2;ALLOW_SINGLE_QUOTES;
34;2251;2259;2260;3;ALLOW_NON_NUMERIC_NUMBERS;
35;2251;2259;2262;3;ALLOW_NON_NUMERIC_NUMBERS;
36;2251;2266;2267;3;ALLOW_NON_NUMERIC_NUMBERS;
37;2251;2266;2269;3;ALLOW_NON_NUMERIC_NUMBERS;
38;2251;2272;2273;4;this._inputEnd;
39;2251;2272;2277;4;this._inputEnd;
40;2251;2272;2273;5;this._inputPtr;
41;2251;2272;2277;5;this._inputPtr;
42;2251;;2277;5;this._inputPtr;
43;2251;;2277;6;this._inputBuffer;

Block Duas for method; _handleUnexpectedValue;
Number;Def Block; Origin Block; Use Block; Var Id; Var Name;
1;0;;1;0;this;
;2251;;2258;0;this;
2;0;1;3;0;this;
;2251;2259;2260;0;this;
3;0;1;2;0;this;
;2251;2259;2262;0;this;
4;0;;2;0;this;
;2251;;2262;0;this;
5;0;;3;0;this;
;2251;;2260;0;this;
6;0;;4;0;this;
;2251;;2265;0;this;
7;0;4;6;0;this;
;2251;2266;2267;0;this;
8;0;4;5;0;this;
;2251;2266;2269;0;this;
9;0;;5;0;this;
;2251;;2269;0;this;
10;0;;6;0;this;
;2251;;2267;0;this;
11;0;7;9;0;this;
;2251;2272;2273;0;this;
12;0;7;8;0;this;
;2251;2272;2277;0;this;
13;0;;8;0;this;
;2251;;2277;0;this;
;2251;;2277;0;this;
14;0;9;10;0;this;
;2251;2273;2274;0;this;
15;0;9;8;0;this;
;2251;2273;2277;0;this;
16;0;;10;0;this;
;2251;;2274;0;this;
17;0;11;12;0;this;
;2251;2253;2254;0;this;
18;0;11;13;0;this;
;2251;2253;2280;0;this;
19;0;;12;0;this;
;2251;;2254;0;this;
20;0;;14;0;this;
;2251;;2284;0;this;
21;0;;15;0;this;
;2251;;2281;0;this;
22;0;0;13;1;c;
;2251;2251;2280;1;c;
23;0;0;11;1;c;
;2251;2251;2253;1;c;
24;0;0;7;1;c;
;2251;2251;2272;1;c;
25;0;0;4;1;c;
;2251;2251;2265;1;c;
26;0;0;1;1;c;
;2251;2251;2258;1;c;
27;0;13;15;1;c;
;2251;2280;2281;1;c;
28;0;13;14;1;c;
;2251;2280;2284;1;c;
29;0;;14;1;c;
;2251;;2284;1;c;
30;0;;15;1;c;
;2251;;2281;1;c;
31;0;11;12;2;ALLOW_SINGLE_QUOTES;
;2251;2253;2254;2;ALLOW_SINGLE_QUOTES;
32;0;11;13;2;ALLOW_SINGLE_QUOTES;
;2251;2253;2280;2;ALLOW_SINGLE_QUOTES;
33;0;1;3;3;ALLOW_NON_NUMERIC_NUMBERS;
;2251;2259;2260;3;ALLOW_NON_NUMERIC_NUMBERS;
34;0;1;2;3;ALLOW_NON_NUMERIC_NUMBERS;
;2251;2259;2262;3;ALLOW_NON_NUMERIC_NUMBERS;
35;0;4;6;3;ALLOW_NON_NUMERIC_NUMBERS;
;2251;2266;2267;3;ALLOW_NON_NUMERIC_NUMBERS;
36;0;4;5;3;ALLOW_NON_NUMERIC_NUMBERS;
;2251;2266;2269;3;ALLOW_NON_NUMERIC_NUMBERS;
37;0;7;9;4;this._inputEnd;
;2251;2272;2273;4;this._inputEnd;
38;0;7;8;4;this._inputEnd;
;2251;2272;2277;4;this._inputEnd;
39;0;7;9;5;this._inputPtr;
;2251;2272;2273;5;this._inputPtr;
40;0;7;8;5;this._inputPtr;
;2251;2272;2277;5;this._inputPtr;
41;0;;8;5;this._inputPtr;
;2251;;2277;5;this._inputPtr;
42;0;;8;6;this._inputBuffer;
;2251;;2277;6;this._inputBuffer;
