Number of Variables;11;
Variables:;
0;;this;
1;;i;
2;;VALUE_STRING;
3;;this._parsingContext;
4;;this._tokenInputRow;
5;;this._tokenInputCol;
6;;START_ARRAY;
7;;START_OBJECT;
8;;VALUE_TRUE;
9;;VALUE_FALSE;
10;;VALUE_NULL;

Number of Block duas;34;
Line Duas for method; _nextTokenNotInObject;
Number;Def Line; Origin Line; Use Line; Var Id; Var Name;
1;739;;748;0;this;
2;739;;749;0;this;
3;739;;756;0;this;
4;739;;757;0;this;
5;739;;762;0;this;
6;739;;763;0;this;
7;739;;759;0;this;
8;739;;760;0;this;
9;739;;754;0;this;
10;739;;745;0;this;
11;739;;746;0;this;
12;739;;779;0;this;
13;739;;779;0;this;
14;739;;781;0;this;
15;739;;781;0;this;
16;739;;740;0;this;
17;739;;741;0;this;
18;739;739;740;1;i;
19;739;739;743;1;i;
20;739;743;781;1;i;
21;739;743;779;1;i;
22;739;743;745;1;i;
23;739;743;754;1;i;
24;739;743;759;1;i;
25;739;743;762;1;i;
26;739;743;756;1;i;
27;739;743;748;1;i;
28;739;;754;1;i;
29;739;;779;1;i;
30;739;;779;1;i;
31;739;;781;1;i;
32;739;;781;1;i;
33;739;;741;4;VALUE_STRING;
34;739;;741;4;VALUE_STRING;
35;739;;748;5;this._parsingContext;
36;739;;745;5;this._parsingContext;
37;739;;748;6;this._tokenInputRow;
38;739;;745;6;this._tokenInputRow;
39;739;;748;7;this._tokenInputCol;
40;739;;745;7;this._tokenInputCol;
41;739;;746;8;START_ARRAY;
42;739;;746;8;START_ARRAY;
43;739;;749;9;START_OBJECT;
44;739;;749;9;START_OBJECT;
45;739;;757;10;VALUE_TRUE;
46;739;;757;10;VALUE_TRUE;
47;739;;760;11;VALUE_FALSE;
48;739;;760;11;VALUE_FALSE;
49;739;;763;12;VALUE_NULL;
50;739;;763;12;VALUE_NULL;

Block Duas for method; _nextTokenNotInObject;
Number;Def Block; Origin Block; Use Block; Var Id; Var Name;
1;0;;2;0;this;
;739;;748;0;this;
;739;;749;0;this;
2;0;;3;0;this;
;739;;756;0;this;
;739;;757;0;this;
3;0;;4;0;this;
;739;;762;0;this;
;739;;763;0;this;
4;0;;5;0;this;
;739;;759;0;this;
;739;;760;0;this;
5;0;;6;0;this;
;739;;754;0;this;
6;0;;7;0;this;
;739;;745;0;this;
;739;;746;0;this;
7;0;;8;0;this;
;739;;779;0;this;
;739;;779;0;this;
8;0;;9;0;this;
;739;;781;0;this;
;739;;781;0;this;
9;0;;10;0;this;
;739;;740;0;this;
;739;;741;0;this;
10;0;0;10;1;i;
;739;739;740;1;i;
11;0;0;1;1;i;
;739;739;743;1;i;
12;0;1;9;1;i;
;739;743;781;1;i;
13;0;1;8;1;i;
;739;743;779;1;i;
14;0;1;7;1;i;
;739;743;745;1;i;
15;0;1;6;1;i;
;739;743;754;1;i;
16;0;1;5;1;i;
;739;743;759;1;i;
17;0;1;4;1;i;
;739;743;762;1;i;
18;0;1;3;1;i;
;739;743;756;1;i;
19;0;1;2;1;i;
;739;743;748;1;i;
20;0;;6;1;i;
;739;;754;1;i;
21;0;;8;1;i;
;739;;779;1;i;
;739;;779;1;i;
22;0;;9;1;i;
;739;;781;1;i;
;739;;781;1;i;
23;0;;10;2;VALUE_STRING;
;739;;741;4;VALUE_STRING;
;739;;741;4;VALUE_STRING;
24;0;;2;3;this._parsingContext;
;739;;748;5;this._parsingContext;
25;0;;7;3;this._parsingContext;
;739;;745;5;this._parsingContext;
26;0;;2;4;this._tokenInputRow;
;739;;748;6;this._tokenInputRow;
27;0;;7;4;this._tokenInputRow;
;739;;745;6;this._tokenInputRow;
28;0;;2;5;this._tokenInputCol;
;739;;748;7;this._tokenInputCol;
29;0;;7;5;this._tokenInputCol;
;739;;745;7;this._tokenInputCol;
30;0;;7;6;START_ARRAY;
;739;;746;8;START_ARRAY;
;739;;746;8;START_ARRAY;
31;0;;2;7;START_OBJECT;
;739;;749;9;START_OBJECT;
;739;;749;9;START_OBJECT;
32;0;;3;8;VALUE_TRUE;
;739;;757;10;VALUE_TRUE;
;739;;757;10;VALUE_TRUE;
33;0;;5;9;VALUE_FALSE;
;739;;760;11;VALUE_FALSE;
;739;;760;11;VALUE_FALSE;
34;0;;4;10;VALUE_NULL;
;739;;763;12;VALUE_NULL;
;739;;763;12;VALUE_NULL;
