Number of Variables;5;
Variables:;
0;;this;
1;;this._inputEnd;
2;;this._inputPtr;
3;;this._inputBuffer;
4;;d;

Number of Block duas;45;
Line Duas for method; _skipUtf8_4;
Number;Def Line; Origin Line; Use Line; Var Id; Var Name;
1;2937;2937;2938;0;this;
2;2937;2937;2940;0;this;
3;2937;;2940;0;this;
4;2937;;2940;0;this;
5;2937;2944;2945;0;this;
6;2937;2944;2947;0;this;
7;2937;;2947;0;this;
8;2937;;2947;0;this;
9;2937;2951;2952;0;this;
10;2937;2951;2954;0;this;
11;2937;;2954;0;this;
12;2937;;2954;0;this;
13;2937;;2956;0;this;
14;2937;;2952;0;this;
15;2937;;2949;0;this;
16;2937;;2945;0;this;
17;2937;;2942;0;this;
18;2937;;2938;0;this;
19;2937;2937;2938;2;this._inputEnd;
20;2937;2937;2940;2;this._inputEnd;
21;2937;2944;2945;2;this._inputEnd;
22;2937;2944;2947;2;this._inputEnd;
23;2937;2951;2952;2;this._inputEnd;
24;2937;2951;2954;2;this._inputEnd;
25;2937;2937;2938;3;this._inputPtr;
26;2937;2937;2940;3;this._inputPtr;
27;2937;;2940;3;this._inputPtr;
28;2937;;2940;5;this._inputBuffer;
29;2937;;2947;5;this._inputBuffer;
30;2937;;2954;5;this._inputBuffer;
31;2940;2944;2945;3;this._inputPtr;
32;2940;2944;2947;3;this._inputPtr;
33;2940;;2947;3;this._inputPtr;
34;2940;;2942;3;this._inputPtr;
35;2940;2941;2942;4;d;
36;2940;2941;2944;4;d;
37;2940;;2942;4;d;
38;2947;2951;2952;3;this._inputPtr;
39;2947;2951;2954;3;this._inputPtr;
40;2947;;2954;3;this._inputPtr;
41;2947;;2949;3;this._inputPtr;
42;2947;2948;2949;4;d;
43;2947;2948;2951;4;d;
44;2947;;2949;4;d;
45;2954;;2956;3;this._inputPtr;
46;2954;2955;2956;4;d;
47;2954;2955;2958;4;d;
48;2954;;2956;4;d;

Block Duas for method; _skipUtf8_4;
Number;Def Block; Origin Block; Use Block; Var Id; Var Name;
1;0;0;12;0;this;
;2937;2937;2938;0;this;
2;0;0;1;0;this;
;2937;2937;2940;0;this;
3;0;;1;0;this;
;2937;;2940;0;this;
;2937;;2940;0;this;
4;0;2;10;0;this;
;2937;2944;2945;0;this;
5;0;2;3;0;this;
;2937;2944;2947;0;this;
6;0;;3;0;this;
;2937;;2947;0;this;
;2937;;2947;0;this;
7;0;4;8;0;this;
;2937;2951;2952;0;this;
8;0;4;5;0;this;
;2937;2951;2954;0;this;
9;0;;5;0;this;
;2937;;2954;0;this;
;2937;;2954;0;this;
10;0;;7;0;this;
;2937;;2956;0;this;
11;0;;8;0;this;
;2937;;2952;0;this;
12;0;;9;0;this;
;2937;;2949;0;this;
13;0;;10;0;this;
;2937;;2945;0;this;
14;0;;11;0;this;
;2937;;2942;0;this;
15;0;;12;0;this;
;2937;;2938;0;this;
16;0;0;12;1;this._inputEnd;
;2937;2937;2938;2;this._inputEnd;
17;0;0;1;1;this._inputEnd;
;2937;2937;2940;2;this._inputEnd;
18;0;2;10;1;this._inputEnd;
;2937;2944;2945;2;this._inputEnd;
19;0;2;3;1;this._inputEnd;
;2937;2944;2947;2;this._inputEnd;
20;0;4;8;1;this._inputEnd;
;2937;2951;2952;2;this._inputEnd;
21;0;4;5;1;this._inputEnd;
;2937;2951;2954;2;this._inputEnd;
22;0;0;12;2;this._inputPtr;
;2937;2937;2938;3;this._inputPtr;
23;0;0;1;2;this._inputPtr;
;2937;2937;2940;3;this._inputPtr;
24;0;;1;2;this._inputPtr;
;2937;;2940;3;this._inputPtr;
25;0;;1;3;this._inputBuffer;
;2937;;2940;5;this._inputBuffer;
26;0;;3;3;this._inputBuffer;
;2937;;2947;5;this._inputBuffer;
27;0;;5;3;this._inputBuffer;
;2937;;2954;5;this._inputBuffer;
28;1;2;10;2;this._inputPtr;
;2940;2944;2945;3;this._inputPtr;
29;1;2;3;2;this._inputPtr;
;2940;2944;2947;3;this._inputPtr;
30;1;;3;2;this._inputPtr;
;2940;;2947;3;this._inputPtr;
31;1;;11;2;this._inputPtr;
;2940;;2942;3;this._inputPtr;
32;1;1;11;4;d;
;2940;2941;2942;4;d;
33;1;1;2;4;d;
;2940;2941;2944;4;d;
34;1;;11;4;d;
;2940;;2942;4;d;
35;3;4;8;2;this._inputPtr;
;2947;2951;2952;3;this._inputPtr;
36;3;4;5;2;this._inputPtr;
;2947;2951;2954;3;this._inputPtr;
37;3;;5;2;this._inputPtr;
;2947;;2954;3;this._inputPtr;
38;3;;9;2;this._inputPtr;
;2947;;2949;3;this._inputPtr;
39;3;3;9;4;d;
;2947;2948;2949;4;d;
40;3;3;4;4;d;
;2947;2948;2951;4;d;
41;3;;9;4;d;
;2947;;2949;4;d;
42;5;;7;2;this._inputPtr;
;2954;;2956;3;this._inputPtr;
43;5;5;7;4;d;
;2954;2955;2956;4;d;
44;5;5;6;4;d;
;2954;2955;2958;4;d;
45;5;;7;4;d;
;2954;;2956;4;d;
