Number of Variables;5;
Variables:;
0;;this;
1;;this._inputEnd;
2;;this._inputPtr;
3;;this._inputBuffer;
4;;c;

Number of Block duas;30;
Line Duas for method; _skipUtf8_3;
Number;Def Line; Origin Line; Use Line; Var Id; Var Name;
1;2917;2917;2918;0;this;
2;2917;2917;2921;0;this;
3;2917;;2921;0;this;
4;2917;;2921;0;this;
5;2917;2925;2926;0;this;
6;2917;2925;2928;0;this;
7;2917;;2928;0;this;
8;2917;;2928;0;this;
9;2917;;2930;0;this;
10;2917;;2926;0;this;
11;2917;;2923;0;this;
12;2917;;2918;0;this;
13;2917;2917;2918;2;this._inputEnd;
14;2917;2917;2921;2;this._inputEnd;
15;2917;2925;2926;2;this._inputEnd;
16;2917;2925;2928;2;this._inputEnd;
17;2917;2917;2918;3;this._inputPtr;
18;2917;2917;2921;3;this._inputPtr;
19;2917;;2921;3;this._inputPtr;
20;2917;;2921;4;this._inputBuffer;
21;2917;;2928;4;this._inputBuffer;
22;2921;2925;2926;3;this._inputPtr;
23;2921;2925;2928;3;this._inputPtr;
24;2921;;2928;3;this._inputPtr;
25;2921;;2923;3;this._inputPtr;
26;2921;2922;2923;1;c;
27;2921;2922;2925;1;c;
28;2921;;2923;1;c;
29;2928;;2930;3;this._inputPtr;
30;2928;2929;2930;1;c;
31;2928;2929;2932;1;c;
32;2928;;2930;1;c;

Block Duas for method; _skipUtf8_3;
Number;Def Block; Origin Block; Use Block; Var Id; Var Name;
1;0;0;8;0;this;
;2917;2917;2918;0;this;
2;0;0;1;0;this;
;2917;2917;2921;0;this;
3;0;;1;0;this;
;2917;;2921;0;this;
;2917;;2921;0;this;
4;0;2;6;0;this;
;2917;2925;2926;0;this;
5;0;2;3;0;this;
;2917;2925;2928;0;this;
6;0;;3;0;this;
;2917;;2928;0;this;
;2917;;2928;0;this;
7;0;;5;0;this;
;2917;;2930;0;this;
8;0;;6;0;this;
;2917;;2926;0;this;
9;0;;7;0;this;
;2917;;2923;0;this;
10;0;;8;0;this;
;2917;;2918;0;this;
11;0;0;8;1;this._inputEnd;
;2917;2917;2918;2;this._inputEnd;
12;0;0;1;1;this._inputEnd;
;2917;2917;2921;2;this._inputEnd;
13;0;2;6;1;this._inputEnd;
;2917;2925;2926;2;this._inputEnd;
14;0;2;3;1;this._inputEnd;
;2917;2925;2928;2;this._inputEnd;
15;0;0;8;2;this._inputPtr;
;2917;2917;2918;3;this._inputPtr;
16;0;0;1;2;this._inputPtr;
;2917;2917;2921;3;this._inputPtr;
17;0;;1;2;this._inputPtr;
;2917;;2921;3;this._inputPtr;
18;0;;1;3;this._inputBuffer;
;2917;;2921;4;this._inputBuffer;
19;0;;3;3;this._inputBuffer;
;2917;;2928;4;this._inputBuffer;
20;1;2;6;2;this._inputPtr;
;2921;2925;2926;3;this._inputPtr;
21;1;2;3;2;this._inputPtr;
;2921;2925;2928;3;this._inputPtr;
22;1;;3;2;this._inputPtr;
;2921;;2928;3;this._inputPtr;
23;1;;7;2;this._inputPtr;
;2921;;2923;3;this._inputPtr;
24;1;1;7;4;c;
;2921;2922;2923;1;c;
25;1;1;2;4;c;
;2921;2922;2925;1;c;
26;1;;7;4;c;
;2921;;2923;1;c;
27;3;;5;2;this._inputPtr;
;2928;;2930;3;this._inputPtr;
28;3;3;5;4;c;
;2928;2929;2930;1;c;
29;3;3;4;4;c;
;2928;2929;2932;1;c;
30;3;;5;4;c;
;2928;;2930;1;c;
