Number of Variables;19;
Variables:;
0;;this;
1;;FIELD_NAME;
2;;this._currToken;
3;;this._tokenIncomplete;
4;;this._currInputProcessed;
5;;this._inputPtr;
6;;this._currInputRow;
7;;this._currInputRowStart;
8;;this._parsingContext;
9;;END_ARRAY;
10;;END_OBJECT;
11;;VALUE_STRING;
12;;START_ARRAY;
13;;START_OBJECT;
14;;VALUE_TRUE;
15;;VALUE_FALSE;
16;;VALUE_NULL;
17;;i;
18;;t;

Number of Block duas;106;
Line Duas for method; nextToken;
Number;Def Line; Origin Line; Use Line; Var Id; Var Name;
1;607;612;613;0;this;
2;607;612;615;0;this;
3;607;615;616;0;this;
4;607;615;619;0;this;
5;607;;619;0;this;
6;607;;631;0;this;
7;607;;632;0;this;
8;607;;633;0;this;
9;607;;636;0;this;
10;607;655;656;0;this;
11;607;655;666;0;this;
12;607;666;667;0;this;
13;607;666;670;0;this;
14;607;;670;0;this;
15;607;;671;0;this;
16;607;;672;0;this;
17;607;;673;0;this;
18;607;;677;0;this;
19;607;;732;0;this;
20;607;;733;0;this;
21;607;;700;0;this;
22;607;;708;0;this;
23;607;;704;0;this;
24;607;;698;0;this;
25;607;;727;0;this;
26;607;;730;0;this;
27;607;;681;0;this;
28;607;;682;0;this;
29;607;;683;0;this;
30;607;;675;0;this;
31;607;;667;0;this;
32;607;;659;0;this;
33;607;;657;0;this;
34;607;647;648;0;this;
35;607;647;650;0;this;
36;607;;650;0;this;
37;607;;651;0;this;
38;607;;648;0;this;
39;607;640;641;0;this;
40;607;640;643;0;this;
41;607;;643;0;this;
42;607;;644;0;this;
43;607;;641;0;this;
44;607;;624;0;this;
45;607;;625;0;this;
46;607;;616;0;this;
47;607;;613;0;this;
48;607;612;613;2;FIELD_NAME;
49;607;612;615;2;FIELD_NAME;
50;607;;672;2;FIELD_NAME;
51;607;612;613;3;this._currToken;
52;607;612;615;3;this._currToken;
53;607;615;616;4;this._tokenIncomplete;
54;607;615;619;4;this._tokenIncomplete;
55;607;;631;7;this._currInputProcessed;
56;607;;631;8;this._inputPtr;
57;607;;633;8;this._inputPtr;
58;607;;632;10;this._currInputRow;
59;607;;633;12;this._currInputRowStart;
60;607;655;656;14;this._parsingContext;
61;607;655;666;14;this._parsingContext;
62;607;666;667;14;this._parsingContext;
63;607;666;670;14;this._parsingContext;
64;607;;671;14;this._parsingContext;
65;607;;657;14;this._parsingContext;
66;607;647;648;14;this._parsingContext;
67;607;647;650;14;this._parsingContext;
68;607;;650;14;this._parsingContext;
69;607;640;641;14;this._parsingContext;
70;607;640;643;14;this._parsingContext;
71;607;;643;14;this._parsingContext;
72;607;;644;15;END_ARRAY;
73;607;;644;15;END_ARRAY;
74;607;;651;16;END_OBJECT;
75;607;;651;16;END_OBJECT;
76;607;;682;19;VALUE_STRING;
77;607;;689;21;START_ARRAY;
78;607;;692;22;START_OBJECT;
79;607;;701;23;VALUE_TRUE;
80;607;;705;24;VALUE_FALSE;
81;607;;709;25;VALUE_NULL;
82;619;620;624;5;i;
83;619;620;631;5;i;
84;619;639;640;5;i;
85;619;639;646;5;i;
86;619;646;647;5;i;
87;619;646;655;5;i;
88;619;;670;5;i;
89;619;;667;5;i;
90;619;656;657;5;i;
91;619;656;659;5;i;
92;619;;657;5;i;
93;619;;648;5;i;
94;619;;641;5;i;
95;659;;670;5;i;
96;659;;667;5;i;
97;672;;733;3;this._currToken;
98;672;;683;3;this._currToken;
99;673;674;675;5;i;
100;673;674;677;5;i;
101;673;;675;5;i;
102;677;680;681;5;i;
103;677;680;687;5;i;
104;677;687;730;5;i;
105;677;687;727;5;i;
106;677;687;689;5;i;
107;677;687;698;5;i;
108;677;687;704;5;i;
109;677;687;708;5;i;
110;677;687;700;5;i;
111;677;687;692;5;i;
112;677;;698;5;i;
113;677;;727;5;i;
114;677;;730;5;i;
115;689;;732;20;t;
116;692;;732;20;t;
117;701;;732;20;t;
118;705;;732;20;t;
119;709;;732;20;t;
120;727;;732;20;t;
121;730;;732;20;t;

Block Duas for method; nextToken;
Number;Def Block; Origin Block; Use Block; Var Id; Var Name;
1;0;0;33;0;this;
;607;612;613;0;this;
2;0;0;1;0;this;
;607;612;615;0;this;
3;0;1;32;0;this;
;607;615;616;0;this;
4;0;1;2;0;this;
;607;615;619;0;this;
5;0;;2;0;this;
;607;;619;0;this;
6;0;;3;0;this;
;607;;631;0;this;
;607;;632;0;this;
;607;;633;0;this;
;607;;636;0;this;
7;0;5;22;0;this;
;607;655;656;0;this;
8;0;5;6;0;this;
;607;655;666;0;this;
9;0;6;21;0;this;
;607;666;667;0;this;
10;0;6;7;0;this;
;607;666;670;0;this;
11;0;;7;0;this;
;607;;670;0;this;
;607;;671;0;this;
;607;;672;0;this;
;607;;673;0;this;
12;0;;8;0;this;
;607;;677;0;this;
13;0;;11;0;this;
;607;;732;0;this;
;607;;733;0;this;
14;0;;12;0;this;
;607;;700;0;this;
15;0;;13;0;this;
;607;;708;0;this;
16;0;;14;0;this;
;607;;704;0;this;
17;0;;15;0;this;
;607;;698;0;this;
18;0;;17;0;this;
;607;;727;0;this;
19;0;;18;0;this;
;607;;730;0;this;
20;0;;19;0;this;
;607;;681;0;this;
;607;;682;0;this;
;607;;683;0;this;
21;0;;20;0;this;
;607;;675;0;this;
22;0;;21;0;this;
;607;;667;0;this;
23;0;;23;0;this;
;607;;659;0;this;
24;0;;24;0;this;
;607;;657;0;this;
25;0;25;27;0;this;
;607;647;648;0;this;
26;0;25;26;0;this;
;607;647;650;0;this;
27;0;;26;0;this;
;607;;650;0;this;
;607;;651;0;this;
28;0;;27;0;this;
;607;;648;0;this;
29;0;28;30;0;this;
;607;640;641;0;this;
30;0;28;29;0;this;
;607;640;643;0;this;
31;0;;29;0;this;
;607;;643;0;this;
;607;;644;0;this;
32;0;;30;0;this;
;607;;641;0;this;
33;0;;31;0;this;
;607;;624;0;this;
;607;;625;0;this;
34;0;;32;0;this;
;607;;616;0;this;
35;0;;33;0;this;
;607;;613;0;this;
36;0;0;33;1;FIELD_NAME;
;607;612;613;2;FIELD_NAME;
37;0;0;1;1;FIELD_NAME;
;607;612;615;2;FIELD_NAME;
38;0;;7;1;FIELD_NAME;
;607;;672;2;FIELD_NAME;
39;0;0;33;2;this._currToken;
;607;612;613;3;this._currToken;
40;0;0;1;2;this._currToken;
;607;612;615;3;this._currToken;
41;0;1;32;3;this._tokenIncomplete;
;607;615;616;4;this._tokenIncomplete;
42;0;1;2;3;this._tokenIncomplete;
;607;615;619;4;this._tokenIncomplete;
43;0;;3;4;this._currInputProcessed;
;607;;631;7;this._currInputProcessed;
44;0;;3;5;this._inputPtr;
;607;;631;8;this._inputPtr;
;607;;633;8;this._inputPtr;
45;0;;3;6;this._currInputRow;
;607;;632;10;this._currInputRow;
46;0;;3;7;this._currInputRowStart;
;607;;633;12;this._currInputRowStart;
47;0;5;22;8;this._parsingContext;
;607;655;656;14;this._parsingContext;
48;0;5;6;8;this._parsingContext;
;607;655;666;14;this._parsingContext;
49;0;6;21;8;this._parsingContext;
;607;666;667;14;this._parsingContext;
50;0;6;7;8;this._parsingContext;
;607;666;670;14;this._parsingContext;
51;0;;7;8;this._parsingContext;
;607;;671;14;this._parsingContext;
52;0;;24;8;this._parsingContext;
;607;;657;14;this._parsingContext;
53;0;25;27;8;this._parsingContext;
;607;647;648;14;this._parsingContext;
54;0;25;26;8;this._parsingContext;
;607;647;650;14;this._parsingContext;
55;0;;26;8;this._parsingContext;
;607;;650;14;this._parsingContext;
56;0;28;30;8;this._parsingContext;
;607;640;641;14;this._parsingContext;
57;0;28;29;8;this._parsingContext;
;607;640;643;14;this._parsingContext;
58;0;;29;8;this._parsingContext;
;607;;643;14;this._parsingContext;
59;0;;29;9;END_ARRAY;
;607;;644;15;END_ARRAY;
;607;;644;15;END_ARRAY;
60;0;;26;10;END_OBJECT;
;607;;651;16;END_OBJECT;
;607;;651;16;END_OBJECT;
61;0;;19;11;VALUE_STRING;
;607;;682;19;VALUE_STRING;
62;0;;16;12;START_ARRAY;
;607;;689;21;START_ARRAY;
63;0;;10;13;START_OBJECT;
;607;;692;22;START_OBJECT;
64;0;;12;14;VALUE_TRUE;
;607;;701;23;VALUE_TRUE;
65;0;;14;15;VALUE_FALSE;
;607;;705;24;VALUE_FALSE;
66;0;;13;16;VALUE_NULL;
;607;;709;25;VALUE_NULL;
67;2;2;31;17;i;
;619;620;624;5;i;
68;2;2;3;17;i;
;619;620;631;5;i;
69;2;3;28;17;i;
;619;639;640;5;i;
70;2;3;4;17;i;
;619;639;646;5;i;
71;2;4;25;17;i;
;619;646;647;5;i;
72;2;4;5;17;i;
;619;646;655;5;i;
73;2;;7;17;i;
;619;;670;5;i;
74;2;;21;17;i;
;619;;667;5;i;
75;2;22;24;17;i;
;619;656;657;5;i;
76;2;22;23;17;i;
;619;656;659;5;i;
77;2;;24;17;i;
;619;;657;5;i;
78;2;;27;17;i;
;619;;648;5;i;
79;2;;30;17;i;
;619;;641;5;i;
80;23;;7;17;i;
;659;;670;5;i;
81;23;;21;17;i;
;659;;667;5;i;
82;7;;11;2;this._currToken;
;672;;733;3;this._currToken;
83;7;;19;2;this._currToken;
;672;;683;3;this._currToken;
84;7;7;20;17;i;
;673;674;675;5;i;
85;7;7;8;17;i;
;673;674;677;5;i;
86;7;;20;17;i;
;673;;675;5;i;
87;8;8;19;17;i;
;677;680;681;5;i;
88;8;8;9;17;i;
;677;680;687;5;i;
89;8;9;18;17;i;
;677;687;730;5;i;
90;8;9;17;17;i;
;677;687;727;5;i;
91;8;9;16;17;i;
;677;687;689;5;i;
92;8;9;15;17;i;
;677;687;698;5;i;
93;8;9;14;17;i;
;677;687;704;5;i;
94;8;9;13;17;i;
;677;687;708;5;i;
95;8;9;12;17;i;
;677;687;700;5;i;
96;8;9;10;17;i;
;677;687;692;5;i;
97;8;;15;17;i;
;677;;698;5;i;
98;8;;17;17;i;
;677;;727;5;i;
99;8;;18;17;i;
;677;;730;5;i;
100;16;;11;18;t;
;689;;732;20;t;
101;10;;11;18;t;
;692;;732;20;t;
102;12;;11;18;t;
;701;;732;20;t;
103;14;;11;18;t;
;705;;732;20;t;
104;13;;11;18;t;
;709;;732;20;t;
105;17;;11;18;t;
;727;;732;20;t;
106;18;;11;18;t;
;730;;732;20;t;
