{
"Class" : "org.apache.commons.math3.stat.descriptive.AggregateSummaryStatistics", 
"Methods" : [{ "Name" : "<init>" ,
"Duas" : 5,
"0" :  "(100,100, this)",
"1" :  "(100,(100,100), prototypeStatistics)",
"2" :  "(100,(100,100), prototypeStatistics)",
"3" :  "(100,100, prototypeStatistics)",
"4" :  "(100,100, prototypeStatistics)"},{ "Name" : "<init>" ,
"Duas" : 8,
"0" :  "(125,126, this)",
"1" :  "(125,128, this)",
"2" :  "(125,(126,126), prototypeStatistics)",
"3" :  "(125,(126,126), prototypeStatistics)",
"4" :  "(125,126, prototypeStatistics)",
"5" :  "(125,(128,128), initialStatistics)",
"6" :  "(125,(128,128), initialStatistics)",
"7" :  "(125,128, initialStatistics)"},{ "Name" : "aggregate" ,
"Duas" : 70,
"0" :  "(307,(307,308), statistics)",
"1" :  "(307,(307,310), statistics)",
"2" :  "(307,310, statistics)",
"3" :  "(310,(311,312), iterator)",
"4" :  "(310,(311,314), iterator)",
"5" :  "(310,314, iterator)",
"6" :  "(310,(321,322), iterator)",
"7" :  "(310,(321,338), iterator)",
"8" :  "(310,322, iterator)",
"9" :  "(315,(338,339), n)",
"10" :  "(315,(338,340), n)",
"11" :  "(315,(340,341), n)",
"12" :  "(315,(340,343), n)",
"13" :  "(315,343, n)",
"14" :  "(315,345, n)",
"15" :  "(315,330, n)",
"16" :  "(315,332, n)",
"17" :  "(316,345, min)",
"18" :  "(316,(323,323), min)",
"19" :  "(316,(323,324), min)",
"20" :  "(316,(323,324), min)",
"21" :  "(316,(323,326), min)",
"22" :  "(317,345, sum)",
"23" :  "(317,329, sum)",
"24" :  "(318,345, max)",
"25" :  "(318,(326,326), max)",
"26" :  "(318,(326,327), max)",
"27" :  "(318,(326,327), max)",
"28" :  "(318,(326,329), max)",
"29" :  "(319,343, m2)",
"30" :  "(319,335, m2)",
"31" :  "(320,345, mean)",
"32" :  "(320,333, mean)",
"33" :  "(322,(323,323), current)",
"34" :  "(322,(323,324), current)",
"35" :  "(322,324, current)",
"36" :  "(322,(326,326), current)",
"37" :  "(322,(326,327), current)",
"38" :  "(322,327, current)",
"39" :  "(322,329, current)",
"40" :  "(322,331, current)",
"41" :  "(322,333, current)",
"42" :  "(322,335, current)",
"43" :  "(324,345, min)",
"44" :  "(324,(323,323), min)",
"45" :  "(324,(323,324), min)",
"46" :  "(324,(323,324), min)",
"47" :  "(324,(323,326), min)",
"48" :  "(327,345, max)",
"49" :  "(327,(326,326), max)",
"50" :  "(327,(326,327), max)",
"51" :  "(327,(326,327), max)",
"52" :  "(327,(326,329), max)",
"53" :  "(329,345, sum)",
"54" :  "(329,329, sum)",
"55" :  "(332,(338,339), n)",
"56" :  "(332,(338,340), n)",
"57" :  "(332,(340,341), n)",
"58" :  "(332,(340,343), n)",
"59" :  "(332,343, n)",
"60" :  "(332,345, n)",
"61" :  "(332,330, n)",
"62" :  "(332,332, n)",
"63" :  "(334,345, mean)",
"64" :  "(334,333, mean)",
"65" :  "(335,343, m2)",
"66" :  "(335,335, m2)",
"67" :  "(339,345, variance)",
"68" :  "(341,345, variance)",
"69" :  "(343,345, variance)"}]
}