Number of Variables;12;
Variables:;
0;;this;
1;;lowerBound;
2;;upperBound;
3;;this.numberOfInterpolationPoints;
4;;NUMBER_OF_INTERPOLATION_POINTS;
5;;this.initialTrustRegionRadius;
6;;dimension;
7;;nPointsInterval;
8;;this.boundDifference;
9;;requiredMinDiff;
10;;minDiff;
11;;i;

Number of Block duas;49;
Line Duas for method; setup;
Number;Def Line; Origin Line; Use Line; Var Id; Var Name;
1;2381;2392;2392;0;this;
2;2381;2392;2394;0;this;
3;2381;;2394;0;this;
4;2381;2392;2394;0;this;
5;2381;2392;2401;0;this;
6;2381;;2401;0;this;
7;2381;;2403;0;this;
8;2381;;2414;0;this;
9;2381;;2414;0;this;
10;2381;;2416;0;this;
11;2381;;2416;0;this;
12;2381;;2418;0;this;
13;2381;;2418;0;this;
14;2381;;2420;0;this;
15;2381;;2421;0;this;
16;2381;;2421;0;this;
17;2381;;2422;0;this;
18;2381;;2423;0;this;
19;2381;;2424;0;this;
20;2381;;2425;0;this;
21;2381;;2426;0;this;
22;2381;;2426;0;this;
23;2381;;2427;0;this;
24;2381;;2428;0;this;
25;2381;;2429;0;this;
26;2381;;2430;0;this;
27;2381;;2430;0;this;
28;2381;;2431;0;this;
29;2381;;2410;0;this;
30;2381;;2406;0;this;
31;2381;;2407;0;this;
32;2381;;2406;1;lowerBound;
33;2381;;2406;2;upperBound;
34;2381;2392;2392;6;this.numberOfInterpolationPoints;
35;2381;2392;2394;6;this.numberOfInterpolationPoints;
36;2381;;2394;6;this.numberOfInterpolationPoints;
37;2381;2392;2394;6;this.numberOfInterpolationPoints;
38;2381;2392;2401;6;this.numberOfInterpolationPoints;
39;2381;;2414;6;this.numberOfInterpolationPoints;
40;2381;;2416;6;this.numberOfInterpolationPoints;
41;2381;;2418;6;this.numberOfInterpolationPoints;
42;2381;;2421;6;this.numberOfInterpolationPoints;
43;2381;;2426;6;this.numberOfInterpolationPoints;
44;2381;;2430;6;this.numberOfInterpolationPoints;
45;2381;;2394;7;NUMBER_OF_INTERPOLATION_POINTS;
46;2381;;2403;10;this.initialTrustRegionRadius;
47;2384;2387;2388;4;dimension;
48;2384;2387;2391;4;dimension;
49;2384;;2391;4;dimension;
50;2384;;2391;4;dimension;
51;2384;;2401;4;dimension;
52;2384;2405;2406;4;dimension;
53;2384;2405;2409;4;dimension;
54;2384;;2414;4;dimension;
55;2384;;2416;4;dimension;
56;2384;;2418;4;dimension;
57;2384;;2420;4;dimension;
58;2384;;2422;4;dimension;
59;2384;;2423;4;dimension;
60;2384;;2424;4;dimension;
61;2384;;2425;4;dimension;
62;2384;;2427;4;dimension;
63;2384;;2428;4;dimension;
64;2384;;2429;4;dimension;
65;2384;;2430;4;dimension;
66;2384;;2431;4;dimension;
67;2384;;2388;4;dimension;
68;2391;2392;2392;5;nPointsInterval;
69;2391;2392;2394;5;nPointsInterval;
70;2391;;2394;5;nPointsInterval;
71;2391;2392;2394;5;nPointsInterval;
72;2391;2392;2401;5;nPointsInterval;
73;2401;;2406;8;this.boundDifference;
74;2401;;2407;8;this.boundDifference;
75;2403;2409;2410;9;requiredMinDiff;
76;2403;2409;2414;9;requiredMinDiff;
77;2404;2409;2410;11;minDiff;
78;2404;2409;2414;11;minDiff;
79;2404;;2410;11;minDiff;
80;2404;;2407;11;minDiff;
81;2405;2405;2406;12;i;
82;2405;2405;2409;12;i;
83;2405;;2406;12;i;
84;2405;;2407;12;i;
85;2405;;2405;12;i;
86;2407;2409;2410;11;minDiff;
87;2407;2409;2414;11;minDiff;
88;2407;;2410;11;minDiff;
89;2407;;2407;11;minDiff;
90;2405;2405;2406;12;i;
91;2405;2405;2409;12;i;
92;2405;;2406;12;i;
93;2405;;2407;12;i;
94;2405;;2405;12;i;

Block Duas for method; setup;
Number;Def Block; Origin Block; Use Block; Var Id; Var Name;
1;0;1;3;0;this;
;2381;2392;2392;0;this;
2;0;1;2;0;this;
;2381;2392;2394;0;this;
3;0;;2;0;this;
;2381;;2394;0;this;
4;0;3;2;0;this;
;2381;2392;2394;0;this;
5;0;3;4;0;this;
;2381;2392;2401;0;this;
6;0;;4;0;this;
;2381;;2401;0;this;
;2381;;2403;0;this;
7;0;;7;0;this;
;2381;;2414;0;this;
;2381;;2414;0;this;
;2381;;2416;0;this;
;2381;;2416;0;this;
;2381;;2418;0;this;
;2381;;2418;0;this;
;2381;;2420;0;this;
;2381;;2421;0;this;
;2381;;2421;0;this;
;2381;;2422;0;this;
;2381;;2423;0;this;
;2381;;2424;0;this;
;2381;;2425;0;this;
;2381;;2426;0;this;
;2381;;2426;0;this;
;2381;;2427;0;this;
;2381;;2428;0;this;
;2381;;2429;0;this;
;2381;;2430;0;this;
;2381;;2430;0;this;
;2381;;2431;0;this;
8;0;;8;0;this;
;2381;;2410;0;this;
9;0;;9;0;this;
;2381;;2406;0;this;
;2381;;2407;0;this;
10;0;;9;1;lowerBound;
;2381;;2406;1;lowerBound;
11;0;;9;2;upperBound;
;2381;;2406;2;upperBound;
12;0;1;3;3;this.numberOfInterpolationPoints;
;2381;2392;2392;6;this.numberOfInterpolationPoints;
13;0;1;2;3;this.numberOfInterpolationPoints;
;2381;2392;2394;6;this.numberOfInterpolationPoints;
14;0;;2;3;this.numberOfInterpolationPoints;
;2381;;2394;6;this.numberOfInterpolationPoints;
15;0;3;2;3;this.numberOfInterpolationPoints;
;2381;2392;2394;6;this.numberOfInterpolationPoints;
16;0;3;4;3;this.numberOfInterpolationPoints;
;2381;2392;2401;6;this.numberOfInterpolationPoints;
17;0;;7;3;this.numberOfInterpolationPoints;
;2381;;2414;6;this.numberOfInterpolationPoints;
;2381;;2416;6;this.numberOfInterpolationPoints;
;2381;;2418;6;this.numberOfInterpolationPoints;
;2381;;2421;6;this.numberOfInterpolationPoints;
;2381;;2426;6;this.numberOfInterpolationPoints;
;2381;;2430;6;this.numberOfInterpolationPoints;
18;0;;2;4;NUMBER_OF_INTERPOLATION_POINTS;
;2381;;2394;7;NUMBER_OF_INTERPOLATION_POINTS;
19;0;;4;5;this.initialTrustRegionRadius;
;2381;;2403;10;this.initialTrustRegionRadius;
20;0;0;10;6;dimension;
;2384;2387;2388;4;dimension;
21;0;0;1;6;dimension;
;2384;2387;2391;4;dimension;
22;0;;1;6;dimension;
;2384;;2391;4;dimension;
;2384;;2391;4;dimension;
23;0;;4;6;dimension;
;2384;;2401;4;dimension;
24;0;5;9;6;dimension;
;2384;2405;2406;4;dimension;
25;0;5;6;6;dimension;
;2384;2405;2409;4;dimension;
26;0;;7;6;dimension;
;2384;;2414;4;dimension;
;2384;;2416;4;dimension;
;2384;;2418;4;dimension;
;2384;;2420;4;dimension;
;2384;;2422;4;dimension;
;2384;;2423;4;dimension;
;2384;;2424;4;dimension;
;2384;;2425;4;dimension;
;2384;;2427;4;dimension;
;2384;;2428;4;dimension;
;2384;;2429;4;dimension;
;2384;;2430;4;dimension;
;2384;;2431;4;dimension;
27;0;;10;6;dimension;
;2384;;2388;4;dimension;
28;1;1;3;7;nPointsInterval;
;2391;2392;2392;5;nPointsInterval;
29;1;1;2;7;nPointsInterval;
;2391;2392;2394;5;nPointsInterval;
30;1;;2;7;nPointsInterval;
;2391;;2394;5;nPointsInterval;
31;1;3;2;7;nPointsInterval;
;2391;2392;2394;5;nPointsInterval;
32;1;3;4;7;nPointsInterval;
;2391;2392;2401;5;nPointsInterval;
33;4;;9;8;this.boundDifference;
;2401;;2406;8;this.boundDifference;
;2401;;2407;8;this.boundDifference;
34;4;6;8;9;requiredMinDiff;
;2403;2409;2410;9;requiredMinDiff;
35;4;6;7;9;requiredMinDiff;
;2403;2409;2414;9;requiredMinDiff;
36;4;6;8;10;minDiff;
;2404;2409;2410;11;minDiff;
37;4;6;7;10;minDiff;
;2404;2409;2414;11;minDiff;
38;4;;8;10;minDiff;
;2404;;2410;11;minDiff;
39;4;;9;10;minDiff;
;2404;;2407;11;minDiff;
40;4;5;9;11;i;
;2405;2405;2406;12;i;
41;4;5;6;11;i;
;2405;2405;2409;12;i;
42;4;;9;11;i;
;2405;;2406;12;i;
;2405;;2407;12;i;
;2405;;2405;12;i;
43;9;6;8;10;minDiff;
;2407;2409;2410;11;minDiff;
44;9;6;7;10;minDiff;
;2407;2409;2414;11;minDiff;
45;9;;8;10;minDiff;
;2407;;2410;11;minDiff;
46;9;;9;10;minDiff;
;2407;;2407;11;minDiff;
47;9;5;9;11;i;
;2405;2405;2406;12;i;
48;9;5;6;11;i;
;2405;2405;2409;12;i;
49;9;;9;11;i;
;2405;;2406;12;i;
;2405;;2407;12;i;
;2405;;2405;12;i;
