Number of Variables;11;
Variables:;
0;;this;
1;;lowerBound;
2;;upperBound;
3;;this.currentBest;
4;;this.boundDifference;
5;;this.lowerDifference;
6;;this.upperDifference;
7;;this.initialTrustRegionRadius;
8;;n;
9;;j;
10;;boundDiff;

Number of Block duas;90;
Line Duas for method; bobyqa;
Number;Def Line; Origin Line; Use Line; Var Id; Var Name;
1;289;;334;0;this;
2;289;;301;0;this;
3;289;;302;0;this;
4;289;;303;0;this;
5;289;304;305;0;this;
6;289;304;316;0;this;
7;289;316;317;0;this;
8;289;316;300;0;this;
9;289;317;318;0;this;
10;289;317;322;0;this;
11;289;;322;0;this;
12;289;;324;0;this;
13;289;;325;0;this;
14;289;;326;0;this;
15;289;;327;0;this;
16;289;;318;0;this;
17;289;;319;0;this;
18;289;;320;0;this;
19;289;305;306;0;this;
20;289;305;310;0;this;
21;289;;310;0;this;
22;289;;311;0;this;
23;289;;313;0;this;
24;289;;314;0;this;
25;289;;306;0;this;
26;289;;307;0;this;
27;289;;308;0;this;
28;289;;334;1;lowerBound;
29;289;;302;1;lowerBound;
30;289;;324;1;lowerBound;
31;289;;310;1;lowerBound;
32;289;;306;1;lowerBound;
33;289;;334;2;upperBound;
34;289;;303;2;upperBound;
35;289;;322;2;upperBound;
36;289;;318;2;upperBound;
37;289;;313;2;upperBound;
38;289;;302;4;this.currentBest;
39;289;;303;4;this.currentBest;
40;289;;322;4;this.currentBest;
41;289;;324;4;this.currentBest;
42;289;;318;4;this.currentBest;
43;289;;310;4;this.currentBest;
44;289;;313;4;this.currentBest;
45;289;;306;4;this.currentBest;
46;289;;301;7;this.boundDifference;
47;289;;302;8;this.lowerDifference;
48;289;304;305;8;this.lowerDifference;
49;289;304;316;8;this.lowerDifference;
50;289;;326;8;this.lowerDifference;
51;289;;319;8;this.lowerDifference;
52;289;305;306;8;this.lowerDifference;
53;289;305;310;8;this.lowerDifference;
54;289;;311;8;this.lowerDifference;
55;289;;307;8;this.lowerDifference;
56;289;;303;9;this.upperDifference;
57;289;316;317;9;this.upperDifference;
58;289;316;300;9;this.upperDifference;
59;289;317;318;9;this.upperDifference;
60;289;317;322;9;this.upperDifference;
61;289;;327;9;this.upperDifference;
62;289;;320;9;this.upperDifference;
63;289;;314;9;this.upperDifference;
64;289;;308;9;this.upperDifference;
65;289;304;305;10;this.initialTrustRegionRadius;
66;289;304;316;10;this.initialTrustRegionRadius;
67;289;316;317;10;this.initialTrustRegionRadius;
68;289;316;300;10;this.initialTrustRegionRadius;
69;289;;322;10;this.initialTrustRegionRadius;
70;289;;325;10;this.initialTrustRegionRadius;
71;289;;327;10;this.initialTrustRegionRadius;
72;289;;310;10;this.initialTrustRegionRadius;
73;289;;311;10;this.initialTrustRegionRadius;
74;289;;314;10;this.initialTrustRegionRadius;
75;291;300;301;3;n;
76;291;300;334;3;n;
77;300;300;301;5;j;
78;300;300;334;5;j;
79;300;;301;5;j;
80;300;;302;5;j;
81;300;;303;5;j;
82;300;304;305;5;j;
83;300;304;316;5;j;
84;300;316;317;5;j;
85;300;316;300;5;j;
86;300;;300;5;j;
87;300;317;318;5;j;
88;300;317;322;5;j;
89;300;;322;5;j;
90;300;;324;5;j;
91;300;;326;5;j;
92;300;;327;5;j;
93;300;;318;5;j;
94;300;;319;5;j;
95;300;;320;5;j;
96;300;305;306;5;j;
97;300;305;310;5;j;
98;300;;310;5;j;
99;300;;311;5;j;
100;300;;313;5;j;
101;300;;314;5;j;
102;300;;306;5;j;
103;300;;307;5;j;
104;300;;308;5;j;
105;301;;319;6;boundDiff;
106;301;;308;6;boundDiff;
107;300;300;301;5;j;
108;300;300;334;5;j;
109;300;;301;5;j;
110;300;;302;5;j;
111;300;;303;5;j;
112;300;304;305;5;j;
113;300;304;316;5;j;
114;300;316;317;5;j;
115;300;316;300;5;j;
116;300;;300;5;j;
117;300;317;318;5;j;
118;300;317;322;5;j;
119;300;;322;5;j;
120;300;;324;5;j;
121;300;;326;5;j;
122;300;;327;5;j;
123;300;;318;5;j;
124;300;;319;5;j;
125;300;;320;5;j;
126;300;305;306;5;j;
127;300;305;310;5;j;
128;300;;310;5;j;
129;300;;311;5;j;
130;300;;313;5;j;
131;300;;314;5;j;
132;300;;306;5;j;
133;300;;307;5;j;
134;300;;308;5;j;

Block Duas for method; bobyqa;
Number;Def Block; Origin Block; Use Block; Var Id; Var Name;
1;0;;2;0;this;
;289;;334;0;this;
2;0;;3;0;this;
;289;;301;0;this;
;289;;302;0;this;
;289;;303;0;this;
3;0;3;9;0;this;
;289;304;305;0;this;
4;0;3;4;0;this;
;289;304;316;0;this;
5;0;4;6;0;this;
;289;316;317;0;this;
6;0;4;5;0;this;
;289;316;300;0;this;
7;0;6;8;0;this;
;289;317;318;0;this;
8;0;6;7;0;this;
;289;317;322;0;this;
9;0;;7;0;this;
;289;;322;0;this;
;289;;324;0;this;
;289;;325;0;this;
;289;;326;0;this;
;289;;327;0;this;
10;0;;8;0;this;
;289;;318;0;this;
;289;;319;0;this;
;289;;320;0;this;
11;0;9;11;0;this;
;289;305;306;0;this;
12;0;9;10;0;this;
;289;305;310;0;this;
13;0;;10;0;this;
;289;;310;0;this;
;289;;311;0;this;
;289;;313;0;this;
;289;;314;0;this;
14;0;;11;0;this;
;289;;306;0;this;
;289;;307;0;this;
;289;;308;0;this;
15;0;;2;1;lowerBound;
;289;;334;1;lowerBound;
16;0;;3;1;lowerBound;
;289;;302;1;lowerBound;
17;0;;7;1;lowerBound;
;289;;324;1;lowerBound;
18;0;;10;1;lowerBound;
;289;;310;1;lowerBound;
19;0;;11;1;lowerBound;
;289;;306;1;lowerBound;
20;0;;2;2;upperBound;
;289;;334;2;upperBound;
21;0;;3;2;upperBound;
;289;;303;2;upperBound;
22;0;;7;2;upperBound;
;289;;322;2;upperBound;
23;0;;8;2;upperBound;
;289;;318;2;upperBound;
24;0;;10;2;upperBound;
;289;;313;2;upperBound;
25;0;;3;3;this.currentBest;
;289;;302;4;this.currentBest;
;289;;303;4;this.currentBest;
26;0;;7;3;this.currentBest;
;289;;322;4;this.currentBest;
;289;;324;4;this.currentBest;
27;0;;8;3;this.currentBest;
;289;;318;4;this.currentBest;
28;0;;10;3;this.currentBest;
;289;;310;4;this.currentBest;
;289;;313;4;this.currentBest;
29;0;;11;3;this.currentBest;
;289;;306;4;this.currentBest;
30;0;;3;4;this.boundDifference;
;289;;301;7;this.boundDifference;
31;0;;3;5;this.lowerDifference;
;289;;302;8;this.lowerDifference;
32;0;3;9;5;this.lowerDifference;
;289;304;305;8;this.lowerDifference;
33;0;3;4;5;this.lowerDifference;
;289;304;316;8;this.lowerDifference;
34;0;;7;5;this.lowerDifference;
;289;;326;8;this.lowerDifference;
35;0;;8;5;this.lowerDifference;
;289;;319;8;this.lowerDifference;
36;0;9;11;5;this.lowerDifference;
;289;305;306;8;this.lowerDifference;
37;0;9;10;5;this.lowerDifference;
;289;305;310;8;this.lowerDifference;
38;0;;10;5;this.lowerDifference;
;289;;311;8;this.lowerDifference;
39;0;;11;5;this.lowerDifference;
;289;;307;8;this.lowerDifference;
40;0;;3;6;this.upperDifference;
;289;;303;9;this.upperDifference;
41;0;4;6;6;this.upperDifference;
;289;316;317;9;this.upperDifference;
42;0;4;5;6;this.upperDifference;
;289;316;300;9;this.upperDifference;
43;0;6;8;6;this.upperDifference;
;289;317;318;9;this.upperDifference;
44;0;6;7;6;this.upperDifference;
;289;317;322;9;this.upperDifference;
45;0;;7;6;this.upperDifference;
;289;;327;9;this.upperDifference;
46;0;;8;6;this.upperDifference;
;289;;320;9;this.upperDifference;
47;0;;10;6;this.upperDifference;
;289;;314;9;this.upperDifference;
48;0;;11;6;this.upperDifference;
;289;;308;9;this.upperDifference;
49;0;3;9;7;this.initialTrustRegionRadius;
;289;304;305;10;this.initialTrustRegionRadius;
50;0;3;4;7;this.initialTrustRegionRadius;
;289;304;316;10;this.initialTrustRegionRadius;
51;0;4;6;7;this.initialTrustRegionRadius;
;289;316;317;10;this.initialTrustRegionRadius;
52;0;4;5;7;this.initialTrustRegionRadius;
;289;316;300;10;this.initialTrustRegionRadius;
53;0;;7;7;this.initialTrustRegionRadius;
;289;;322;10;this.initialTrustRegionRadius;
;289;;325;10;this.initialTrustRegionRadius;
;289;;327;10;this.initialTrustRegionRadius;
54;0;;10;7;this.initialTrustRegionRadius;
;289;;310;10;this.initialTrustRegionRadius;
;289;;311;10;this.initialTrustRegionRadius;
;289;;314;10;this.initialTrustRegionRadius;
55;0;1;3;8;n;
;291;300;301;3;n;
56;0;1;2;8;n;
;291;300;334;3;n;
57;0;1;3;9;j;
;300;300;301;5;j;
58;0;1;2;9;j;
;300;300;334;5;j;
59;0;;3;9;j;
;300;;301;5;j;
;300;;302;5;j;
;300;;303;5;j;
60;0;3;9;9;j;
;300;304;305;5;j;
61;0;3;4;9;j;
;300;304;316;5;j;
62;0;4;6;9;j;
;300;316;317;5;j;
63;0;4;5;9;j;
;300;316;300;5;j;
64;0;;5;9;j;
;300;;300;5;j;
65;0;6;8;9;j;
;300;317;318;5;j;
66;0;6;7;9;j;
;300;317;322;5;j;
67;0;;7;9;j;
;300;;322;5;j;
;300;;324;5;j;
;300;;326;5;j;
;300;;327;5;j;
68;0;;8;9;j;
;300;;318;5;j;
;300;;319;5;j;
;300;;320;5;j;
69;0;9;11;9;j;
;300;305;306;5;j;
70;0;9;10;9;j;
;300;305;310;5;j;
71;0;;10;9;j;
;300;;310;5;j;
;300;;311;5;j;
;300;;313;5;j;
;300;;314;5;j;
72;0;;11;9;j;
;300;;306;5;j;
;300;;307;5;j;
;300;;308;5;j;
73;3;;8;10;boundDiff;
;301;;319;6;boundDiff;
74;3;;11;10;boundDiff;
;301;;308;6;boundDiff;
75;5;1;3;9;j;
;300;300;301;5;j;
76;5;1;2;9;j;
;300;300;334;5;j;
77;5;;3;9;j;
;300;;301;5;j;
;300;;302;5;j;
;300;;303;5;j;
78;5;3;9;9;j;
;300;304;305;5;j;
79;5;3;4;9;j;
;300;304;316;5;j;
80;5;4;6;9;j;
;300;316;317;5;j;
81;5;4;5;9;j;
;300;316;300;5;j;
82;5;;5;9;j;
;300;;300;5;j;
83;5;6;8;9;j;
;300;317;318;5;j;
84;5;6;7;9;j;
;300;317;322;5;j;
85;5;;7;9;j;
;300;;322;5;j;
;300;;324;5;j;
;300;;326;5;j;
;300;;327;5;j;
86;5;;8;9;j;
;300;;318;5;j;
;300;;319;5;j;
;300;;320;5;j;
87;5;9;11;9;j;
;300;305;306;5;j;
88;5;9;10;9;j;
;300;305;310;5;j;
89;5;;10;9;j;
;300;;310;5;j;
;300;;311;5;j;
;300;;313;5;j;
;300;;314;5;j;
90;5;;11;9;j;
;300;;306;5;j;
;300;;307;5;j;
;300;;308;5;j;
