Number of Variables;80;
Variables:;
0;;this;
1;;delta;
2;;gnew;
3;;xbdi;
4;;s;
5;;hs;
6;;hred;
7;;this.trustRegionCenterOffset;
8;;this.lowerDifference;
9;;this.gradientAtTrustRegionCenter;
10;;this.upperDifference;
11;;this.trialStepPoint;
12;;this.newPoint;
13;;this.modelSecondDerivativesValues;
14;;this.interpolationPoints;
15;;this.modelSecondDerivativesParameters;
16;;SIMPLE_MESSAGE;
17;;n;
18;;npt;
19;;beta;
20;;iact;
21;;angt;
22;;xsav;
23;;angbd;
24;;dredg;
25;;sredg;
26;;ggsav;
27;;dredsq;
28;;gredsq;
29;;itcsav;
30;;rdprev;
31;;rdnext;
32;;stepsq;
33;;itermax;
34;;iterc;
35;;nact;
36;;i;
37;;delsq;
38;;qred;
39;;crvmin;
40;;state;
41;;i;
42;;resid;
43;;ds;
44;;shs;
45;;i;
46;;temp;
47;;blen;
48;;stplen;
49;;i;
50;;xsum;
51;;sdec;
52;;i;
53;;i;
54;;i;
55;;i;
56;;tempa;
57;;tempb;
58;;ssq;
59;;dhs;
60;;dhd;
61;;i;
62;;redmax;
63;;isav;
64;;redsav;
65;;iu;
66;;i;
67;;rednew;
68;;cth;
69;;sth;
70;;i;
71;;dsq;
72;;i;
73;;ih;
74;;j;
75;;i;
76;;tmp;
77;;k;
78;;i;
79;;i;

Number of Block duas;1194;
Line Duas for method; trsbox;
Number;Def Line; Origin Line; Use Line; Var Id; Var Name;
1;1810;;2252;0;this;
2;1810;2254;2255;0;this;
3;1810;2254;2253;0;this;
4;1810;;2256;0;this;
5;1810;;2248;0;this;
6;1810;;2246;0;this;
7;1810;;2219;0;this;
8;1810;;2221;0;this;
9;1810;;2228;0;this;
10;1810;;2230;0;this;
11;1810;;2226;0;this;
12;1810;;2223;0;this;
13;1810;;2191;0;this;
14;1810;;2192;0;this;
15;1810;;2136;0;this;
16;1810;;2137;0;this;
17;1810;;2083;0;this;
18;1810;;2084;0;this;
19;1810;;2095;0;this;
20;1810;;2100;0;this;
21;1810;;2111;0;this;
22;1810;;2067;0;this;
23;1810;;2041;0;this;
24;1810;;2043;0;this;
25;1810;;2047;0;this;
26;1810;;1999;0;this;
27;1810;;1982;0;this;
28;1810;;1948;0;this;
29;1810;;1952;0;this;
30;1810;;1950;0;this;
31;1810;;1921;0;this;
32;1810;;1923;0;this;
33;1810;1849;1850;0;this;
34;1810;1849;1853;0;this;
35;1810;1853;1853;0;this;
36;1810;1853;1857;0;this;
37;1810;;1860;0;this;
38;1810;;1861;0;this;
39;1810;1853;1855;0;this;
40;1810;1853;1857;0;this;
41;1810;1850;1851;0;this;
42;1810;1850;1857;0;this;
43;1810;;1863;1;delta;
44;1810;;2189;2;gnew;
45;1810;;2192;2;gnew;
46;1810;;2194;2;gnew;
47;1810;;2067;2;gnew;
48;1810;;2043;2;gnew;
49;1810;;2045;2;gnew;
50;1810;;1976;2;gnew;
51;1810;;1979;2;gnew;
52;1810;;1889;2;gnew;
53;1810;;1887;2;gnew;
54;1810;;1861;2;gnew;
55;1810;2222;2223;3;xbdi;
56;1810;2222;2225;3;xbdi;
57;1810;2225;2226;3;xbdi;
58;1810;2225;2228;3;xbdi;
59;1810;;2202;3;xbdi;
60;1810;2190;2191;3;xbdi;
61;1810;2190;2197;3;xbdi;
62;1810;2134;2135;3;xbdi;
63;1810;2134;2133;3;xbdi;
64;1810;2082;2083;3;xbdi;
65;1810;2082;2081;3;xbdi;
66;1810;;2091;3;xbdi;
67;1810;;2087;3;xbdi;
68;1810;2066;2067;3;xbdi;
69;1810;2066;2069;3;xbdi;
70;1810;2039;2041;3;xbdi;
71;1810;2039;2049;3;xbdi;
72;1810;;1994;3;xbdi;
73;1810;;1996;3;xbdi;
74;1810;1977;1979;3;xbdi;
75;1810;1977;1982;3;xbdi;
76;1810;1919;1921;3;xbdi;
77;1810;1919;1918;3;xbdi;
78;1810;1884;1885;3;xbdi;
79;1810;1884;1886;3;xbdi;
80;1810;;1848;3;xbdi;
81;1810;1857;1858;3;xbdi;
82;1810;1857;1860;3;xbdi;
83;1810;;1855;3;xbdi;
84;1810;;1851;3;xbdi;
85;1810;;2252;4;s;
86;1810;;2248;4;s;
87;1810;;2246;4;s;
88;1810;;2191;4;s;
89;1810;;2135;4;s;
90;1810;;2097;4;s;
91;1810;;2114;4;s;
92;1810;;2103;4;s;
93;1810;;2069;4;s;
94;1810;;2067;4;s;
95;1810;;2049;4;s;
96;1810;;2047;4;s;
97;1810;1995;1996;4;s;
98;1810;1995;1999;4;s;
99;1810;;1982;4;s;
100;1810;1947;1948;4;s;
101;1810;1947;1946;4;s;
102;1810;1949;1950;4;s;
103;1810;1949;1952;4;s;
104;1810;;1952;4;s;
105;1810;;1950;4;s;
106;1810;;1923;4;s;
107;1810;;1924;4;s;
108;1810;;1889;4;s;
109;1810;;1892;4;s;
110;1810;;1887;4;s;
111;1810;;1885;4;s;
112;1810;;2267;5;hs;
113;1810;;2256;5;hs;
114;1810;;2243;5;hs;
115;1810;;2248;5;hs;
116;1810;;2246;5;hs;
117;1810;;2189;5;hs;
118;1810;;2197;5;hs;
119;1810;;2135;5;hs;
120;1810;;2136;5;hs;
121;1810;;1976;5;hs;
122;1810;;1924;5;hs;
123;1810;;2267;6;hred;
124;1810;;2189;6;hred;
125;1810;;2197;6;hred;
126;1810;;2137;6;hred;
127;1810;;2219;41;this.trustRegionCenterOffset;
128;1810;;2228;41;this.trustRegionCenterOffset;
129;1810;;2083;41;this.trustRegionCenterOffset;
130;1810;;2084;41;this.trustRegionCenterOffset;
131;1810;;2100;41;this.trustRegionCenterOffset;
132;1810;;2111;41;this.trustRegionCenterOffset;
133;1810;;1948;41;this.trustRegionCenterOffset;
134;1810;1849;1850;41;this.trustRegionCenterOffset;
135;1810;1849;1853;41;this.trustRegionCenterOffset;
136;1810;1853;1853;41;this.trustRegionCenterOffset;
137;1810;1853;1857;41;this.trustRegionCenterOffset;
138;1810;;2221;42;this.lowerDifference;
139;1810;;2223;42;this.lowerDifference;
140;1810;;2083;42;this.lowerDifference;
141;1810;;2100;42;this.lowerDifference;
142;1810;;1952;42;this.lowerDifference;
143;1810;1849;1850;42;this.lowerDifference;
144;1810;1849;1853;42;this.lowerDifference;
145;1810;;1861;43;this.gradientAtTrustRegionCenter;
146;1810;1853;1855;43;this.gradientAtTrustRegionCenter;
147;1810;1853;1857;43;this.gradientAtTrustRegionCenter;
148;1810;1850;1851;43;this.gradientAtTrustRegionCenter;
149;1810;1850;1857;43;this.gradientAtTrustRegionCenter;
150;1810;;2219;44;this.upperDifference;
151;1810;;2226;44;this.upperDifference;
152;1810;;2084;44;this.upperDifference;
153;1810;;2111;44;this.upperDifference;
154;1810;;1950;44;this.upperDifference;
155;1810;1853;1853;44;this.upperDifference;
156;1810;1853;1857;44;this.upperDifference;
157;1810;;2219;45;this.trialStepPoint;
158;1810;;2228;45;this.trialStepPoint;
159;1810;;2230;45;this.trialStepPoint;
160;1810;;2191;45;this.trialStepPoint;
161;1810;;2192;45;this.trialStepPoint;
162;1810;;2136;45;this.trialStepPoint;
163;1810;;2137;45;this.trialStepPoint;
164;1810;;2083;45;this.trialStepPoint;
165;1810;;2084;45;this.trialStepPoint;
166;1810;;2095;45;this.trialStepPoint;
167;1810;;2067;45;this.trialStepPoint;
168;1810;;2041;45;this.trialStepPoint;
169;1810;;2043;45;this.trialStepPoint;
170;1810;;2047;45;this.trialStepPoint;
171;1810;;1999;45;this.trialStepPoint;
172;1810;;1982;45;this.trialStepPoint;
173;1810;;1948;45;this.trialStepPoint;
174;1810;;1921;45;this.trialStepPoint;
175;1810;;1923;45;this.trialStepPoint;
176;1810;;1860;45;this.trialStepPoint;
177;1810;;2221;61;this.newPoint;
178;1810;;2228;61;this.newPoint;
179;1810;;2226;61;this.newPoint;
180;1810;;2223;61;this.newPoint;
181;1810;;2248;63;this.modelSecondDerivativesValues;
182;1810;;2246;63;this.modelSecondDerivativesValues;
183;1810;;2252;64;this.interpolationPoints;
184;1810;;2256;64;this.interpolationPoints;
185;1810;;2252;65;this.modelSecondDerivativesParameters;
186;1810;2254;2255;65;this.modelSecondDerivativesParameters;
187;1810;2254;2253;65;this.modelSecondDerivativesParameters;
188;1810;;2272;66;SIMPLE_MESSAGE;
189;1812;1847;1848;7;n;
190;1812;1847;1863;7;n;
191;1812;2242;2243;7;n;
192;1812;2242;2252;7;n;
193;1812;2266;2267;7;n;
194;1812;2266;2269;7;n;
195;1812;2255;2256;7;n;
196;1812;2255;2253;7;n;
197;1812;2216;2219;7;n;
198;1812;2216;2233;7;n;
199;1812;2133;2134;7;n;
200;1812;2133;2145;7;n;
201;1812;2188;2189;7;n;
202;1812;2188;2199;7;n;
203;1812;2065;2066;7;n;
204;1812;2065;2072;7;n;
205;1812;2081;2082;7;n;
206;1812;2081;2126;7;n;
207;1812;2032;2033;7;n;
208;1812;2032;2035;7;n;
209;1812;2038;2039;7;n;
210;1812;2038;2052;7;n;
211;1812;1918;1919;7;n;
212;1812;1918;1927;7;n;
213;1812;1946;1947;7;n;
214;1812;1946;1963;7;n;
215;1812;1975;1976;7;n;
216;1812;1975;1985;7;n;
217;1812;1883;1884;7;n;
218;1812;1883;1895;7;n;
219;1812;;1900;7;n;
220;1813;2253;2254;9;npt;
221;1813;2253;2260;9;npt;
222;1821;1898;1899;13;beta;
223;1821;1898;1902;13;beta;
224;1821;1886;1887;13;beta;
225;1821;1886;1889;13;beta;
226;1821;;1889;13;beta;
227;1822;2200;2200;14;iact;
228;1822;2200;2209;14;iact;
229;1822;;2202;14;iact;
230;1824;;2174;16;angt;
231;1824;;2175;16;angt;
232;1824;;2176;16;angt;
233;1824;;2177;16;angt;
234;1826;;2202;18;xsav;
235;1826;;2148;20;angbd;
236;1826;;2172;20;angbd;
237;1826;;2150;20;angbd;
238;1826;;2177;21;dredg;
239;1826;;2153;21;dredg;
240;1826;;2060;21;dredg;
241;1826;;2067;21;dredg;
242;1826;;2177;22;sredg;
243;1826;;2153;22;sredg;
244;1828;;2017;25;ggsav;
245;1829;;2060;29;dredsq;
246;1829;;2067;29;dredsq;
247;1829;;2060;31;gredsq;
248;1829;;2017;31;gredsq;
249;1829;;1973;31;gredsq;
250;1829;;1939;31;gredsq;
251;1829;1902;1903;31;gredsq;
252;1829;1902;1911;31;gredsq;
253;1830;2263;2264;33;itcsav;
254;1830;2263;2266;33;itcsav;
255;1831;;2171;34;rdprev;
256;1831;;2171;35;rdnext;
257;1831;;1930;37;stepsq;
258;1831;;1966;37;stepsq;
259;1831;;1932;37;stepsq;
260;1832;2011;2012;38;itermax;
261;1832;2011;2014;38;itermax;
262;1845;2263;2264;39;iterc;
263;1845;2263;2266;39;iterc;
264;1845;;2059;39;iterc;
265;1845;;2052;39;iterc;
266;1845;2011;2012;39;iterc;
267;1845;2011;2014;39;iterc;
268;1845;;1965;39;iterc;
269;1845;;1900;39;iterc;
270;1846;;2201;15;nact;
271;1846;;2090;15;nact;
272;1846;;2086;15;nact;
273;1846;2032;2033;15;nact;
274;1846;2032;2035;15;nact;
275;1846;;1993;15;nact;
276;1846;;1900;15;nact;
277;1846;;1858;15;nact;
278;1847;1847;1848;40;i;
279;1847;1847;1863;40;i;
280;1847;;1848;40;i;
281;1847;1849;1850;40;i;
282;1847;1849;1853;40;i;
283;1847;1853;1853;40;i;
284;1847;1853;1857;40;i;
285;1847;1857;1858;40;i;
286;1847;1857;1860;40;i;
287;1847;;1860;40;i;
288;1847;;1861;40;i;
289;1847;;1847;40;i;
290;1847;1853;1855;40;i;
291;1847;1853;1857;40;i;
292;1847;;1855;40;i;
293;1847;1850;1851;40;i;
294;1847;1850;1857;40;i;
295;1847;;1851;40;i;
296;1858;;2201;15;nact;
297;1858;;2090;15;nact;
298;1858;;2086;15;nact;
299;1858;2032;2033;15;nact;
300;1858;2032;2035;15;nact;
301;1858;;1993;15;nact;
302;1858;;1900;15;nact;
303;1858;;1858;15;nact;
304;1847;1847;1848;40;i;
305;1847;1847;1863;40;i;
306;1847;;1848;40;i;
307;1847;1849;1850;40;i;
308;1847;1849;1853;40;i;
309;1847;1853;1853;40;i;
310;1847;1853;1857;40;i;
311;1847;1857;1858;40;i;
312;1847;1857;1860;40;i;
313;1847;;1860;40;i;
314;1847;;1861;40;i;
315;1847;;1847;40;i;
316;1847;1853;1855;40;i;
317;1847;1853;1857;40;i;
318;1847;;1855;40;i;
319;1847;1850;1851;40;i;
320;1847;1850;1857;40;i;
321;1847;;1851;40;i;
322;1863;;1915;24;delsq;
323;1863;;2000;24;delsq;
324;1863;1902;1903;24;delsq;
325;1863;1902;1911;24;delsq;
326;1864;;2199;46;qred;
327;1864;2061;2062;46;qred;
328;1864;2061;2064;46;qred;
329;1864;2014;2015;46;qred;
330;1864;2014;2017;46;qred;
331;1864;;1987;46;qred;
332;1864;1902;1903;46;qred;
333;1864;1902;1911;46;qred;
334;1865;2260;2261;12;crvmin;
335;1865;2260;2263;12;crvmin;
336;1865;;2233;12;crvmin;
337;1865;;1968;12;crvmin;
338;1873;1875;2272;40;state;
339;1873;1875;1877;40;state;
340;1873;1875;1881;40;state;
341;1873;1875;1914;40;state;
342;1873;1875;2022;40;state;
343;1873;1875;2031;40;state;
344;1873;1875;2058;40;state;
345;1873;1875;2129;40;state;
346;1873;1875;2214;40;state;
347;1873;1875;2240;40;state;
348;1878;1898;1899;13;beta;
349;1878;1898;1902;13;beta;
350;1878;1886;1887;13;beta;
351;1878;1886;1889;13;beta;
352;1878;;1889;13;beta;
353;1882;1895;1896;37;stepsq;
354;1882;1895;1898;37;stepsq;
355;1882;;1930;37;stepsq;
356;1882;;1966;37;stepsq;
357;1882;;1932;37;stepsq;
358;1882;;1899;37;stepsq;
359;1882;;1893;37;stepsq;
360;1883;1883;1884;47;i;
361;1883;1883;1895;47;i;
362;1883;1884;1885;47;i;
363;1883;1884;1886;47;i;
364;1883;;1889;47;i;
365;1883;;1892;47;i;
366;1883;;1883;47;i;
367;1883;;1887;47;i;
368;1883;;1885;47;i;
369;1893;1895;1896;37;stepsq;
370;1893;1895;1898;37;stepsq;
371;1893;;1930;37;stepsq;
372;1893;;1966;37;stepsq;
373;1893;;1932;37;stepsq;
374;1893;;1899;37;stepsq;
375;1893;;1893;37;stepsq;
376;1883;1883;1884;47;i;
377;1883;1883;1895;47;i;
378;1883;1884;1885;47;i;
379;1883;1884;1886;47;i;
380;1883;;1889;47;i;
381;1883;;1892;47;i;
382;1883;;1883;47;i;
383;1883;;1887;47;i;
384;1883;;1885;47;i;
385;1896;1875;2272;40;state;
386;1896;1875;1877;40;state;
387;1896;1875;1881;40;state;
388;1896;1875;1914;40;state;
389;1896;1875;2022;40;state;
390;1896;1875;2031;40;state;
391;1896;1875;2058;40;state;
392;1896;1875;2129;40;state;
393;1896;1875;2214;40;state;
394;1896;1875;2240;40;state;
395;1899;1902;1903;31;gredsq;
396;1899;1902;1911;31;gredsq;
397;1899;;2060;31;gredsq;
398;1899;;2017;31;gredsq;
399;1899;;1973;31;gredsq;
400;1899;;1939;31;gredsq;
401;1900;2011;2012;38;itermax;
402;1900;2011;2014;38;itermax;
403;1903;1875;2272;40;state;
404;1903;1875;1877;40;state;
405;1903;1875;1881;40;state;
406;1903;1875;1914;40;state;
407;1903;1875;2022;40;state;
408;1903;1875;2031;40;state;
409;1903;1875;2058;40;state;
410;1903;1875;2129;40;state;
411;1903;1875;2214;40;state;
412;1903;1875;2240;40;state;
413;1911;1875;2272;40;state;
414;1911;1875;1877;40;state;
415;1911;1875;1881;40;state;
416;1911;1875;1914;40;state;
417;1911;1875;2022;40;state;
418;1911;1875;2031;40;state;
419;1911;1875;2058;40;state;
420;1911;1875;2129;40;state;
421;1911;1875;2214;40;state;
422;1911;1875;2240;40;state;
423;1915;1927;1928;23;resid;
424;1915;1927;1930;23;resid;
425;1915;;1930;23;resid;
426;1915;;1934;23;resid;
427;1915;;1922;23;resid;
428;1916;;1930;49;ds;
429;1916;1931;1932;49;ds;
430;1916;1931;1934;49;ds;
431;1916;;1934;49;ds;
432;1916;;1932;49;ds;
433;1916;;1923;49;ds;
434;1917;1937;1939;50;shs;
435;1917;1937;1945;50;shs;
436;1917;;1966;50;shs;
437;1917;;1985;50;shs;
438;1917;;1939;50;shs;
439;1917;;1924;50;shs;
440;1918;1918;1919;47;i;
441;1918;1918;1927;47;i;
442;1918;1919;1921;47;i;
443;1918;1919;1918;47;i;
444;1918;;1918;47;i;
445;1918;;1921;47;i;
446;1918;;1923;47;i;
447;1918;;1924;47;i;
448;1922;1927;1928;23;resid;
449;1922;1927;1930;23;resid;
450;1922;;1930;23;resid;
451;1922;;1934;23;resid;
452;1922;;1922;23;resid;
453;1923;;1930;49;ds;
454;1923;1931;1932;49;ds;
455;1923;1931;1934;49;ds;
456;1923;;1934;49;ds;
457;1923;;1932;49;ds;
458;1923;;1923;49;ds;
459;1924;1937;1939;50;shs;
460;1924;1937;1945;50;shs;
461;1924;;1966;50;shs;
462;1924;;1985;50;shs;
463;1924;;1939;50;shs;
464;1924;;1924;50;shs;
465;1918;1918;1919;47;i;
466;1918;1918;1927;47;i;
467;1918;1919;1921;47;i;
468;1918;1919;1918;47;i;
469;1918;;1918;47;i;
470;1918;;1921;47;i;
471;1918;;1923;47;i;
472;1918;;1924;47;i;
473;1928;1875;2272;40;state;
474;1928;1875;1877;40;state;
475;1928;1875;1881;40;state;
476;1928;1875;1914;40;state;
477;1928;1875;2022;40;state;
478;1928;1875;2031;40;state;
479;1928;1875;2058;40;state;
480;1928;1875;2129;40;state;
481;1928;1875;2214;40;state;
482;1928;1875;2240;40;state;
483;1930;;1934;17;temp;
484;1930;;1932;17;temp;
485;1932;;1936;51;blen;
486;1932;2010;2011;51;blen;
487;1932;2010;2022;51;blen;
488;1932;;1939;51;blen;
489;1934;;1936;51;blen;
490;1934;2010;2011;51;blen;
491;1934;2010;2022;51;blen;
492;1934;;1939;51;blen;
493;1936;1964;1965;36;stplen;
494;1936;1964;1992;36;stplen;
495;1936;2010;2011;36;stplen;
496;1936;2010;2022;36;stplen;
497;1936;;1985;36;stplen;
498;1936;;1976;36;stplen;
499;1936;;1982;36;stplen;
500;1936;1954;1955;36;stplen;
501;1936;1954;1946;36;stplen;
502;1939;1964;1965;36;stplen;
503;1939;1964;1992;36;stplen;
504;1939;2010;2011;36;stplen;
505;1939;2010;2022;36;stplen;
506;1939;;1985;36;stplen;
507;1939;;1976;36;stplen;
508;1939;;1982;36;stplen;
509;1939;1954;1955;36;stplen;
510;1939;1954;1946;36;stplen;
511;1945;1992;1993;14;iact;
512;1945;1992;2010;14;iact;
513;1945;2200;2200;14;iact;
514;1945;2200;2209;14;iact;
515;1945;;2202;14;iact;
516;1945;;1994;14;iact;
517;1945;1995;1996;14;iact;
518;1945;1995;1999;14;iact;
519;1945;;1999;14;iact;
520;1945;;1996;14;iact;
521;1945;1967;1967;14;iact;
522;1945;1967;1973;14;iact;
523;1946;1946;1947;47;i;
524;1946;1946;1963;47;i;
525;1946;1947;1948;47;i;
526;1946;1947;1946;47;i;
527;1946;;1946;47;i;
528;1946;;1948;47;i;
529;1946;1949;1950;47;i;
530;1946;1949;1952;47;i;
531;1946;;1952;47;i;
532;1946;;1956;47;i;
533;1946;;1950;47;i;
534;1948;;1952;19;xsum;
535;1948;;1950;19;xsum;
536;1950;1954;1955;17;temp;
537;1950;1954;1946;17;temp;
538;1950;;1955;17;temp;
539;1952;1954;1955;17;temp;
540;1952;1954;1946;17;temp;
541;1952;;1955;17;temp;
542;1955;1964;1965;36;stplen;
543;1955;1964;1992;36;stplen;
544;1955;2010;2011;36;stplen;
545;1955;2010;2022;36;stplen;
546;1955;;1985;36;stplen;
547;1955;;1976;36;stplen;
548;1955;;1982;36;stplen;
549;1955;1954;1955;36;stplen;
550;1955;1954;1946;36;stplen;
551;1956;1992;1993;14;iact;
552;1956;1992;2010;14;iact;
553;1956;2200;2200;14;iact;
554;1956;2200;2209;14;iact;
555;1956;;2202;14;iact;
556;1956;;1994;14;iact;
557;1956;1995;1996;14;iact;
558;1956;1995;1999;14;iact;
559;1956;;1999;14;iact;
560;1956;;1996;14;iact;
561;1956;1967;1967;14;iact;
562;1956;1967;1973;14;iact;
563;1946;1946;1947;47;i;
564;1946;1946;1963;47;i;
565;1946;1947;1948;47;i;
566;1946;1947;1946;47;i;
567;1946;;1946;47;i;
568;1946;;1948;47;i;
569;1946;1949;1950;47;i;
570;1946;1949;1952;47;i;
571;1946;;1952;47;i;
572;1946;;1956;47;i;
573;1946;;1950;47;i;
574;1963;2014;2015;52;sdec;
575;1963;2014;2017;52;sdec;
576;1965;;2052;39;iterc;
577;1965;2263;2264;39;iterc;
578;1965;2263;2266;39;iterc;
579;1965;;2059;39;iterc;
580;1965;;1965;39;iterc;
581;1965;;1900;39;iterc;
582;1965;2011;2012;39;iterc;
583;1965;2011;2014;39;iterc;
584;1966;1967;1968;17;temp;
585;1966;1967;1973;17;temp;
586;1966;;1968;17;temp;
587;1966;;1970;17;temp;
588;1968;1969;1970;12;crvmin;
589;1968;1969;1973;12;crvmin;
590;1968;2260;2261;12;crvmin;
591;1968;2260;2263;12;crvmin;
592;1968;;2233;12;crvmin;
593;1968;;1968;12;crvmin;
594;1970;2260;2261;12;crvmin;
595;1970;2260;2263;12;crvmin;
596;1970;;2233;12;crvmin;
597;1970;;1968;12;crvmin;
598;1973;;1985;25;ggsav;
599;1973;;2017;25;ggsav;
600;1974;;2060;31;gredsq;
601;1974;;1973;31;gredsq;
602;1974;;1939;31;gredsq;
603;1974;1902;1903;31;gredsq;
604;1974;1902;1911;31;gredsq;
605;1974;;2017;31;gredsq;
606;1974;;1980;31;gredsq;
607;1975;1975;1976;47;i;
608;1975;1975;1985;47;i;
609;1975;;1976;47;i;
610;1975;1977;1979;47;i;
611;1975;1977;1982;47;i;
612;1975;;1982;47;i;
613;1975;;1975;47;i;
614;1975;;1979;47;i;
615;1980;;2060;31;gredsq;
616;1980;;1973;31;gredsq;
617;1980;;1939;31;gredsq;
618;1980;1902;1903;31;gredsq;
619;1980;1902;1911;31;gredsq;
620;1980;;2017;31;gredsq;
621;1980;;1980;31;gredsq;
622;1975;1975;1976;47;i;
623;1975;1975;1985;47;i;
624;1975;;1976;47;i;
625;1975;1977;1979;47;i;
626;1975;1977;1982;47;i;
627;1975;;1982;47;i;
628;1975;;1975;47;i;
629;1975;;1979;47;i;
630;1986;2014;2015;52;sdec;
631;1986;2014;2017;52;sdec;
632;1987;;2199;46;qred;
633;1987;2061;2062;46;qred;
634;1987;2061;2064;46;qred;
635;1987;;1987;46;qred;
636;1987;1902;1903;46;qred;
637;1987;1902;1911;46;qred;
638;1987;2014;2015;46;qred;
639;1987;2014;2017;46;qred;
640;1993;;2201;15;nact;
641;1993;;2090;15;nact;
642;1993;;2086;15;nact;
643;1993;2032;2033;15;nact;
644;1993;2032;2035;15;nact;
645;1993;;1993;15;nact;
646;1993;;1900;15;nact;
647;2000;2001;2002;24;delsq;
648;2000;2001;2004;24;delsq;
649;2000;;1915;24;delsq;
650;2000;;2000;24;delsq;
651;2000;1902;1903;24;delsq;
652;2000;1902;1911;24;delsq;
653;2002;1875;2272;40;state;
654;2002;1875;1877;40;state;
655;2002;1875;1881;40;state;
656;2002;1875;1914;40;state;
657;2002;1875;2022;40;state;
658;2002;1875;2031;40;state;
659;2002;1875;2058;40;state;
660;2002;1875;2129;40;state;
661;2002;1875;2214;40;state;
662;2002;1875;2240;40;state;
663;2004;1875;2272;40;state;
664;2004;1875;1877;40;state;
665;2004;1875;1881;40;state;
666;2004;1875;1914;40;state;
667;2004;1875;2022;40;state;
668;2004;1875;2031;40;state;
669;2004;1875;2058;40;state;
670;2004;1875;2129;40;state;
671;2004;1875;2214;40;state;
672;2004;1875;2240;40;state;
673;2012;1875;2272;40;state;
674;2012;1875;1877;40;state;
675;2012;1875;1881;40;state;
676;2012;1875;1914;40;state;
677;2012;1875;2022;40;state;
678;2012;1875;2031;40;state;
679;2012;1875;2058;40;state;
680;2012;1875;2129;40;state;
681;2012;1875;2214;40;state;
682;2012;1875;2240;40;state;
683;2015;1875;2272;40;state;
684;2015;1875;1877;40;state;
685;2015;1875;1881;40;state;
686;2015;1875;1914;40;state;
687;2015;1875;2022;40;state;
688;2015;1875;2031;40;state;
689;2015;1875;2058;40;state;
690;2015;1875;2129;40;state;
691;2015;1875;2214;40;state;
692;2015;1875;2240;40;state;
693;2017;1898;1899;13;beta;
694;2017;1898;1902;13;beta;
695;2017;1886;1887;13;beta;
696;2017;1886;1889;13;beta;
697;2017;;1889;13;beta;
698;2018;1875;2272;40;state;
699;2018;1875;1877;40;state;
700;2018;1875;1881;40;state;
701;2018;1875;1914;40;state;
702;2018;1875;2022;40;state;
703;2018;1875;2031;40;state;
704;2018;1875;2058;40;state;
705;2018;1875;2129;40;state;
706;2018;1875;2214;40;state;
707;2018;1875;2240;40;state;
708;2023;2260;2261;12;crvmin;
709;2023;2260;2263;12;crvmin;
710;2023;;2233;12;crvmin;
711;2023;;1968;12;crvmin;
712;2033;1875;2272;40;state;
713;2033;1875;1877;40;state;
714;2033;1875;1881;40;state;
715;2033;1875;1914;40;state;
716;2033;1875;2022;40;state;
717;2033;1875;2031;40;state;
718;2033;1875;2058;40;state;
719;2033;1875;2129;40;state;
720;2033;1875;2214;40;state;
721;2033;1875;2240;40;state;
722;2035;;2060;29;dredsq;
723;2035;;2067;29;dredsq;
724;2035;;2042;29;dredsq;
725;2036;;2177;21;dredg;
726;2036;;2153;21;dredg;
727;2036;;2060;21;dredg;
728;2036;;2067;21;dredg;
729;2036;;2043;21;dredg;
730;2037;;2060;31;gredsq;
731;2037;;2017;31;gredsq;
732;2037;;1973;31;gredsq;
733;2037;;1939;31;gredsq;
734;2037;1902;1903;31;gredsq;
735;2037;1902;1911;31;gredsq;
736;2037;;2046;31;gredsq;
737;2038;2038;2039;47;i;
738;2038;2038;2052;47;i;
739;2038;2039;2041;47;i;
740;2038;2039;2049;47;i;
741;2038;;2049;47;i;
742;2038;;2038;47;i;
743;2038;;2041;47;i;
744;2038;;2043;47;i;
745;2038;;2045;47;i;
746;2038;;2047;47;i;
747;2042;;2060;29;dredsq;
748;2042;;2067;29;dredsq;
749;2042;;2042;29;dredsq;
750;2043;;2177;21;dredg;
751;2043;;2153;21;dredg;
752;2043;;2060;21;dredg;
753;2043;;2067;21;dredg;
754;2043;;2043;21;dredg;
755;2046;;2060;31;gredsq;
756;2046;;2017;31;gredsq;
757;2046;;1973;31;gredsq;
758;2046;;1939;31;gredsq;
759;2046;1902;1903;31;gredsq;
760;2046;1902;1911;31;gredsq;
761;2046;;2046;31;gredsq;
762;2038;2038;2039;47;i;
763;2038;2038;2052;47;i;
764;2038;2039;2041;47;i;
765;2038;2039;2049;47;i;
766;2038;;2049;47;i;
767;2038;;2038;47;i;
768;2038;;2041;47;i;
769;2038;;2043;47;i;
770;2038;;2045;47;i;
771;2038;;2047;47;i;
772;2052;2263;2264;33;itcsav;
773;2052;2263;2266;33;itcsav;
774;2053;1875;2272;40;state;
775;2053;1875;1877;40;state;
776;2053;1875;1881;40;state;
777;2053;1875;1914;40;state;
778;2053;1875;2022;40;state;
779;2053;1875;2031;40;state;
780;2053;1875;2058;40;state;
781;2053;1875;2129;40;state;
782;2053;1875;2214;40;state;
783;2053;1875;2240;40;state;
784;2059;2263;2264;39;iterc;
785;2059;2263;2266;39;iterc;
786;2059;;2059;39;iterc;
787;2059;;2052;39;iterc;
788;2059;2011;2012;39;iterc;
789;2059;2011;2014;39;iterc;
790;2059;;1965;39;iterc;
791;2059;;1900;39;iterc;
792;2060;2061;2062;17;temp;
793;2060;2061;2064;17;temp;
794;2060;;2064;17;temp;
795;2062;1875;2272;40;state;
796;2062;1875;1877;40;state;
797;2062;1875;1881;40;state;
798;2062;1875;1914;40;state;
799;2062;1875;2022;40;state;
800;2062;1875;2031;40;state;
801;2062;1875;2058;40;state;
802;2062;1875;2129;40;state;
803;2062;1875;2214;40;state;
804;2062;1875;2240;40;state;
805;2064;;2072;17;temp;
806;2064;;2067;17;temp;
807;2065;2065;2066;47;i;
808;2065;2065;2072;47;i;
809;2065;2066;2067;47;i;
810;2065;2066;2069;47;i;
811;2065;;2069;47;i;
812;2065;;2065;47;i;
813;2065;;2067;47;i;
814;2065;2065;2066;47;i;
815;2065;2065;2072;47;i;
816;2065;2066;2067;47;i;
817;2065;2066;2069;47;i;
818;2065;;2069;47;i;
819;2065;;2065;47;i;
820;2065;;2067;47;i;
821;2072;;2177;22;sredg;
822;2072;;2153;22;sredg;
823;2079;;2148;20;angbd;
824;2079;;2172;20;angbd;
825;2079;;2150;20;angbd;
826;2079;2115;2116;20;angbd;
827;2079;2115;2081;20;angbd;
828;2079;2104;2105;20;angbd;
829;2079;2104;2111;20;angbd;
830;2080;2200;2200;14;iact;
831;2080;2200;2209;14;iact;
832;2080;;2202;14;iact;
833;2081;2081;2082;47;i;
834;2081;2081;2126;47;i;
835;2081;2082;2083;47;i;
836;2081;2082;2081;47;i;
837;2081;;2081;47;i;
838;2081;;2083;47;i;
839;2081;;2084;47;i;
840;2081;;2095;47;i;
841;2081;;2097;47;i;
842;2081;;2100;47;i;
843;2081;;2111;47;i;
844;2081;;2114;47;i;
845;2081;;2117;47;i;
846;2081;;2103;47;i;
847;2081;;2106;47;i;
848;2081;;2091;47;i;
849;2081;;2087;47;i;
850;2083;2085;2086;26;tempa;
851;2083;2085;2089;26;tempa;
852;2083;2104;2105;26;tempa;
853;2083;2104;2111;26;tempa;
854;2083;;2105;26;tempa;
855;2084;2089;2090;27;tempb;
856;2084;2089;2095;27;tempb;
857;2084;2115;2116;27;tempb;
858;2084;2115;2081;27;tempb;
859;2084;;2116;27;tempb;
860;2086;;2201;15;nact;
861;2086;;2090;15;nact;
862;2086;;2086;15;nact;
863;2086;2032;2033;15;nact;
864;2086;2032;2035;15;nact;
865;2086;;1993;15;nact;
866;2086;;1900;15;nact;
867;2090;;2201;15;nact;
868;2090;;2090;15;nact;
869;2090;;2086;15;nact;
870;2090;2032;2033;15;nact;
871;2090;2032;2035;15;nact;
872;2090;;1993;15;nact;
873;2090;;1900;15;nact;
874;2098;;2112;54;ssq;
875;2101;2102;2103;17;temp;
876;2101;2102;2111;17;temp;
877;2101;;2103;17;temp;
878;2103;2104;2105;17;temp;
879;2103;2104;2111;17;temp;
880;2103;;2105;17;temp;
881;2105;;2148;20;angbd;
882;2105;;2172;20;angbd;
883;2105;;2150;20;angbd;
884;2105;2104;2105;20;angbd;
885;2105;2104;2111;20;angbd;
886;2105;2115;2116;20;angbd;
887;2105;2115;2081;20;angbd;
888;2106;2200;2200;14;iact;
889;2106;2200;2209;14;iact;
890;2106;;2202;14;iact;
891;2107;;2202;18;xsav;
892;2112;2113;2114;17;temp;
893;2112;2113;2081;17;temp;
894;2112;;2114;17;temp;
895;2114;2115;2116;17;temp;
896;2114;2115;2081;17;temp;
897;2114;;2116;17;temp;
898;2116;;2148;20;angbd;
899;2116;;2172;20;angbd;
900;2116;;2150;20;angbd;
901;2116;2115;2116;20;angbd;
902;2116;2115;2081;20;angbd;
903;2116;2104;2105;20;angbd;
904;2116;2104;2111;20;angbd;
905;2117;2200;2200;14;iact;
906;2117;2200;2209;14;iact;
907;2117;;2202;14;iact;
908;2118;;2202;18;xsav;
909;2081;2081;2082;47;i;
910;2081;2081;2126;47;i;
911;2081;2082;2083;47;i;
912;2081;2082;2081;47;i;
913;2081;;2081;47;i;
914;2081;;2083;47;i;
915;2081;;2084;47;i;
916;2081;;2095;47;i;
917;2081;;2097;47;i;
918;2081;;2100;47;i;
919;2081;;2111;47;i;
920;2081;;2114;47;i;
921;2081;;2117;47;i;
922;2081;;2103;47;i;
923;2081;;2106;47;i;
924;2081;;2091;47;i;
925;2081;;2087;47;i;
926;2126;1875;2272;40;state;
927;2126;1875;1877;40;state;
928;2126;1875;1881;40;state;
929;2126;1875;1914;40;state;
930;2126;1875;2022;40;state;
931;2126;1875;2031;40;state;
932;2126;1875;2058;40;state;
933;2126;1875;2129;40;state;
934;2126;1875;2214;40;state;
935;2126;1875;2240;40;state;
936;2130;;2176;50;shs;
937;2130;;2152;50;shs;
938;2130;;2135;50;shs;
939;2131;;2176;55;dhs;
940;2131;;2152;55;dhs;
941;2131;;2136;55;dhs;
942;2132;;2176;56;dhd;
943;2132;;2152;56;dhd;
944;2132;;2137;56;dhd;
945;2133;2133;2134;47;i;
946;2133;2133;2145;47;i;
947;2133;2134;2135;47;i;
948;2133;2134;2133;47;i;
949;2133;;2133;47;i;
950;2133;;2135;47;i;
951;2133;;2136;47;i;
952;2133;;2137;47;i;
953;2135;;2176;50;shs;
954;2135;;2152;50;shs;
955;2135;;2135;50;shs;
956;2136;;2176;55;dhs;
957;2136;;2152;55;dhs;
958;2136;;2136;55;dhs;
959;2137;;2176;56;dhd;
960;2137;;2152;56;dhd;
961;2137;;2137;56;dhd;
962;2133;2133;2134;47;i;
963;2133;2133;2145;47;i;
964;2133;2134;2135;47;i;
965;2133;2134;2133;47;i;
966;2133;;2133;47;i;
967;2133;;2135;47;i;
968;2133;;2136;47;i;
969;2133;;2137;47;i;
970;2145;;2171;28;redmax;
971;2145;2154;2155;28;redmax;
972;2145;2154;2158;28;redmax;
973;2146;2167;2168;57;isav;
974;2146;2167;2170;57;isav;
975;2146;2170;2171;57;isav;
976;2146;2170;2174;57;isav;
977;2146;2200;2201;57;isav;
978;2146;2200;2209;57;isav;
979;2146;;2172;57;isav;
980;2146;2158;2159;57;isav;
981;2146;2158;2161;57;isav;
982;2147;;2157;30;redsav;
983;2148;2149;2150;58;iu;
984;2148;2149;2167;58;iu;
985;2148;2170;2171;58;iu;
986;2148;2170;2174;58;iu;
987;2148;2200;2201;58;iu;
988;2148;2200;2209;58;iu;
989;2148;;2172;58;iu;
990;2148;;2150;58;iu;
991;2149;2149;2150;47;i;
992;2149;2149;2167;47;i;
993;2149;;2150;47;i;
994;2149;2158;2159;47;i;
995;2149;2158;2161;47;i;
996;2149;;2149;47;i;
997;2149;;2156;47;i;
998;2150;;2174;16;angt;
999;2150;;2175;16;angt;
1000;2150;;2176;16;angt;
1001;2150;;2177;16;angt;
1002;2153;2154;2155;32;rednew;
1003;2153;2154;2158;32;rednew;
1004;2153;;2161;32;rednew;
1005;2153;;2159;32;rednew;
1006;2153;;2155;32;rednew;
1007;2155;;2171;28;redmax;
1008;2155;2154;2155;28;redmax;
1009;2155;2154;2158;28;redmax;
1010;2156;2167;2168;57;isav;
1011;2156;2167;2170;57;isav;
1012;2156;2170;2171;57;isav;
1013;2156;2170;2174;57;isav;
1014;2156;2200;2201;57;isav;
1015;2156;2200;2209;57;isav;
1016;2156;;2172;57;isav;
1017;2156;2158;2159;57;isav;
1018;2156;2158;2161;57;isav;
1019;2157;;2171;34;rdprev;
1020;2159;;2171;35;rdnext;
1021;2161;;2157;30;redsav;
1022;2149;2149;2150;47;i;
1023;2149;2149;2167;47;i;
1024;2149;;2150;47;i;
1025;2149;2158;2159;47;i;
1026;2149;2158;2161;47;i;
1027;2149;;2149;47;i;
1028;2149;;2156;47;i;
1029;2168;1875;2272;40;state;
1030;2168;1875;1877;40;state;
1031;2168;1875;1881;40;state;
1032;2168;1875;1914;40;state;
1033;2168;1875;2022;40;state;
1034;2168;1875;2031;40;state;
1035;2168;1875;2058;40;state;
1036;2168;1875;2129;40;state;
1037;2168;1875;2214;40;state;
1038;2168;1875;2240;40;state;
1039;2172;;2174;16;angt;
1040;2172;;2175;16;angt;
1041;2172;;2176;16;angt;
1042;2172;;2177;16;angt;
1043;2174;;2189;60;cth;
1044;2174;;2197;60;cth;
1045;2174;;2191;60;cth;
1046;2175;;2189;59;sth;
1047;2175;;2197;59;sth;
1048;2175;;2191;59;sth;
1049;2177;2178;2179;52;sdec;
1050;2177;2178;2186;52;sdec;
1051;2177;;2199;52;sdec;
1052;2177;2209;2210;52;sdec;
1053;2177;2209;2214;52;sdec;
1054;2179;1875;2272;40;state;
1055;2179;1875;1877;40;state;
1056;2179;1875;1881;40;state;
1057;2179;1875;1914;40;state;
1058;2179;1875;2022;40;state;
1059;2179;1875;2031;40;state;
1060;2179;1875;2058;40;state;
1061;2179;1875;2129;40;state;
1062;2179;1875;2214;40;state;
1063;2179;1875;2240;40;state;
1064;2186;;2177;21;dredg;
1065;2186;;2153;21;dredg;
1066;2186;;2060;21;dredg;
1067;2186;;2067;21;dredg;
1068;2186;;2192;21;dredg;
1069;2187;;2060;31;gredsq;
1070;2187;;2017;31;gredsq;
1071;2187;;1973;31;gredsq;
1072;2187;;1939;31;gredsq;
1073;2187;1902;1903;31;gredsq;
1074;2187;1902;1911;31;gredsq;
1075;2187;;2195;31;gredsq;
1076;2188;2188;2189;47;i;
1077;2188;2188;2199;47;i;
1078;2188;;2189;47;i;
1079;2188;2190;2191;47;i;
1080;2188;2190;2197;47;i;
1081;2188;;2197;47;i;
1082;2188;;2188;47;i;
1083;2188;;2191;47;i;
1084;2188;;2192;47;i;
1085;2188;;2194;47;i;
1086;2192;;2177;21;dredg;
1087;2192;;2153;21;dredg;
1088;2192;;2060;21;dredg;
1089;2192;;2067;21;dredg;
1090;2192;;2192;21;dredg;
1091;2195;;2060;31;gredsq;
1092;2195;;2017;31;gredsq;
1093;2195;;1973;31;gredsq;
1094;2195;;1939;31;gredsq;
1095;2195;1902;1903;31;gredsq;
1096;2195;1902;1911;31;gredsq;
1097;2195;;2195;31;gredsq;
1098;2188;2188;2189;47;i;
1099;2188;2188;2199;47;i;
1100;2188;;2189;47;i;
1101;2188;2190;2191;47;i;
1102;2188;2190;2197;47;i;
1103;2188;;2197;47;i;
1104;2188;;2188;47;i;
1105;2188;;2191;47;i;
1106;2188;;2192;47;i;
1107;2188;;2194;47;i;
1108;2199;2209;2210;46;qred;
1109;2199;2209;2214;46;qred;
1110;2199;;2199;46;qred;
1111;2199;2061;2062;46;qred;
1112;2199;2061;2064;46;qred;
1113;2199;2014;2015;46;qred;
1114;2199;2014;2017;46;qred;
1115;2199;;1987;46;qred;
1116;2199;1902;1903;46;qred;
1117;2199;1902;1911;46;qred;
1118;2201;;2201;15;nact;
1119;2201;;2090;15;nact;
1120;2201;;2086;15;nact;
1121;2201;2032;2033;15;nact;
1122;2201;2032;2035;15;nact;
1123;2201;;1993;15;nact;
1124;2201;;1900;15;nact;
1125;2203;1875;2272;40;state;
1126;2203;1875;1877;40;state;
1127;2203;1875;1881;40;state;
1128;2203;1875;1914;40;state;
1129;2203;1875;2022;40;state;
1130;2203;1875;2031;40;state;
1131;2203;1875;2058;40;state;
1132;2203;1875;2129;40;state;
1133;2203;1875;2214;40;state;
1134;2203;1875;2240;40;state;
1135;2210;1875;2272;40;state;
1136;2210;1875;1877;40;state;
1137;2210;1875;1881;40;state;
1138;2210;1875;1914;40;state;
1139;2210;1875;2022;40;state;
1140;2210;1875;2031;40;state;
1141;2210;1875;2058;40;state;
1142;2210;1875;2129;40;state;
1143;2210;1875;2214;40;state;
1144;2210;1875;2240;40;state;
1145;2215;;2233;11;dsq;
1146;2215;;2231;11;dsq;
1147;2216;2216;2219;47;i;
1148;2216;2216;2233;47;i;
1149;2216;;2219;47;i;
1150;2216;;2221;47;i;
1151;2216;2222;2223;47;i;
1152;2216;2222;2225;47;i;
1153;2216;2225;2226;47;i;
1154;2216;2225;2228;47;i;
1155;2216;;2228;47;i;
1156;2216;;2230;47;i;
1157;2216;;2216;47;i;
1158;2216;;2226;47;i;
1159;2216;;2223;47;i;
1160;2231;;2233;11;dsq;
1161;2231;;2231;11;dsq;
1162;2216;2216;2219;47;i;
1163;2216;2216;2233;47;i;
1164;2216;;2219;47;i;
1165;2216;;2221;47;i;
1166;2216;2222;2223;47;i;
1167;2216;2222;2225;47;i;
1168;2216;2225;2226;47;i;
1169;2216;2225;2228;47;i;
1170;2216;;2228;47;i;
1171;2216;;2230;47;i;
1172;2216;;2216;47;i;
1173;2216;;2226;47;i;
1174;2216;;2223;47;i;
1175;2241;;2248;47;ih;
1176;2241;;2249;47;ih;
1177;2241;;2246;47;ih;
1178;2242;2242;2243;48;j;
1179;2242;2242;2252;48;j;
1180;2242;;2243;48;j;
1181;2242;2244;2245;48;j;
1182;2242;2244;2242;48;j;
1183;2242;;2242;48;j;
1184;2242;2245;2246;48;j;
1185;2242;2245;2248;48;j;
1186;2242;;2248;48;j;
1187;2242;;2246;48;j;
1188;2244;2244;2245;62;i;
1189;2244;2244;2242;62;i;
1190;2244;2245;2246;62;i;
1191;2244;2245;2248;62;i;
1192;2244;;2248;62;i;
1193;2244;;2244;62;i;
1194;2244;;2246;62;i;
1195;2249;;2248;47;ih;
1196;2249;;2249;47;ih;
1197;2249;;2246;47;ih;
1198;2244;2244;2245;62;i;
1199;2244;2244;2242;62;i;
1200;2244;2245;2246;62;i;
1201;2244;2245;2248;62;i;
1202;2244;;2248;62;i;
1203;2244;;2244;62;i;
1204;2244;;2246;62;i;
1205;2242;2242;2243;48;j;
1206;2242;2242;2252;48;j;
1207;2242;;2243;48;j;
1208;2242;2244;2245;48;j;
1209;2242;2244;2242;48;j;
1210;2242;;2242;48;j;
1211;2242;2245;2246;48;j;
1212;2242;2245;2248;48;j;
1213;2242;;2248;48;j;
1214;2242;;2246;48;j;
1215;2252;;2256;48;tmp;
1216;2253;2253;2254;62;k;
1217;2253;2253;2260;62;k;
1218;2253;2254;2255;62;k;
1219;2253;2254;2253;62;k;
1220;2253;;2253;62;k;
1221;2253;;2256;62;k;
1222;2255;2255;2256;53;i;
1223;2255;2255;2253;53;i;
1224;2255;;2256;53;i;
1225;2255;;2255;53;i;
1226;2255;2255;2256;53;i;
1227;2255;2255;2253;53;i;
1228;2255;;2256;53;i;
1229;2255;;2255;53;i;
1230;2253;2253;2254;62;k;
1231;2253;2253;2260;62;k;
1232;2253;2254;2255;62;k;
1233;2253;2254;2253;62;k;
1234;2253;;2253;62;k;
1235;2253;;2256;62;k;
1236;2261;1875;2272;40;state;
1237;2261;1875;1877;40;state;
1238;2261;1875;1881;40;state;
1239;2261;1875;1914;40;state;
1240;2261;1875;2022;40;state;
1241;2261;1875;2031;40;state;
1242;2261;1875;2058;40;state;
1243;2261;1875;2129;40;state;
1244;2261;1875;2214;40;state;
1245;2261;1875;2240;40;state;
1246;2264;1875;2272;40;state;
1247;2264;1875;1877;40;state;
1248;2264;1875;1881;40;state;
1249;2264;1875;1914;40;state;
1250;2264;1875;2022;40;state;
1251;2264;1875;2031;40;state;
1252;2264;1875;2058;40;state;
1253;2264;1875;2129;40;state;
1254;2264;1875;2214;40;state;
1255;2264;1875;2240;40;state;
1256;2266;2266;2267;62;i;
1257;2266;2266;2269;62;i;
1258;2266;;2267;62;i;
1259;2266;;2266;62;i;
1260;2266;2266;2267;62;i;
1261;2266;2266;2269;62;i;
1262;2266;;2267;62;i;
1263;2266;;2266;62;i;
1264;2269;1875;2272;40;state;
1265;2269;1875;1877;40;state;
1266;2269;1875;1881;40;state;
1267;2269;1875;1914;40;state;
1268;2269;1875;2022;40;state;
1269;2269;1875;2031;40;state;
1270;2269;1875;2058;40;state;
1271;2269;1875;2129;40;state;
1272;2269;1875;2214;40;state;
1273;2269;1875;2240;40;state;

Block Duas for method; trsbox;
Number;Def Block; Origin Block; Use Block; Var Id; Var Name;
1;0;;6;0;this;
;1810;;2252;0;this;
2;0;16;18;0;this;
;1810;2254;2255;0;this;
3;0;16;17;0;this;
;1810;2254;2253;0;this;
4;0;;20;0;this;
;1810;;2256;0;this;
5;0;;25;0;this;
;1810;;2248;0;this;
6;0;;26;0;this;
;1810;;2246;0;this;
7;0;;30;0;this;
;1810;;2219;0;this;
;1810;;2221;0;this;
8;0;;32;0;this;
;1810;;2228;0;this;
;1810;;2230;0;this;
9;0;;33;0;this;
;1810;;2226;0;this;
10;0;;34;0;this;
;1810;;2223;0;this;
11;0;;51;0;this;
;1810;;2191;0;this;
;1810;;2192;0;this;
12;0;;62;0;this;
;1810;;2136;0;this;
;1810;;2137;0;this;
13;0;;71;0;this;
;1810;;2083;0;this;
;1810;;2084;0;this;
14;0;;73;0;this;
;1810;;2095;0;this;
;1810;;2100;0;this;
15;0;;74;0;this;
;1810;;2111;0;this;
16;0;;84;0;this;
;1810;;2067;0;this;
17;0;;93;0;this;
;1810;;2041;0;this;
;1810;;2043;0;this;
;1810;;2047;0;this;
18;0;;113;0;this;
;1810;;1999;0;this;
19;0;;122;0;this;
;1810;;1982;0;this;
20;0;;129;0;this;
;1810;;1948;0;this;
21;0;;130;0;this;
;1810;;1952;0;this;
22;0;;133;0;this;
;1810;;1950;0;this;
23;0;;139;0;this;
;1810;;1921;0;this;
;1810;;1923;0;this;
24;0;157;164;0;this;
;1810;1849;1850;0;this;
25;0;157;158;0;this;
;1810;1849;1853;0;this;
26;0;158;162;0;this;
;1810;1853;1853;0;this;
27;0;158;159;0;this;
;1810;1853;1857;0;this;
28;0;;160;0;this;
;1810;;1860;0;this;
;1810;;1861;0;this;
29;0;162;163;0;this;
;1810;1853;1855;0;this;
30;0;162;159;0;this;
;1810;1853;1857;0;this;
31;0;164;165;0;this;
;1810;1850;1851;0;this;
32;0;164;159;0;this;
;1810;1850;1857;0;this;
33;0;;2;1;delta;
;1810;;1863;1;delta;
34;0;;49;2;gnew;
;1810;;2189;2;gnew;
35;0;;51;2;gnew;
;1810;;2192;2;gnew;
;1810;;2194;2;gnew;
36;0;;84;2;gnew;
;1810;;2067;2;gnew;
37;0;;93;2;gnew;
;1810;;2043;2;gnew;
;1810;;2045;2;gnew;
38;0;;121;2;gnew;
;1810;;1976;2;gnew;
39;0;;123;2;gnew;
;1810;;1979;2;gnew;
40;0;;151;2;gnew;
;1810;;1889;2;gnew;
41;0;;153;2;gnew;
;1810;;1887;2;gnew;
42;0;;160;2;gnew;
;1810;;1861;2;gnew;
43;0;30;34;3;xbdi;
;1810;2222;2223;3;xbdi;
44;0;30;31;3;xbdi;
;1810;2222;2225;3;xbdi;
45;0;31;33;3;xbdi;
;1810;2225;2226;3;xbdi;
46;0;31;32;3;xbdi;
;1810;2225;2228;3;xbdi;
47;0;;48;3;xbdi;
;1810;;2202;3;xbdi;
48;0;49;51;3;xbdi;
;1810;2190;2191;3;xbdi;
49;0;49;50;3;xbdi;
;1810;2190;2197;3;xbdi;
50;0;60;62;3;xbdi;
;1810;2134;2135;3;xbdi;
51;0;60;61;3;xbdi;
;1810;2134;2133;3;xbdi;
52;0;69;71;3;xbdi;
;1810;2082;2083;3;xbdi;
53;0;69;70;3;xbdi;
;1810;2082;2081;3;xbdi;
54;0;;79;3;xbdi;
;1810;;2091;3;xbdi;
55;0;;80;3;xbdi;
;1810;;2087;3;xbdi;
56;0;81;84;3;xbdi;
;1810;2066;2067;3;xbdi;
57;0;81;82;3;xbdi;
;1810;2066;2069;3;xbdi;
58;0;90;93;3;xbdi;
;1810;2039;2041;3;xbdi;
59;0;90;91;3;xbdi;
;1810;2039;2049;3;xbdi;
60;0;;112;3;xbdi;
;1810;;1994;3;xbdi;
61;0;;116;3;xbdi;
;1810;;1996;3;xbdi;
62;0;121;123;3;xbdi;
;1810;1977;1979;3;xbdi;
63;0;121;122;3;xbdi;
;1810;1977;1982;3;xbdi;
64;0;137;139;3;xbdi;
;1810;1919;1921;3;xbdi;
65;0;137;138;3;xbdi;
;1810;1919;1918;3;xbdi;
66;0;149;154;3;xbdi;
;1810;1884;1885;3;xbdi;
67;0;149;150;3;xbdi;
;1810;1884;1886;3;xbdi;
68;0;;157;3;xbdi;
;1810;;1848;3;xbdi;
69;0;159;161;3;xbdi;
;1810;1857;1858;3;xbdi;
70;0;159;160;3;xbdi;
;1810;1857;1860;3;xbdi;
71;0;;163;3;xbdi;
;1810;;1855;3;xbdi;
72;0;;165;3;xbdi;
;1810;;1851;3;xbdi;
73;0;;6;4;s;
;1810;;2252;4;s;
74;0;;25;4;s;
;1810;;2248;4;s;
75;0;;26;4;s;
;1810;;2246;4;s;
76;0;;51;4;s;
;1810;;2191;4;s;
77;0;;62;4;s;
;1810;;2135;4;s;
78;0;;73;4;s;
;1810;;2097;4;s;
79;0;;75;4;s;
;1810;;2114;4;s;
80;0;;77;4;s;
;1810;;2103;4;s;
81;0;;82;4;s;
;1810;;2069;4;s;
82;0;;84;4;s;
;1810;;2067;4;s;
83;0;;91;4;s;
;1810;;2049;4;s;
84;0;;93;4;s;
;1810;;2047;4;s;
85;0;112;116;4;s;
;1810;1995;1996;4;s;
86;0;112;113;4;s;
;1810;1995;1999;4;s;
87;0;;122;4;s;
;1810;;1982;4;s;
88;0;127;129;4;s;
;1810;1947;1948;4;s;
89;0;127;128;4;s;
;1810;1947;1946;4;s;
90;0;129;133;4;s;
;1810;1949;1950;4;s;
91;0;129;130;4;s;
;1810;1949;1952;4;s;
92;0;;130;4;s;
;1810;;1952;4;s;
93;0;;133;4;s;
;1810;;1950;4;s;
94;0;;139;4;s;
;1810;;1923;4;s;
;1810;;1924;4;s;
95;0;;151;4;s;
;1810;;1889;4;s;
96;0;;152;4;s;
;1810;;1892;4;s;
97;0;;153;4;s;
;1810;;1887;4;s;
98;0;;154;4;s;
;1810;;1885;4;s;
99;0;;13;5;hs;
;1810;;2267;5;hs;
100;0;;20;5;hs;
;1810;;2256;5;hs;
101;0;;21;5;hs;
;1810;;2243;5;hs;
102;0;;25;5;hs;
;1810;;2248;5;hs;
103;0;;26;5;hs;
;1810;;2246;5;hs;
104;0;;49;5;hs;
;1810;;2189;5;hs;
105;0;;50;5;hs;
;1810;;2197;5;hs;
106;0;;62;5;hs;
;1810;;2135;5;hs;
;1810;;2136;5;hs;
107;0;;121;5;hs;
;1810;;1976;5;hs;
108;0;;139;5;hs;
;1810;;1924;5;hs;
109;0;;13;6;hred;
;1810;;2267;6;hred;
110;0;;49;6;hred;
;1810;;2189;6;hred;
111;0;;50;6;hred;
;1810;;2197;6;hred;
112;0;;62;6;hred;
;1810;;2137;6;hred;
113;0;;30;7;this.trustRegionCenterOffset;
;1810;;2219;41;this.trustRegionCenterOffset;
114;0;;32;7;this.trustRegionCenterOffset;
;1810;;2228;41;this.trustRegionCenterOffset;
115;0;;71;7;this.trustRegionCenterOffset;
;1810;;2083;41;this.trustRegionCenterOffset;
;1810;;2084;41;this.trustRegionCenterOffset;
116;0;;73;7;this.trustRegionCenterOffset;
;1810;;2100;41;this.trustRegionCenterOffset;
117;0;;74;7;this.trustRegionCenterOffset;
;1810;;2111;41;this.trustRegionCenterOffset;
118;0;;129;7;this.trustRegionCenterOffset;
;1810;;1948;41;this.trustRegionCenterOffset;
119;0;157;164;7;this.trustRegionCenterOffset;
;1810;1849;1850;41;this.trustRegionCenterOffset;
120;0;157;158;7;this.trustRegionCenterOffset;
;1810;1849;1853;41;this.trustRegionCenterOffset;
121;0;158;162;7;this.trustRegionCenterOffset;
;1810;1853;1853;41;this.trustRegionCenterOffset;
122;0;158;159;7;this.trustRegionCenterOffset;
;1810;1853;1857;41;this.trustRegionCenterOffset;
123;0;;30;8;this.lowerDifference;
;1810;;2221;42;this.lowerDifference;
124;0;;34;8;this.lowerDifference;
;1810;;2223;42;this.lowerDifference;
125;0;;71;8;this.lowerDifference;
;1810;;2083;42;this.lowerDifference;
126;0;;73;8;this.lowerDifference;
;1810;;2100;42;this.lowerDifference;
127;0;;130;8;this.lowerDifference;
;1810;;1952;42;this.lowerDifference;
128;0;157;164;8;this.lowerDifference;
;1810;1849;1850;42;this.lowerDifference;
129;0;157;158;8;this.lowerDifference;
;1810;1849;1853;42;this.lowerDifference;
130;0;;160;9;this.gradientAtTrustRegionCenter;
;1810;;1861;43;this.gradientAtTrustRegionCenter;
131;0;162;163;9;this.gradientAtTrustRegionCenter;
;1810;1853;1855;43;this.gradientAtTrustRegionCenter;
132;0;162;159;9;this.gradientAtTrustRegionCenter;
;1810;1853;1857;43;this.gradientAtTrustRegionCenter;
133;0;164;165;9;this.gradientAtTrustRegionCenter;
;1810;1850;1851;43;this.gradientAtTrustRegionCenter;
134;0;164;159;9;this.gradientAtTrustRegionCenter;
;1810;1850;1857;43;this.gradientAtTrustRegionCenter;
135;0;;30;10;this.upperDifference;
;1810;;2219;44;this.upperDifference;
136;0;;33;10;this.upperDifference;
;1810;;2226;44;this.upperDifference;
137;0;;71;10;this.upperDifference;
;1810;;2084;44;this.upperDifference;
138;0;;74;10;this.upperDifference;
;1810;;2111;44;this.upperDifference;
139;0;;133;10;this.upperDifference;
;1810;;1950;44;this.upperDifference;
140;0;158;162;10;this.upperDifference;
;1810;1853;1853;44;this.upperDifference;
141;0;158;159;10;this.upperDifference;
;1810;1853;1857;44;this.upperDifference;
142;0;;30;11;this.trialStepPoint;
;1810;;2219;45;this.trialStepPoint;
143;0;;32;11;this.trialStepPoint;
;1810;;2228;45;this.trialStepPoint;
;1810;;2230;45;this.trialStepPoint;
144;0;;51;11;this.trialStepPoint;
;1810;;2191;45;this.trialStepPoint;
;1810;;2192;45;this.trialStepPoint;
145;0;;62;11;this.trialStepPoint;
;1810;;2136;45;this.trialStepPoint;
;1810;;2137;45;this.trialStepPoint;
146;0;;71;11;this.trialStepPoint;
;1810;;2083;45;this.trialStepPoint;
;1810;;2084;45;this.trialStepPoint;
147;0;;73;11;this.trialStepPoint;
;1810;;2095;45;this.trialStepPoint;
148;0;;84;11;this.trialStepPoint;
;1810;;2067;45;this.trialStepPoint;
149;0;;93;11;this.trialStepPoint;
;1810;;2041;45;this.trialStepPoint;
;1810;;2043;45;this.trialStepPoint;
;1810;;2047;45;this.trialStepPoint;
150;0;;113;11;this.trialStepPoint;
;1810;;1999;45;this.trialStepPoint;
151;0;;122;11;this.trialStepPoint;
;1810;;1982;45;this.trialStepPoint;
152;0;;129;11;this.trialStepPoint;
;1810;;1948;45;this.trialStepPoint;
153;0;;139;11;this.trialStepPoint;
;1810;;1921;45;this.trialStepPoint;
;1810;;1923;45;this.trialStepPoint;
154;0;;160;11;this.trialStepPoint;
;1810;;1860;45;this.trialStepPoint;
155;0;;30;12;this.newPoint;
;1810;;2221;61;this.newPoint;
156;0;;32;12;this.newPoint;
;1810;;2228;61;this.newPoint;
157;0;;33;12;this.newPoint;
;1810;;2226;61;this.newPoint;
158;0;;34;12;this.newPoint;
;1810;;2223;61;this.newPoint;
159;0;;25;13;this.modelSecondDerivativesValues;
;1810;;2248;63;this.modelSecondDerivativesValues;
160;0;;26;13;this.modelSecondDerivativesValues;
;1810;;2246;63;this.modelSecondDerivativesValues;
161;0;;6;14;this.interpolationPoints;
;1810;;2252;64;this.interpolationPoints;
162;0;;20;14;this.interpolationPoints;
;1810;;2256;64;this.interpolationPoints;
163;0;;6;15;this.modelSecondDerivativesParameters;
;1810;;2252;65;this.modelSecondDerivativesParameters;
164;0;16;18;15;this.modelSecondDerivativesParameters;
;1810;2254;2255;65;this.modelSecondDerivativesParameters;
165;0;16;17;15;this.modelSecondDerivativesParameters;
;1810;2254;2253;65;this.modelSecondDerivativesParameters;
166;0;;156;16;SIMPLE_MESSAGE;
;1810;;2272;66;SIMPLE_MESSAGE;
167;0;1;157;17;n;
;1812;1847;1848;7;n;
168;0;1;2;17;n;
;1812;1847;1863;7;n;
169;0;5;21;17;n;
;1812;2242;2243;7;n;
170;0;5;6;17;n;
;1812;2242;2252;7;n;
171;0;11;13;17;n;
;1812;2266;2267;7;n;
172;0;11;12;17;n;
;1812;2266;2269;7;n;
173;0;19;20;17;n;
;1812;2255;2256;7;n;
174;0;19;17;17;n;
;1812;2255;2253;7;n;
175;0;28;30;17;n;
;1812;2216;2219;7;n;
176;0;28;29;17;n;
;1812;2216;2233;7;n;
177;0;36;60;17;n;
;1812;2133;2134;7;n;
178;0;36;37;17;n;
;1812;2133;2145;7;n;
179;0;43;49;17;n;
;1812;2188;2189;7;n;
180;0;43;44;17;n;
;1812;2188;2199;7;n;
181;0;65;81;17;n;
;1812;2065;2066;7;n;
182;0;65;66;17;n;
;1812;2065;2072;7;n;
183;0;67;69;17;n;
;1812;2081;2082;7;n;
184;0;67;68;17;n;
;1812;2081;2126;7;n;
185;0;86;94;17;n;
;1812;2032;2033;7;n;
186;0;86;87;17;n;
;1812;2032;2035;7;n;
187;0;88;90;17;n;
;1812;2038;2039;7;n;
188;0;88;89;17;n;
;1812;2038;2052;7;n;
189;0;97;137;17;n;
;1812;1918;1919;7;n;
190;0;97;98;17;n;
;1812;1918;1927;7;n;
191;0;103;127;17;n;
;1812;1946;1947;7;n;
192;0;103;104;17;n;
;1812;1946;1963;7;n;
193;0;119;121;17;n;
;1812;1975;1976;7;n;
194;0;119;120;17;n;
;1812;1975;1985;7;n;
195;0;141;149;17;n;
;1812;1883;1884;7;n;
196;0;141;142;17;n;
;1812;1883;1895;7;n;
197;0;;147;17;n;
;1812;;1900;7;n;
198;0;7;16;18;npt;
;1813;2253;2254;9;npt;
199;0;7;8;18;npt;
;1813;2253;2260;9;npt;
200;0;143;147;19;beta;
;1821;1898;1899;13;beta;
201;0;143;144;19;beta;
;1821;1898;1902;13;beta;
202;0;150;153;19;beta;
;1821;1886;1887;13;beta;
203;0;150;151;19;beta;
;1821;1886;1889;13;beta;
204;0;;151;19;beta;
;1821;;1889;13;beta;
205;0;44;47;20;iact;
;1822;2200;2200;14;iact;
206;0;44;45;20;iact;
;1822;2200;2209;14;iact;
207;0;;48;20;iact;
;1822;;2202;14;iact;
208;0;;41;21;angt;
;1824;;2174;16;angt;
;1824;;2175;16;angt;
;1824;;2176;16;angt;
;1824;;2177;16;angt;
209;0;;48;22;xsav;
;1826;;2202;18;xsav;
210;0;;37;23;angbd;
;1826;;2148;20;angbd;
211;0;;53;23;angbd;
;1826;;2172;20;angbd;
212;0;;55;23;angbd;
;1826;;2150;20;angbd;
213;0;;41;24;dredg;
;1826;;2177;21;dredg;
214;0;;55;24;dredg;
;1826;;2153;21;dredg;
215;0;;63;24;dredg;
;1826;;2060;21;dredg;
216;0;;84;24;dredg;
;1826;;2067;21;dredg;
217;0;;41;25;sredg;
;1826;;2177;22;sredg;
218;0;;55;25;sredg;
;1826;;2153;22;sredg;
219;0;;109;26;ggsav;
;1828;;2017;25;ggsav;
220;0;;63;27;dredsq;
;1829;;2060;29;dredsq;
221;0;;84;27;dredsq;
;1829;;2067;29;dredsq;
222;0;;63;28;gredsq;
;1829;;2060;31;gredsq;
223;0;;109;28;gredsq;
;1829;;2017;31;gredsq;
224;0;;118;28;gredsq;
;1829;;1973;31;gredsq;
225;0;;134;28;gredsq;
;1829;;1939;31;gredsq;
226;0;144;146;28;gredsq;
;1829;1902;1903;31;gredsq;
227;0;144;145;28;gredsq;
;1829;1902;1911;31;gredsq;
228;0;9;14;29;itcsav;
;1830;2263;2264;33;itcsav;
229;0;9;10;29;itcsav;
;1830;2263;2266;33;itcsav;
230;0;;53;30;rdprev;
;1831;;2171;34;rdprev;
231;0;;53;31;rdnext;
;1831;;2171;35;rdnext;
232;0;;99;32;stepsq;
;1831;;1930;37;stepsq;
233;0;;117;32;stepsq;
;1831;;1966;37;stepsq;
234;0;;135;32;stepsq;
;1831;;1932;37;stepsq;
235;0;107;111;33;itermax;
;1832;2011;2012;38;itermax;
236;0;107;108;33;itermax;
;1832;2011;2014;38;itermax;
237;0;9;14;34;iterc;
;1845;2263;2264;39;iterc;
238;0;9;10;34;iterc;
;1845;2263;2266;39;iterc;
239;0;;63;34;iterc;
;1845;;2059;39;iterc;
240;0;;89;34;iterc;
;1845;;2052;39;iterc;
241;0;107;111;34;iterc;
;1845;2011;2012;39;iterc;
242;0;107;108;34;iterc;
;1845;2011;2014;39;iterc;
243;0;;117;34;iterc;
;1845;;1965;39;iterc;
244;0;;147;34;iterc;
;1845;;1900;39;iterc;
245;0;;48;35;nact;
;1846;;2201;15;nact;
246;0;;79;35;nact;
;1846;;2090;15;nact;
247;0;;80;35;nact;
;1846;;2086;15;nact;
248;0;86;94;35;nact;
;1846;2032;2033;15;nact;
249;0;86;87;35;nact;
;1846;2032;2035;15;nact;
250;0;;112;35;nact;
;1846;;1993;15;nact;
251;0;;147;35;nact;
;1846;;1900;15;nact;
252;0;;161;35;nact;
;1846;;1858;15;nact;
253;0;1;157;36;i;
;1847;1847;1848;40;i;
254;0;1;2;36;i;
;1847;1847;1863;40;i;
255;0;;157;36;i;
;1847;;1848;40;i;
256;0;157;164;36;i;
;1847;1849;1850;40;i;
257;0;157;158;36;i;
;1847;1849;1853;40;i;
258;0;158;162;36;i;
;1847;1853;1853;40;i;
259;0;158;159;36;i;
;1847;1853;1857;40;i;
260;0;159;161;36;i;
;1847;1857;1858;40;i;
261;0;159;160;36;i;
;1847;1857;1860;40;i;
262;0;;160;36;i;
;1847;;1860;40;i;
;1847;;1861;40;i;
;1847;;1847;40;i;
263;0;162;163;36;i;
;1847;1853;1855;40;i;
264;0;162;159;36;i;
;1847;1853;1857;40;i;
265;0;;163;36;i;
;1847;;1855;40;i;
266;0;164;165;36;i;
;1847;1850;1851;40;i;
267;0;164;159;36;i;
;1847;1850;1857;40;i;
268;0;;165;36;i;
;1847;;1851;40;i;
269;161;;48;35;nact;
;1858;;2201;15;nact;
270;161;;79;35;nact;
;1858;;2090;15;nact;
271;161;;80;35;nact;
;1858;;2086;15;nact;
272;161;86;94;35;nact;
;1858;2032;2033;15;nact;
273;161;86;87;35;nact;
;1858;2032;2035;15;nact;
274;161;;112;35;nact;
;1858;;1993;15;nact;
275;161;;147;35;nact;
;1858;;1900;15;nact;
276;161;;161;35;nact;
;1858;;1858;15;nact;
277;160;1;157;36;i;
;1847;1847;1848;40;i;
278;160;1;2;36;i;
;1847;1847;1863;40;i;
279;160;;157;36;i;
;1847;;1848;40;i;
280;160;157;164;36;i;
;1847;1849;1850;40;i;
281;160;157;158;36;i;
;1847;1849;1853;40;i;
282;160;158;162;36;i;
;1847;1853;1853;40;i;
283;160;158;159;36;i;
;1847;1853;1857;40;i;
284;160;159;161;36;i;
;1847;1857;1858;40;i;
285;160;159;160;36;i;
;1847;1857;1860;40;i;
286;160;;160;36;i;
;1847;;1860;40;i;
;1847;;1861;40;i;
;1847;;1847;40;i;
287;160;162;163;36;i;
;1847;1853;1855;40;i;
288;160;162;159;36;i;
;1847;1853;1857;40;i;
289;160;;163;36;i;
;1847;;1855;40;i;
290;160;164;165;36;i;
;1847;1850;1851;40;i;
291;160;164;159;36;i;
;1847;1850;1857;40;i;
292;160;;165;36;i;
;1847;;1851;40;i;
293;2;;96;37;delsq;
;1863;;1915;24;delsq;
294;2;;113;37;delsq;
;1863;;2000;24;delsq;
295;2;144;146;37;delsq;
;1863;1902;1903;24;delsq;
296;2;144;145;37;delsq;
;1863;1902;1911;24;delsq;
297;2;;44;38;qred;
;1864;;2199;46;qred;
298;2;63;85;38;qred;
;1864;2061;2062;46;qred;
299;2;63;64;38;qred;
;1864;2061;2064;46;qred;
300;2;108;110;38;qred;
;1864;2014;2015;46;qred;
301;2;108;109;38;qred;
;1864;2014;2017;46;qred;
302;2;;120;38;qred;
;1864;;1987;46;qred;
303;2;144;146;38;qred;
;1864;1902;1903;46;qred;
304;2;144;145;38;qred;
;1864;1902;1911;46;qred;
305;2;8;15;39;crvmin;
;1865;2260;2261;12;crvmin;
306;2;8;9;39;crvmin;
;1865;2260;2263;12;crvmin;
307;2;;29;39;crvmin;
;1865;;2233;12;crvmin;
308;2;;125;39;crvmin;
;1865;;1968;12;crvmin;
309;2;3;156;40;state;
;1873;1875;2272;40;state;
310;2;3;155;40;state;
;1873;1875;1877;40;state;
311;2;3;140;40;state;
;1873;1875;1881;40;state;
312;2;3;96;40;state;
;1873;1875;1914;40;state;
313;2;3;95;40;state;
;1873;1875;2022;40;state;
314;2;3;86;40;state;
;1873;1875;2031;40;state;
315;2;3;63;40;state;
;1873;1875;2058;40;state;
316;2;3;35;40;state;
;1873;1875;2129;40;state;
317;2;3;27;40;state;
;1873;1875;2214;40;state;
318;2;3;4;40;state;
;1873;1875;2240;40;state;
319;155;143;147;19;beta;
;1878;1898;1899;13;beta;
320;155;143;144;19;beta;
;1878;1898;1902;13;beta;
321;155;150;153;19;beta;
;1878;1886;1887;13;beta;
322;155;150;151;19;beta;
;1878;1886;1889;13;beta;
323;155;;151;19;beta;
;1878;;1889;13;beta;
324;140;142;148;32;stepsq;
;1882;1895;1896;37;stepsq;
325;140;142;143;32;stepsq;
;1882;1895;1898;37;stepsq;
326;140;;99;32;stepsq;
;1882;;1930;37;stepsq;
327;140;;117;32;stepsq;
;1882;;1966;37;stepsq;
328;140;;135;32;stepsq;
;1882;;1932;37;stepsq;
329;140;;147;32;stepsq;
;1882;;1899;37;stepsq;
330;140;;152;32;stepsq;
;1882;;1893;37;stepsq;
331;140;141;149;41;i;
;1883;1883;1884;47;i;
332;140;141;142;41;i;
;1883;1883;1895;47;i;
333;140;149;154;41;i;
;1883;1884;1885;47;i;
334;140;149;150;41;i;
;1883;1884;1886;47;i;
335;140;;151;41;i;
;1883;;1889;47;i;
336;140;;152;41;i;
;1883;;1892;47;i;
;1883;;1883;47;i;
337;140;;153;41;i;
;1883;;1887;47;i;
338;140;;154;41;i;
;1883;;1885;47;i;
339;152;142;148;32;stepsq;
;1893;1895;1896;37;stepsq;
340;152;142;143;32;stepsq;
;1893;1895;1898;37;stepsq;
341;152;;99;32;stepsq;
;1893;;1930;37;stepsq;
342;152;;117;32;stepsq;
;1893;;1966;37;stepsq;
343;152;;135;32;stepsq;
;1893;;1932;37;stepsq;
344;152;;147;32;stepsq;
;1893;;1899;37;stepsq;
345;152;;152;32;stepsq;
;1893;;1893;37;stepsq;
346;152;141;149;41;i;
;1883;1883;1884;47;i;
347;152;141;142;41;i;
;1883;1883;1895;47;i;
348;152;149;154;41;i;
;1883;1884;1885;47;i;
349;152;149;150;41;i;
;1883;1884;1886;47;i;
350;152;;151;41;i;
;1883;;1889;47;i;
351;152;;152;41;i;
;1883;;1892;47;i;
;1883;;1883;47;i;
352;152;;153;41;i;
;1883;;1887;47;i;
353;152;;154;41;i;
;1883;;1885;47;i;
354;148;3;156;40;state;
;1896;1875;2272;40;state;
355;148;3;155;40;state;
;1896;1875;1877;40;state;
356;148;3;140;40;state;
;1896;1875;1881;40;state;
357;148;3;96;40;state;
;1896;1875;1914;40;state;
358;148;3;95;40;state;
;1896;1875;2022;40;state;
359;148;3;86;40;state;
;1896;1875;2031;40;state;
360;148;3;63;40;state;
;1896;1875;2058;40;state;
361;148;3;35;40;state;
;1896;1875;2129;40;state;
362;148;3;27;40;state;
;1896;1875;2214;40;state;
363;148;3;4;40;state;
;1896;1875;2240;40;state;
364;147;144;146;28;gredsq;
;1899;1902;1903;31;gredsq;
365;147;144;145;28;gredsq;
;1899;1902;1911;31;gredsq;
366;147;;63;28;gredsq;
;1899;;2060;31;gredsq;
367;147;;109;28;gredsq;
;1899;;2017;31;gredsq;
368;147;;118;28;gredsq;
;1899;;1973;31;gredsq;
369;147;;134;28;gredsq;
;1899;;1939;31;gredsq;
370;147;107;111;33;itermax;
;1900;2011;2012;38;itermax;
371;147;107;108;33;itermax;
;1900;2011;2014;38;itermax;
372;146;3;156;40;state;
;1903;1875;2272;40;state;
373;146;3;155;40;state;
;1903;1875;1877;40;state;
374;146;3;140;40;state;
;1903;1875;1881;40;state;
375;146;3;96;40;state;
;1903;1875;1914;40;state;
376;146;3;95;40;state;
;1903;1875;2022;40;state;
377;146;3;86;40;state;
;1903;1875;2031;40;state;
378;146;3;63;40;state;
;1903;1875;2058;40;state;
379;146;3;35;40;state;
;1903;1875;2129;40;state;
380;146;3;27;40;state;
;1903;1875;2214;40;state;
381;146;3;4;40;state;
;1903;1875;2240;40;state;
382;145;3;156;40;state;
;1911;1875;2272;40;state;
383;145;3;155;40;state;
;1911;1875;1877;40;state;
384;145;3;140;40;state;
;1911;1875;1881;40;state;
385;145;3;96;40;state;
;1911;1875;1914;40;state;
386;145;3;95;40;state;
;1911;1875;2022;40;state;
387;145;3;86;40;state;
;1911;1875;2031;40;state;
388;145;3;63;40;state;
;1911;1875;2058;40;state;
389;145;3;35;40;state;
;1911;1875;2129;40;state;
390;145;3;27;40;state;
;1911;1875;2214;40;state;
391;145;3;4;40;state;
;1911;1875;2240;40;state;
392;96;98;136;42;resid;
;1915;1927;1928;23;resid;
393;96;98;99;42;resid;
;1915;1927;1930;23;resid;
394;96;;99;42;resid;
;1915;;1930;23;resid;
395;96;;100;42;resid;
;1915;;1934;23;resid;
396;96;;139;42;resid;
;1915;;1922;23;resid;
397;96;;99;43;ds;
;1916;;1930;49;ds;
398;96;99;135;43;ds;
;1916;1931;1932;49;ds;
399;96;99;100;43;ds;
;1916;1931;1934;49;ds;
400;96;;100;43;ds;
;1916;;1934;49;ds;
401;96;;135;43;ds;
;1916;;1932;49;ds;
402;96;;139;43;ds;
;1916;;1923;49;ds;
403;96;101;134;44;shs;
;1917;1937;1939;50;shs;
404;96;101;102;44;shs;
;1917;1937;1945;50;shs;
405;96;;117;44;shs;
;1917;;1966;50;shs;
406;96;;120;44;shs;
;1917;;1985;50;shs;
407;96;;134;44;shs;
;1917;;1939;50;shs;
408;96;;139;44;shs;
;1917;;1924;50;shs;
409;96;97;137;45;i;
;1918;1918;1919;47;i;
410;96;97;98;45;i;
;1918;1918;1927;47;i;
411;96;137;139;45;i;
;1918;1919;1921;47;i;
412;96;137;138;45;i;
;1918;1919;1918;47;i;
413;96;;138;45;i;
;1918;;1918;47;i;
414;96;;139;45;i;
;1918;;1921;47;i;
;1918;;1923;47;i;
;1918;;1924;47;i;
415;139;98;136;42;resid;
;1922;1927;1928;23;resid;
416;139;98;99;42;resid;
;1922;1927;1930;23;resid;
417;139;;99;42;resid;
;1922;;1930;23;resid;
418;139;;100;42;resid;
;1922;;1934;23;resid;
419;139;;139;42;resid;
;1922;;1922;23;resid;
420;139;;99;43;ds;
;1923;;1930;49;ds;
421;139;99;135;43;ds;
;1923;1931;1932;49;ds;
422;139;99;100;43;ds;
;1923;1931;1934;49;ds;
423;139;;100;43;ds;
;1923;;1934;49;ds;
424;139;;135;43;ds;
;1923;;1932;49;ds;
425;139;;139;43;ds;
;1923;;1923;49;ds;
426;139;101;134;44;shs;
;1924;1937;1939;50;shs;
427;139;101;102;44;shs;
;1924;1937;1945;50;shs;
428;139;;117;44;shs;
;1924;;1966;50;shs;
429;139;;120;44;shs;
;1924;;1985;50;shs;
430;139;;134;44;shs;
;1924;;1939;50;shs;
431;139;;139;44;shs;
;1924;;1924;50;shs;
432;138;97;137;45;i;
;1918;1918;1919;47;i;
433;138;97;98;45;i;
;1918;1918;1927;47;i;
434;138;137;139;45;i;
;1918;1919;1921;47;i;
435;138;137;138;45;i;
;1918;1919;1918;47;i;
436;138;;138;45;i;
;1918;;1918;47;i;
437;138;;139;45;i;
;1918;;1921;47;i;
;1918;;1923;47;i;
;1918;;1924;47;i;
438;136;3;156;40;state;
;1928;1875;2272;40;state;
439;136;3;155;40;state;
;1928;1875;1877;40;state;
440;136;3;140;40;state;
;1928;1875;1881;40;state;
441;136;3;96;40;state;
;1928;1875;1914;40;state;
442;136;3;95;40;state;
;1928;1875;2022;40;state;
443;136;3;86;40;state;
;1928;1875;2031;40;state;
444;136;3;63;40;state;
;1928;1875;2058;40;state;
445;136;3;35;40;state;
;1928;1875;2129;40;state;
446;136;3;27;40;state;
;1928;1875;2214;40;state;
447;136;3;4;40;state;
;1928;1875;2240;40;state;
448;99;;100;46;temp;
;1930;;1934;17;temp;
449;99;;135;46;temp;
;1930;;1932;17;temp;
450;135;;101;47;blen;
;1932;;1936;51;blen;
451;135;106;107;47;blen;
;1932;2010;2011;51;blen;
452;135;106;95;47;blen;
;1932;2010;2022;51;blen;
453;135;;134;47;blen;
;1932;;1939;51;blen;
454;100;;101;47;blen;
;1934;;1936;51;blen;
455;100;106;107;47;blen;
;1934;2010;2011;51;blen;
456;100;106;95;47;blen;
;1934;2010;2022;51;blen;
457;100;;134;47;blen;
;1934;;1939;51;blen;
458;101;104;117;48;stplen;
;1936;1964;1965;36;stplen;
459;101;104;105;48;stplen;
;1936;1964;1992;36;stplen;
460;101;106;107;48;stplen;
;1936;2010;2011;36;stplen;
461;101;106;95;48;stplen;
;1936;2010;2022;36;stplen;
462;101;;120;48;stplen;
;1936;;1985;36;stplen;
463;101;;121;48;stplen;
;1936;;1976;36;stplen;
464;101;;122;48;stplen;
;1936;;1982;36;stplen;
465;101;131;132;48;stplen;
;1936;1954;1955;36;stplen;
466;101;131;128;48;stplen;
;1936;1954;1946;36;stplen;
467;134;104;117;48;stplen;
;1939;1964;1965;36;stplen;
468;134;104;105;48;stplen;
;1939;1964;1992;36;stplen;
469;134;106;107;48;stplen;
;1939;2010;2011;36;stplen;
470;134;106;95;48;stplen;
;1939;2010;2022;36;stplen;
471;134;;120;48;stplen;
;1939;;1985;36;stplen;
472;134;;121;48;stplen;
;1939;;1976;36;stplen;
473;134;;122;48;stplen;
;1939;;1982;36;stplen;
474;134;131;132;48;stplen;
;1939;1954;1955;36;stplen;
475;134;131;128;48;stplen;
;1939;1954;1946;36;stplen;
476;102;105;112;20;iact;
;1945;1992;1993;14;iact;
477;102;105;106;20;iact;
;1945;1992;2010;14;iact;
478;102;44;47;20;iact;
;1945;2200;2200;14;iact;
479;102;44;45;20;iact;
;1945;2200;2209;14;iact;
480;102;;48;20;iact;
;1945;;2202;14;iact;
481;102;;112;20;iact;
;1945;;1994;14;iact;
482;102;112;116;20;iact;
;1945;1995;1996;14;iact;
483;102;112;113;20;iact;
;1945;1995;1999;14;iact;
484;102;;113;20;iact;
;1945;;1999;14;iact;
485;102;;116;20;iact;
;1945;;1996;14;iact;
486;102;117;124;20;iact;
;1945;1967;1967;14;iact;
487;102;117;118;20;iact;
;1945;1967;1973;14;iact;
488;102;103;127;49;i;
;1946;1946;1947;47;i;
489;102;103;104;49;i;
;1946;1946;1963;47;i;
490;102;127;129;49;i;
;1946;1947;1948;47;i;
491;102;127;128;49;i;
;1946;1947;1946;47;i;
492;102;;128;49;i;
;1946;;1946;47;i;
493;102;;129;49;i;
;1946;;1948;47;i;
494;102;129;133;49;i;
;1946;1949;1950;47;i;
495;102;129;130;49;i;
;1946;1949;1952;47;i;
496;102;;130;49;i;
;1946;;1952;47;i;
497;102;;132;49;i;
;1946;;1956;47;i;
498;102;;133;49;i;
;1946;;1950;47;i;
499;129;;130;50;xsum;
;1948;;1952;19;xsum;
500;129;;133;50;xsum;
;1948;;1950;19;xsum;
501;133;131;132;46;temp;
;1950;1954;1955;17;temp;
502;133;131;128;46;temp;
;1950;1954;1946;17;temp;
503;133;;132;46;temp;
;1950;;1955;17;temp;
504;130;131;132;46;temp;
;1952;1954;1955;17;temp;
505;130;131;128;46;temp;
;1952;1954;1946;17;temp;
506;130;;132;46;temp;
;1952;;1955;17;temp;
507;132;104;117;48;stplen;
;1955;1964;1965;36;stplen;
508;132;104;105;48;stplen;
;1955;1964;1992;36;stplen;
509;132;106;107;48;stplen;
;1955;2010;2011;36;stplen;
510;132;106;95;48;stplen;
;1955;2010;2022;36;stplen;
511;132;;120;48;stplen;
;1955;;1985;36;stplen;
512;132;;121;48;stplen;
;1955;;1976;36;stplen;
513;132;;122;48;stplen;
;1955;;1982;36;stplen;
514;132;131;132;48;stplen;
;1955;1954;1955;36;stplen;
515;132;131;128;48;stplen;
;1955;1954;1946;36;stplen;
516;132;105;112;20;iact;
;1956;1992;1993;14;iact;
517;132;105;106;20;iact;
;1956;1992;2010;14;iact;
518;132;44;47;20;iact;
;1956;2200;2200;14;iact;
519;132;44;45;20;iact;
;1956;2200;2209;14;iact;
520;132;;48;20;iact;
;1956;;2202;14;iact;
521;132;;112;20;iact;
;1956;;1994;14;iact;
522;132;112;116;20;iact;
;1956;1995;1996;14;iact;
523;132;112;113;20;iact;
;1956;1995;1999;14;iact;
524;132;;113;20;iact;
;1956;;1999;14;iact;
525;132;;116;20;iact;
;1956;;1996;14;iact;
526;132;117;124;20;iact;
;1956;1967;1967;14;iact;
527;132;117;118;20;iact;
;1956;1967;1973;14;iact;
528;128;103;127;49;i;
;1946;1946;1947;47;i;
529;128;103;104;49;i;
;1946;1946;1963;47;i;
530;128;127;129;49;i;
;1946;1947;1948;47;i;
531;128;127;128;49;i;
;1946;1947;1946;47;i;
532;128;;128;49;i;
;1946;;1946;47;i;
533;128;;129;49;i;
;1946;;1948;47;i;
534;128;129;133;49;i;
;1946;1949;1950;47;i;
535;128;129;130;49;i;
;1946;1949;1952;47;i;
536;128;;130;49;i;
;1946;;1952;47;i;
537;128;;132;49;i;
;1946;;1956;47;i;
538;128;;133;49;i;
;1946;;1950;47;i;
539;104;108;110;51;sdec;
;1963;2014;2015;52;sdec;
540;104;108;109;51;sdec;
;1963;2014;2017;52;sdec;
541;117;;89;34;iterc;
;1965;;2052;39;iterc;
542;117;9;14;34;iterc;
;1965;2263;2264;39;iterc;
543;117;9;10;34;iterc;
;1965;2263;2266;39;iterc;
544;117;;63;34;iterc;
;1965;;2059;39;iterc;
545;117;;117;34;iterc;
;1965;;1965;39;iterc;
546;117;;147;34;iterc;
;1965;;1900;39;iterc;
547;117;107;111;34;iterc;
;1965;2011;2012;39;iterc;
548;117;107;108;34;iterc;
;1965;2011;2014;39;iterc;
549;117;124;125;46;temp;
;1966;1967;1968;17;temp;
550;117;124;118;46;temp;
;1966;1967;1973;17;temp;
551;117;;125;46;temp;
;1966;;1968;17;temp;
552;117;;126;46;temp;
;1966;;1970;17;temp;
553;125;125;126;39;crvmin;
;1968;1969;1970;12;crvmin;
554;125;125;118;39;crvmin;
;1968;1969;1973;12;crvmin;
555;125;8;15;39;crvmin;
;1968;2260;2261;12;crvmin;
556;125;8;9;39;crvmin;
;1968;2260;2263;12;crvmin;
557;125;;29;39;crvmin;
;1968;;2233;12;crvmin;
558;125;;125;39;crvmin;
;1968;;1968;12;crvmin;
559;126;8;15;39;crvmin;
;1970;2260;2261;12;crvmin;
560;126;8;9;39;crvmin;
;1970;2260;2263;12;crvmin;
561;126;;29;39;crvmin;
;1970;;2233;12;crvmin;
562;126;;125;39;crvmin;
;1970;;1968;12;crvmin;
563;118;;120;26;ggsav;
;1973;;1985;25;ggsav;
564;118;;109;26;ggsav;
;1973;;2017;25;ggsav;
565;118;;63;28;gredsq;
;1974;;2060;31;gredsq;
566;118;;118;28;gredsq;
;1974;;1973;31;gredsq;
567;118;;134;28;gredsq;
;1974;;1939;31;gredsq;
568;118;144;146;28;gredsq;
;1974;1902;1903;31;gredsq;
569;118;144;145;28;gredsq;
;1974;1902;1911;31;gredsq;
570;118;;109;28;gredsq;
;1974;;2017;31;gredsq;
571;118;;123;28;gredsq;
;1974;;1980;31;gredsq;
572;118;119;121;52;i;
;1975;1975;1976;47;i;
573;118;119;120;52;i;
;1975;1975;1985;47;i;
574;118;;121;52;i;
;1975;;1976;47;i;
575;118;121;123;52;i;
;1975;1977;1979;47;i;
576;118;121;122;52;i;
;1975;1977;1982;47;i;
577;118;;122;52;i;
;1975;;1982;47;i;
;1975;;1975;47;i;
578;118;;123;52;i;
;1975;;1979;47;i;
579;123;;63;28;gredsq;
;1980;;2060;31;gredsq;
580;123;;118;28;gredsq;
;1980;;1973;31;gredsq;
581;123;;134;28;gredsq;
;1980;;1939;31;gredsq;
582;123;144;146;28;gredsq;
;1980;1902;1903;31;gredsq;
583;123;144;145;28;gredsq;
;1980;1902;1911;31;gredsq;
584;123;;109;28;gredsq;
;1980;;2017;31;gredsq;
585;123;;123;28;gredsq;
;1980;;1980;31;gredsq;
586;122;119;121;52;i;
;1975;1975;1976;47;i;
587;122;119;120;52;i;
;1975;1975;1985;47;i;
588;122;;121;52;i;
;1975;;1976;47;i;
589;122;121;123;52;i;
;1975;1977;1979;47;i;
590;122;121;122;52;i;
;1975;1977;1982;47;i;
591;122;;122;52;i;
;1975;;1982;47;i;
;1975;;1975;47;i;
592;122;;123;52;i;
;1975;;1979;47;i;
593;120;108;110;51;sdec;
;1986;2014;2015;52;sdec;
594;120;108;109;51;sdec;
;1986;2014;2017;52;sdec;
595;120;;44;38;qred;
;1987;;2199;46;qred;
596;120;63;85;38;qred;
;1987;2061;2062;46;qred;
597;120;63;64;38;qred;
;1987;2061;2064;46;qred;
598;120;;120;38;qred;
;1987;;1987;46;qred;
599;120;144;146;38;qred;
;1987;1902;1903;46;qred;
600;120;144;145;38;qred;
;1987;1902;1911;46;qred;
601;120;108;110;38;qred;
;1987;2014;2015;46;qred;
602;120;108;109;38;qred;
;1987;2014;2017;46;qred;
603;112;;48;35;nact;
;1993;;2201;15;nact;
604;112;;79;35;nact;
;1993;;2090;15;nact;
605;112;;80;35;nact;
;1993;;2086;15;nact;
606;112;86;94;35;nact;
;1993;2032;2033;15;nact;
607;112;86;87;35;nact;
;1993;2032;2035;15;nact;
608;112;;112;35;nact;
;1993;;1993;15;nact;
609;112;;147;35;nact;
;1993;;1900;15;nact;
610;113;113;115;37;delsq;
;2000;2001;2002;24;delsq;
611;113;113;114;37;delsq;
;2000;2001;2004;24;delsq;
612;113;;96;37;delsq;
;2000;;1915;24;delsq;
613;113;;113;37;delsq;
;2000;;2000;24;delsq;
614;113;144;146;37;delsq;
;2000;1902;1903;24;delsq;
615;113;144;145;37;delsq;
;2000;1902;1911;24;delsq;
616;115;3;156;40;state;
;2002;1875;2272;40;state;
617;115;3;155;40;state;
;2002;1875;1877;40;state;
618;115;3;140;40;state;
;2002;1875;1881;40;state;
619;115;3;96;40;state;
;2002;1875;1914;40;state;
620;115;3;95;40;state;
;2002;1875;2022;40;state;
621;115;3;86;40;state;
;2002;1875;2031;40;state;
622;115;3;63;40;state;
;2002;1875;2058;40;state;
623;115;3;35;40;state;
;2002;1875;2129;40;state;
624;115;3;27;40;state;
;2002;1875;2214;40;state;
625;115;3;4;40;state;
;2002;1875;2240;40;state;
626;114;3;156;40;state;
;2004;1875;2272;40;state;
627;114;3;155;40;state;
;2004;1875;1877;40;state;
628;114;3;140;40;state;
;2004;1875;1881;40;state;
629;114;3;96;40;state;
;2004;1875;1914;40;state;
630;114;3;95;40;state;
;2004;1875;2022;40;state;
631;114;3;86;40;state;
;2004;1875;2031;40;state;
632;114;3;63;40;state;
;2004;1875;2058;40;state;
633;114;3;35;40;state;
;2004;1875;2129;40;state;
634;114;3;27;40;state;
;2004;1875;2214;40;state;
635;114;3;4;40;state;
;2004;1875;2240;40;state;
636;111;3;156;40;state;
;2012;1875;2272;40;state;
637;111;3;155;40;state;
;2012;1875;1877;40;state;
638;111;3;140;40;state;
;2012;1875;1881;40;state;
639;111;3;96;40;state;
;2012;1875;1914;40;state;
640;111;3;95;40;state;
;2012;1875;2022;40;state;
641;111;3;86;40;state;
;2012;1875;2031;40;state;
642;111;3;63;40;state;
;2012;1875;2058;40;state;
643;111;3;35;40;state;
;2012;1875;2129;40;state;
644;111;3;27;40;state;
;2012;1875;2214;40;state;
645;111;3;4;40;state;
;2012;1875;2240;40;state;
646;110;3;156;40;state;
;2015;1875;2272;40;state;
647;110;3;155;40;state;
;2015;1875;1877;40;state;
648;110;3;140;40;state;
;2015;1875;1881;40;state;
649;110;3;96;40;state;
;2015;1875;1914;40;state;
650;110;3;95;40;state;
;2015;1875;2022;40;state;
651;110;3;86;40;state;
;2015;1875;2031;40;state;
652;110;3;63;40;state;
;2015;1875;2058;40;state;
653;110;3;35;40;state;
;2015;1875;2129;40;state;
654;110;3;27;40;state;
;2015;1875;2214;40;state;
655;110;3;4;40;state;
;2015;1875;2240;40;state;
656;109;143;147;19;beta;
;2017;1898;1899;13;beta;
657;109;143;144;19;beta;
;2017;1898;1902;13;beta;
658;109;150;153;19;beta;
;2017;1886;1887;13;beta;
659;109;150;151;19;beta;
;2017;1886;1889;13;beta;
660;109;;151;19;beta;
;2017;;1889;13;beta;
661;109;3;156;40;state;
;2018;1875;2272;40;state;
662;109;3;155;40;state;
;2018;1875;1877;40;state;
663;109;3;140;40;state;
;2018;1875;1881;40;state;
664;109;3;96;40;state;
;2018;1875;1914;40;state;
665;109;3;95;40;state;
;2018;1875;2022;40;state;
666;109;3;86;40;state;
;2018;1875;2031;40;state;
667;109;3;63;40;state;
;2018;1875;2058;40;state;
668;109;3;35;40;state;
;2018;1875;2129;40;state;
669;109;3;27;40;state;
;2018;1875;2214;40;state;
670;109;3;4;40;state;
;2018;1875;2240;40;state;
671;95;8;15;39;crvmin;
;2023;2260;2261;12;crvmin;
672;95;8;9;39;crvmin;
;2023;2260;2263;12;crvmin;
673;95;;29;39;crvmin;
;2023;;2233;12;crvmin;
674;95;;125;39;crvmin;
;2023;;1968;12;crvmin;
675;94;3;156;40;state;
;2033;1875;2272;40;state;
676;94;3;155;40;state;
;2033;1875;1877;40;state;
677;94;3;140;40;state;
;2033;1875;1881;40;state;
678;94;3;96;40;state;
;2033;1875;1914;40;state;
679;94;3;95;40;state;
;2033;1875;2022;40;state;
680;94;3;86;40;state;
;2033;1875;2031;40;state;
681;94;3;63;40;state;
;2033;1875;2058;40;state;
682;94;3;35;40;state;
;2033;1875;2129;40;state;
683;94;3;27;40;state;
;2033;1875;2214;40;state;
684;94;3;4;40;state;
;2033;1875;2240;40;state;
685;87;;63;27;dredsq;
;2035;;2060;29;dredsq;
686;87;;84;27;dredsq;
;2035;;2067;29;dredsq;
687;87;;93;27;dredsq;
;2035;;2042;29;dredsq;
688;87;;41;24;dredg;
;2036;;2177;21;dredg;
689;87;;55;24;dredg;
;2036;;2153;21;dredg;
690;87;;63;24;dredg;
;2036;;2060;21;dredg;
691;87;;84;24;dredg;
;2036;;2067;21;dredg;
692;87;;93;24;dredg;
;2036;;2043;21;dredg;
693;87;;63;28;gredsq;
;2037;;2060;31;gredsq;
694;87;;109;28;gredsq;
;2037;;2017;31;gredsq;
695;87;;118;28;gredsq;
;2037;;1973;31;gredsq;
696;87;;134;28;gredsq;
;2037;;1939;31;gredsq;
697;87;144;146;28;gredsq;
;2037;1902;1903;31;gredsq;
698;87;144;145;28;gredsq;
;2037;1902;1911;31;gredsq;
699;87;;93;28;gredsq;
;2037;;2046;31;gredsq;
700;87;88;90;53;i;
;2038;2038;2039;47;i;
701;87;88;89;53;i;
;2038;2038;2052;47;i;
702;87;90;93;53;i;
;2038;2039;2041;47;i;
703;87;90;91;53;i;
;2038;2039;2049;47;i;
704;87;;91;53;i;
;2038;;2049;47;i;
705;87;;92;53;i;
;2038;;2038;47;i;
706;87;;93;53;i;
;2038;;2041;47;i;
;2038;;2043;47;i;
;2038;;2045;47;i;
;2038;;2047;47;i;
707;93;;63;27;dredsq;
;2042;;2060;29;dredsq;
708;93;;84;27;dredsq;
;2042;;2067;29;dredsq;
709;93;;93;27;dredsq;
;2042;;2042;29;dredsq;
710;93;;41;24;dredg;
;2043;;2177;21;dredg;
711;93;;55;24;dredg;
;2043;;2153;21;dredg;
712;93;;63;24;dredg;
;2043;;2060;21;dredg;
713;93;;84;24;dredg;
;2043;;2067;21;dredg;
714;93;;93;24;dredg;
;2043;;2043;21;dredg;
715;93;;63;28;gredsq;
;2046;;2060;31;gredsq;
716;93;;109;28;gredsq;
;2046;;2017;31;gredsq;
717;93;;118;28;gredsq;
;2046;;1973;31;gredsq;
718;93;;134;28;gredsq;
;2046;;1939;31;gredsq;
719;93;144;146;28;gredsq;
;2046;1902;1903;31;gredsq;
720;93;144;145;28;gredsq;
;2046;1902;1911;31;gredsq;
721;93;;93;28;gredsq;
;2046;;2046;31;gredsq;
722;92;88;90;53;i;
;2038;2038;2039;47;i;
723;92;88;89;53;i;
;2038;2038;2052;47;i;
724;92;90;93;53;i;
;2038;2039;2041;47;i;
725;92;90;91;53;i;
;2038;2039;2049;47;i;
726;92;;91;53;i;
;2038;;2049;47;i;
727;92;;92;53;i;
;2038;;2038;47;i;
728;92;;93;53;i;
;2038;;2041;47;i;
;2038;;2043;47;i;
;2038;;2045;47;i;
;2038;;2047;47;i;
729;89;9;14;29;itcsav;
;2052;2263;2264;33;itcsav;
730;89;9;10;29;itcsav;
;2052;2263;2266;33;itcsav;
731;89;3;156;40;state;
;2053;1875;2272;40;state;
732;89;3;155;40;state;
;2053;1875;1877;40;state;
733;89;3;140;40;state;
;2053;1875;1881;40;state;
734;89;3;96;40;state;
;2053;1875;1914;40;state;
735;89;3;95;40;state;
;2053;1875;2022;40;state;
736;89;3;86;40;state;
;2053;1875;2031;40;state;
737;89;3;63;40;state;
;2053;1875;2058;40;state;
738;89;3;35;40;state;
;2053;1875;2129;40;state;
739;89;3;27;40;state;
;2053;1875;2214;40;state;
740;89;3;4;40;state;
;2053;1875;2240;40;state;
741;63;9;14;34;iterc;
;2059;2263;2264;39;iterc;
742;63;9;10;34;iterc;
;2059;2263;2266;39;iterc;
743;63;;63;34;iterc;
;2059;;2059;39;iterc;
744;63;;89;34;iterc;
;2059;;2052;39;iterc;
745;63;107;111;34;iterc;
;2059;2011;2012;39;iterc;
746;63;107;108;34;iterc;
;2059;2011;2014;39;iterc;
747;63;;117;34;iterc;
;2059;;1965;39;iterc;
748;63;;147;34;iterc;
;2059;;1900;39;iterc;
749;63;63;85;46;temp;
;2060;2061;2062;17;temp;
750;63;63;64;46;temp;
;2060;2061;2064;17;temp;
751;63;;64;46;temp;
;2060;;2064;17;temp;
752;85;3;156;40;state;
;2062;1875;2272;40;state;
753;85;3;155;40;state;
;2062;1875;1877;40;state;
754;85;3;140;40;state;
;2062;1875;1881;40;state;
755;85;3;96;40;state;
;2062;1875;1914;40;state;
756;85;3;95;40;state;
;2062;1875;2022;40;state;
757;85;3;86;40;state;
;2062;1875;2031;40;state;
758;85;3;63;40;state;
;2062;1875;2058;40;state;
759;85;3;35;40;state;
;2062;1875;2129;40;state;
760;85;3;27;40;state;
;2062;1875;2214;40;state;
761;85;3;4;40;state;
;2062;1875;2240;40;state;
762;64;;66;46;temp;
;2064;;2072;17;temp;
763;64;;84;46;temp;
;2064;;2067;17;temp;
764;64;65;81;54;i;
;2065;2065;2066;47;i;
765;64;65;66;54;i;
;2065;2065;2072;47;i;
766;64;81;84;54;i;
;2065;2066;2067;47;i;
767;64;81;82;54;i;
;2065;2066;2069;47;i;
768;64;;82;54;i;
;2065;;2069;47;i;
769;64;;83;54;i;
;2065;;2065;47;i;
770;64;;84;54;i;
;2065;;2067;47;i;
771;83;65;81;54;i;
;2065;2065;2066;47;i;
772;83;65;66;54;i;
;2065;2065;2072;47;i;
773;83;81;84;54;i;
;2065;2066;2067;47;i;
774;83;81;82;54;i;
;2065;2066;2069;47;i;
775;83;;82;54;i;
;2065;;2069;47;i;
776;83;;83;54;i;
;2065;;2065;47;i;
777;83;;84;54;i;
;2065;;2067;47;i;
778;66;;41;25;sredg;
;2072;;2177;22;sredg;
779;66;;55;25;sredg;
;2072;;2153;22;sredg;
780;66;;37;23;angbd;
;2079;;2148;20;angbd;
781;66;;53;23;angbd;
;2079;;2172;20;angbd;
782;66;;55;23;angbd;
;2079;;2150;20;angbd;
783;66;75;76;23;angbd;
;2079;2115;2116;20;angbd;
784;66;75;70;23;angbd;
;2079;2115;2081;20;angbd;
785;66;77;78;23;angbd;
;2079;2104;2105;20;angbd;
786;66;77;74;23;angbd;
;2079;2104;2111;20;angbd;
787;66;44;47;20;iact;
;2080;2200;2200;14;iact;
788;66;44;45;20;iact;
;2080;2200;2209;14;iact;
789;66;;48;20;iact;
;2080;;2202;14;iact;
790;66;67;69;55;i;
;2081;2081;2082;47;i;
791;66;67;68;55;i;
;2081;2081;2126;47;i;
792;66;69;71;55;i;
;2081;2082;2083;47;i;
793;66;69;70;55;i;
;2081;2082;2081;47;i;
794;66;;70;55;i;
;2081;;2081;47;i;
795;66;;71;55;i;
;2081;;2083;47;i;
;2081;;2084;47;i;
796;66;;73;55;i;
;2081;;2095;47;i;
;2081;;2097;47;i;
;2081;;2100;47;i;
797;66;;74;55;i;
;2081;;2111;47;i;
798;66;;75;55;i;
;2081;;2114;47;i;
799;66;;76;55;i;
;2081;;2117;47;i;
800;66;;77;55;i;
;2081;;2103;47;i;
801;66;;78;55;i;
;2081;;2106;47;i;
802;66;;79;55;i;
;2081;;2091;47;i;
803;66;;80;55;i;
;2081;;2087;47;i;
804;71;71;80;56;tempa;
;2083;2085;2086;26;tempa;
805;71;71;72;56;tempa;
;2083;2085;2089;26;tempa;
806;71;77;78;56;tempa;
;2083;2104;2105;26;tempa;
807;71;77;74;56;tempa;
;2083;2104;2111;26;tempa;
808;71;;78;56;tempa;
;2083;;2105;26;tempa;
809;71;72;79;57;tempb;
;2084;2089;2090;27;tempb;
810;71;72;73;57;tempb;
;2084;2089;2095;27;tempb;
811;71;75;76;57;tempb;
;2084;2115;2116;27;tempb;
812;71;75;70;57;tempb;
;2084;2115;2081;27;tempb;
813;71;;76;57;tempb;
;2084;;2116;27;tempb;
814;80;;48;35;nact;
;2086;;2201;15;nact;
815;80;;79;35;nact;
;2086;;2090;15;nact;
816;80;;80;35;nact;
;2086;;2086;15;nact;
817;80;86;94;35;nact;
;2086;2032;2033;15;nact;
818;80;86;87;35;nact;
;2086;2032;2035;15;nact;
819;80;;112;35;nact;
;2086;;1993;15;nact;
820;80;;147;35;nact;
;2086;;1900;15;nact;
821;79;;48;35;nact;
;2090;;2201;15;nact;
822;79;;79;35;nact;
;2090;;2090;15;nact;
823;79;;80;35;nact;
;2090;;2086;15;nact;
824;79;86;94;35;nact;
;2090;2032;2033;15;nact;
825;79;86;87;35;nact;
;2090;2032;2035;15;nact;
826;79;;112;35;nact;
;2090;;1993;15;nact;
827;79;;147;35;nact;
;2090;;1900;15;nact;
828;73;;74;58;ssq;
;2098;;2112;54;ssq;
829;73;73;77;46;temp;
;2101;2102;2103;17;temp;
830;73;73;74;46;temp;
;2101;2102;2111;17;temp;
831;73;;77;46;temp;
;2101;;2103;17;temp;
832;77;77;78;46;temp;
;2103;2104;2105;17;temp;
833;77;77;74;46;temp;
;2103;2104;2111;17;temp;
834;77;;78;46;temp;
;2103;;2105;17;temp;
835;78;;37;23;angbd;
;2105;;2148;20;angbd;
836;78;;53;23;angbd;
;2105;;2172;20;angbd;
837;78;;55;23;angbd;
;2105;;2150;20;angbd;
838;78;77;78;23;angbd;
;2105;2104;2105;20;angbd;
839;78;77;74;23;angbd;
;2105;2104;2111;20;angbd;
840;78;75;76;23;angbd;
;2105;2115;2116;20;angbd;
841;78;75;70;23;angbd;
;2105;2115;2081;20;angbd;
842;78;44;47;20;iact;
;2106;2200;2200;14;iact;
843;78;44;45;20;iact;
;2106;2200;2209;14;iact;
844;78;;48;20;iact;
;2106;;2202;14;iact;
845;78;;48;22;xsav;
;2107;;2202;18;xsav;
846;74;74;75;46;temp;
;2112;2113;2114;17;temp;
847;74;74;70;46;temp;
;2112;2113;2081;17;temp;
848;74;;75;46;temp;
;2112;;2114;17;temp;
849;75;75;76;46;temp;
;2114;2115;2116;17;temp;
850;75;75;70;46;temp;
;2114;2115;2081;17;temp;
851;75;;76;46;temp;
;2114;;2116;17;temp;
852;76;;37;23;angbd;
;2116;;2148;20;angbd;
853;76;;53;23;angbd;
;2116;;2172;20;angbd;
854;76;;55;23;angbd;
;2116;;2150;20;angbd;
855;76;75;76;23;angbd;
;2116;2115;2116;20;angbd;
856;76;75;70;23;angbd;
;2116;2115;2081;20;angbd;
857;76;77;78;23;angbd;
;2116;2104;2105;20;angbd;
858;76;77;74;23;angbd;
;2116;2104;2111;20;angbd;
859;76;44;47;20;iact;
;2117;2200;2200;14;iact;
860;76;44;45;20;iact;
;2117;2200;2209;14;iact;
861;76;;48;20;iact;
;2117;;2202;14;iact;
862;76;;48;22;xsav;
;2118;;2202;18;xsav;
863;70;67;69;55;i;
;2081;2081;2082;47;i;
864;70;67;68;55;i;
;2081;2081;2126;47;i;
865;70;69;71;55;i;
;2081;2082;2083;47;i;
866;70;69;70;55;i;
;2081;2082;2081;47;i;
867;70;;70;55;i;
;2081;;2081;47;i;
868;70;;71;55;i;
;2081;;2083;47;i;
;2081;;2084;47;i;
869;70;;73;55;i;
;2081;;2095;47;i;
;2081;;2097;47;i;
;2081;;2100;47;i;
870;70;;74;55;i;
;2081;;2111;47;i;
871;70;;75;55;i;
;2081;;2114;47;i;
872;70;;76;55;i;
;2081;;2117;47;i;
873;70;;77;55;i;
;2081;;2103;47;i;
874;70;;78;55;i;
;2081;;2106;47;i;
875;70;;79;55;i;
;2081;;2091;47;i;
876;70;;80;55;i;
;2081;;2087;47;i;
877;68;3;156;40;state;
;2126;1875;2272;40;state;
878;68;3;155;40;state;
;2126;1875;1877;40;state;
879;68;3;140;40;state;
;2126;1875;1881;40;state;
880;68;3;96;40;state;
;2126;1875;1914;40;state;
881;68;3;95;40;state;
;2126;1875;2022;40;state;
882;68;3;86;40;state;
;2126;1875;2031;40;state;
883;68;3;63;40;state;
;2126;1875;2058;40;state;
884;68;3;35;40;state;
;2126;1875;2129;40;state;
885;68;3;27;40;state;
;2126;1875;2214;40;state;
886;68;3;4;40;state;
;2126;1875;2240;40;state;
887;35;;41;44;shs;
;2130;;2176;50;shs;
888;35;;55;44;shs;
;2130;;2152;50;shs;
889;35;;62;44;shs;
;2130;;2135;50;shs;
890;35;;41;59;dhs;
;2131;;2176;55;dhs;
891;35;;55;59;dhs;
;2131;;2152;55;dhs;
892;35;;62;59;dhs;
;2131;;2136;55;dhs;
893;35;;41;60;dhd;
;2132;;2176;56;dhd;
894;35;;55;60;dhd;
;2132;;2152;56;dhd;
895;35;;62;60;dhd;
;2132;;2137;56;dhd;
896;35;36;60;61;i;
;2133;2133;2134;47;i;
897;35;36;37;61;i;
;2133;2133;2145;47;i;
898;35;60;62;61;i;
;2133;2134;2135;47;i;
899;35;60;61;61;i;
;2133;2134;2133;47;i;
900;35;;61;61;i;
;2133;;2133;47;i;
901;35;;62;61;i;
;2133;;2135;47;i;
;2133;;2136;47;i;
;2133;;2137;47;i;
902;62;;41;44;shs;
;2135;;2176;50;shs;
903;62;;55;44;shs;
;2135;;2152;50;shs;
904;62;;62;44;shs;
;2135;;2135;50;shs;
905;62;;41;59;dhs;
;2136;;2176;55;dhs;
906;62;;55;59;dhs;
;2136;;2152;55;dhs;
907;62;;62;59;dhs;
;2136;;2136;55;dhs;
908;62;;41;60;dhd;
;2137;;2176;56;dhd;
909;62;;55;60;dhd;
;2137;;2152;56;dhd;
910;62;;62;60;dhd;
;2137;;2137;56;dhd;
911;61;36;60;61;i;
;2133;2133;2134;47;i;
912;61;36;37;61;i;
;2133;2133;2145;47;i;
913;61;60;62;61;i;
;2133;2134;2135;47;i;
914;61;60;61;61;i;
;2133;2134;2133;47;i;
915;61;;61;61;i;
;2133;;2133;47;i;
916;61;;62;61;i;
;2133;;2135;47;i;
;2133;;2136;47;i;
;2133;;2137;47;i;
917;37;;53;62;redmax;
;2145;;2171;28;redmax;
918;37;55;59;62;redmax;
;2145;2154;2155;28;redmax;
919;37;55;56;62;redmax;
;2145;2154;2158;28;redmax;
920;37;39;54;63;isav;
;2146;2167;2168;57;isav;
921;37;39;40;63;isav;
;2146;2167;2170;57;isav;
922;37;40;53;63;isav;
;2146;2170;2171;57;isav;
923;37;40;41;63;isav;
;2146;2170;2174;57;isav;
924;37;47;48;63;isav;
;2146;2200;2201;57;isav;
925;37;47;45;63;isav;
;2146;2200;2209;57;isav;
926;37;;53;63;isav;
;2146;;2172;57;isav;
927;37;56;58;63;isav;
;2146;2158;2159;57;isav;
928;37;56;57;63;isav;
;2146;2158;2161;57;isav;
929;37;;59;64;redsav;
;2147;;2157;30;redsav;
930;37;38;55;65;iu;
;2148;2149;2150;58;iu;
931;37;38;39;65;iu;
;2148;2149;2167;58;iu;
932;37;40;53;65;iu;
;2148;2170;2171;58;iu;
933;37;40;41;65;iu;
;2148;2170;2174;58;iu;
934;37;47;48;65;iu;
;2148;2200;2201;58;iu;
935;37;47;45;65;iu;
;2148;2200;2209;58;iu;
936;37;;53;65;iu;
;2148;;2172;58;iu;
937;37;;55;65;iu;
;2148;;2150;58;iu;
938;37;38;55;66;i;
;2149;2149;2150;47;i;
939;37;38;39;66;i;
;2149;2149;2167;47;i;
940;37;;55;66;i;
;2149;;2150;47;i;
941;37;56;58;66;i;
;2149;2158;2159;47;i;
942;37;56;57;66;i;
;2149;2158;2161;47;i;
943;37;;57;66;i;
;2149;;2149;47;i;
944;37;;59;66;i;
;2149;;2156;47;i;
945;55;;41;21;angt;
;2150;;2174;16;angt;
;2150;;2175;16;angt;
;2150;;2176;16;angt;
;2150;;2177;16;angt;
946;55;55;59;67;rednew;
;2153;2154;2155;32;rednew;
947;55;55;56;67;rednew;
;2153;2154;2158;32;rednew;
948;55;;57;67;rednew;
;2153;;2161;32;rednew;
949;55;;58;67;rednew;
;2153;;2159;32;rednew;
950;55;;59;67;rednew;
;2153;;2155;32;rednew;
951;59;;53;62;redmax;
;2155;;2171;28;redmax;
952;59;55;59;62;redmax;
;2155;2154;2155;28;redmax;
953;59;55;56;62;redmax;
;2155;2154;2158;28;redmax;
954;59;39;54;63;isav;
;2156;2167;2168;57;isav;
955;59;39;40;63;isav;
;2156;2167;2170;57;isav;
956;59;40;53;63;isav;
;2156;2170;2171;57;isav;
957;59;40;41;63;isav;
;2156;2170;2174;57;isav;
958;59;47;48;63;isav;
;2156;2200;2201;57;isav;
959;59;47;45;63;isav;
;2156;2200;2209;57;isav;
960;59;;53;63;isav;
;2156;;2172;57;isav;
961;59;56;58;63;isav;
;2156;2158;2159;57;isav;
962;59;56;57;63;isav;
;2156;2158;2161;57;isav;
963;59;;53;30;rdprev;
;2157;;2171;34;rdprev;
964;58;;53;31;rdnext;
;2159;;2171;35;rdnext;
965;57;;59;64;redsav;
;2161;;2157;30;redsav;
966;57;38;55;66;i;
;2149;2149;2150;47;i;
967;57;38;39;66;i;
;2149;2149;2167;47;i;
968;57;;55;66;i;
;2149;;2150;47;i;
969;57;56;58;66;i;
;2149;2158;2159;47;i;
970;57;56;57;66;i;
;2149;2158;2161;47;i;
971;57;;57;66;i;
;2149;;2149;47;i;
972;57;;59;66;i;
;2149;;2156;47;i;
973;54;3;156;40;state;
;2168;1875;2272;40;state;
974;54;3;155;40;state;
;2168;1875;1877;40;state;
975;54;3;140;40;state;
;2168;1875;1881;40;state;
976;54;3;96;40;state;
;2168;1875;1914;40;state;
977;54;3;95;40;state;
;2168;1875;2022;40;state;
978;54;3;86;40;state;
;2168;1875;2031;40;state;
979;54;3;63;40;state;
;2168;1875;2058;40;state;
980;54;3;35;40;state;
;2168;1875;2129;40;state;
981;54;3;27;40;state;
;2168;1875;2214;40;state;
982;54;3;4;40;state;
;2168;1875;2240;40;state;
983;53;;41;21;angt;
;2172;;2174;16;angt;
;2172;;2175;16;angt;
;2172;;2176;16;angt;
;2172;;2177;16;angt;
984;41;;49;68;cth;
;2174;;2189;60;cth;
985;41;;50;68;cth;
;2174;;2197;60;cth;
986;41;;51;68;cth;
;2174;;2191;60;cth;
987;41;;49;69;sth;
;2175;;2189;59;sth;
988;41;;50;69;sth;
;2175;;2197;59;sth;
989;41;;51;69;sth;
;2175;;2191;59;sth;
990;41;41;52;51;sdec;
;2177;2178;2179;52;sdec;
991;41;41;42;51;sdec;
;2177;2178;2186;52;sdec;
992;41;;44;51;sdec;
;2177;;2199;52;sdec;
993;41;45;46;51;sdec;
;2177;2209;2210;52;sdec;
994;41;45;27;51;sdec;
;2177;2209;2214;52;sdec;
995;52;3;156;40;state;
;2179;1875;2272;40;state;
996;52;3;155;40;state;
;2179;1875;1877;40;state;
997;52;3;140;40;state;
;2179;1875;1881;40;state;
998;52;3;96;40;state;
;2179;1875;1914;40;state;
999;52;3;95;40;state;
;2179;1875;2022;40;state;
1000;52;3;86;40;state;
;2179;1875;2031;40;state;
1001;52;3;63;40;state;
;2179;1875;2058;40;state;
1002;52;3;35;40;state;
;2179;1875;2129;40;state;
1003;52;3;27;40;state;
;2179;1875;2214;40;state;
1004;52;3;4;40;state;
;2179;1875;2240;40;state;
1005;42;;41;24;dredg;
;2186;;2177;21;dredg;
1006;42;;55;24;dredg;
;2186;;2153;21;dredg;
1007;42;;63;24;dredg;
;2186;;2060;21;dredg;
1008;42;;84;24;dredg;
;2186;;2067;21;dredg;
1009;42;;51;24;dredg;
;2186;;2192;21;dredg;
1010;42;;63;28;gredsq;
;2187;;2060;31;gredsq;
1011;42;;109;28;gredsq;
;2187;;2017;31;gredsq;
1012;42;;118;28;gredsq;
;2187;;1973;31;gredsq;
1013;42;;134;28;gredsq;
;2187;;1939;31;gredsq;
1014;42;144;146;28;gredsq;
;2187;1902;1903;31;gredsq;
1015;42;144;145;28;gredsq;
;2187;1902;1911;31;gredsq;
1016;42;;51;28;gredsq;
;2187;;2195;31;gredsq;
1017;42;43;49;70;i;
;2188;2188;2189;47;i;
1018;42;43;44;70;i;
;2188;2188;2199;47;i;
1019;42;;49;70;i;
;2188;;2189;47;i;
1020;42;49;51;70;i;
;2188;2190;2191;47;i;
1021;42;49;50;70;i;
;2188;2190;2197;47;i;
1022;42;;50;70;i;
;2188;;2197;47;i;
;2188;;2188;47;i;
1023;42;;51;70;i;
;2188;;2191;47;i;
;2188;;2192;47;i;
;2188;;2194;47;i;
1024;51;;41;24;dredg;
;2192;;2177;21;dredg;
1025;51;;55;24;dredg;
;2192;;2153;21;dredg;
1026;51;;63;24;dredg;
;2192;;2060;21;dredg;
1027;51;;84;24;dredg;
;2192;;2067;21;dredg;
1028;51;;51;24;dredg;
;2192;;2192;21;dredg;
1029;51;;63;28;gredsq;
;2195;;2060;31;gredsq;
1030;51;;109;28;gredsq;
;2195;;2017;31;gredsq;
1031;51;;118;28;gredsq;
;2195;;1973;31;gredsq;
1032;51;;134;28;gredsq;
;2195;;1939;31;gredsq;
1033;51;144;146;28;gredsq;
;2195;1902;1903;31;gredsq;
1034;51;144;145;28;gredsq;
;2195;1902;1911;31;gredsq;
1035;51;;51;28;gredsq;
;2195;;2195;31;gredsq;
1036;50;43;49;70;i;
;2188;2188;2189;47;i;
1037;50;43;44;70;i;
;2188;2188;2199;47;i;
1038;50;;49;70;i;
;2188;;2189;47;i;
1039;50;49;51;70;i;
;2188;2190;2191;47;i;
1040;50;49;50;70;i;
;2188;2190;2197;47;i;
1041;50;;50;70;i;
;2188;;2197;47;i;
;2188;;2188;47;i;
1042;50;;51;70;i;
;2188;;2191;47;i;
;2188;;2192;47;i;
;2188;;2194;47;i;
1043;44;45;46;38;qred;
;2199;2209;2210;46;qred;
1044;44;45;27;38;qred;
;2199;2209;2214;46;qred;
1045;44;;44;38;qred;
;2199;;2199;46;qred;
1046;44;63;85;38;qred;
;2199;2061;2062;46;qred;
1047;44;63;64;38;qred;
;2199;2061;2064;46;qred;
1048;44;108;110;38;qred;
;2199;2014;2015;46;qred;
1049;44;108;109;38;qred;
;2199;2014;2017;46;qred;
1050;44;;120;38;qred;
;2199;;1987;46;qred;
1051;44;144;146;38;qred;
;2199;1902;1903;46;qred;
1052;44;144;145;38;qred;
;2199;1902;1911;46;qred;
1053;48;;48;35;nact;
;2201;;2201;15;nact;
1054;48;;79;35;nact;
;2201;;2090;15;nact;
1055;48;;80;35;nact;
;2201;;2086;15;nact;
1056;48;86;94;35;nact;
;2201;2032;2033;15;nact;
1057;48;86;87;35;nact;
;2201;2032;2035;15;nact;
1058;48;;112;35;nact;
;2201;;1993;15;nact;
1059;48;;147;35;nact;
;2201;;1900;15;nact;
1060;48;3;156;40;state;
;2203;1875;2272;40;state;
1061;48;3;155;40;state;
;2203;1875;1877;40;state;
1062;48;3;140;40;state;
;2203;1875;1881;40;state;
1063;48;3;96;40;state;
;2203;1875;1914;40;state;
1064;48;3;95;40;state;
;2203;1875;2022;40;state;
1065;48;3;86;40;state;
;2203;1875;2031;40;state;
1066;48;3;63;40;state;
;2203;1875;2058;40;state;
1067;48;3;35;40;state;
;2203;1875;2129;40;state;
1068;48;3;27;40;state;
;2203;1875;2214;40;state;
1069;48;3;4;40;state;
;2203;1875;2240;40;state;
1070;46;3;156;40;state;
;2210;1875;2272;40;state;
1071;46;3;155;40;state;
;2210;1875;1877;40;state;
1072;46;3;140;40;state;
;2210;1875;1881;40;state;
1073;46;3;96;40;state;
;2210;1875;1914;40;state;
1074;46;3;95;40;state;
;2210;1875;2022;40;state;
1075;46;3;86;40;state;
;2210;1875;2031;40;state;
1076;46;3;63;40;state;
;2210;1875;2058;40;state;
1077;46;3;35;40;state;
;2210;1875;2129;40;state;
1078;46;3;27;40;state;
;2210;1875;2214;40;state;
1079;46;3;4;40;state;
;2210;1875;2240;40;state;
1080;27;;29;71;dsq;
;2215;;2233;11;dsq;
1081;27;;32;71;dsq;
;2215;;2231;11;dsq;
1082;27;28;30;72;i;
;2216;2216;2219;47;i;
1083;27;28;29;72;i;
;2216;2216;2233;47;i;
1084;27;;30;72;i;
;2216;;2219;47;i;
;2216;;2221;47;i;
1085;27;30;34;72;i;
;2216;2222;2223;47;i;
1086;27;30;31;72;i;
;2216;2222;2225;47;i;
1087;27;31;33;72;i;
;2216;2225;2226;47;i;
1088;27;31;32;72;i;
;2216;2225;2228;47;i;
1089;27;;32;72;i;
;2216;;2228;47;i;
;2216;;2230;47;i;
;2216;;2216;47;i;
1090;27;;33;72;i;
;2216;;2226;47;i;
1091;27;;34;72;i;
;2216;;2223;47;i;
1092;32;;29;71;dsq;
;2231;;2233;11;dsq;
1093;32;;32;71;dsq;
;2231;;2231;11;dsq;
1094;32;28;30;72;i;
;2216;2216;2219;47;i;
1095;32;28;29;72;i;
;2216;2216;2233;47;i;
1096;32;;30;72;i;
;2216;;2219;47;i;
;2216;;2221;47;i;
1097;32;30;34;72;i;
;2216;2222;2223;47;i;
1098;32;30;31;72;i;
;2216;2222;2225;47;i;
1099;32;31;33;72;i;
;2216;2225;2226;47;i;
1100;32;31;32;72;i;
;2216;2225;2228;47;i;
1101;32;;32;72;i;
;2216;;2228;47;i;
;2216;;2230;47;i;
;2216;;2216;47;i;
1102;32;;33;72;i;
;2216;;2226;47;i;
1103;32;;34;72;i;
;2216;;2223;47;i;
1104;4;;25;73;ih;
;2241;;2248;47;ih;
;2241;;2249;47;ih;
1105;4;;26;73;ih;
;2241;;2246;47;ih;
1106;4;5;21;74;j;
;2242;2242;2243;48;j;
1107;4;5;6;74;j;
;2242;2242;2252;48;j;
1108;4;;21;74;j;
;2242;;2243;48;j;
1109;4;22;24;74;j;
;2242;2244;2245;48;j;
1110;4;22;23;74;j;
;2242;2244;2242;48;j;
1111;4;;23;74;j;
;2242;;2242;48;j;
1112;4;24;26;74;j;
;2242;2245;2246;48;j;
1113;4;24;25;74;j;
;2242;2245;2248;48;j;
1114;4;;25;74;j;
;2242;;2248;48;j;
1115;4;;26;74;j;
;2242;;2246;48;j;
1116;21;22;24;75;i;
;2244;2244;2245;62;i;
1117;21;22;23;75;i;
;2244;2244;2242;62;i;
1118;21;24;26;75;i;
;2244;2245;2246;62;i;
1119;21;24;25;75;i;
;2244;2245;2248;62;i;
1120;21;;25;75;i;
;2244;;2248;62;i;
;2244;;2244;62;i;
1121;21;;26;75;i;
;2244;;2246;62;i;
1122;25;;25;73;ih;
;2249;;2248;47;ih;
;2249;;2249;47;ih;
1123;25;;26;73;ih;
;2249;;2246;47;ih;
1124;25;22;24;75;i;
;2244;2244;2245;62;i;
1125;25;22;23;75;i;
;2244;2244;2242;62;i;
1126;25;24;26;75;i;
;2244;2245;2246;62;i;
1127;25;24;25;75;i;
;2244;2245;2248;62;i;
1128;25;;25;75;i;
;2244;;2248;62;i;
;2244;;2244;62;i;
1129;25;;26;75;i;
;2244;;2246;62;i;
1130;23;5;21;74;j;
;2242;2242;2243;48;j;
1131;23;5;6;74;j;
;2242;2242;2252;48;j;
1132;23;;21;74;j;
;2242;;2243;48;j;
1133;23;22;24;74;j;
;2242;2244;2245;48;j;
1134;23;22;23;74;j;
;2242;2244;2242;48;j;
1135;23;;23;74;j;
;2242;;2242;48;j;
1136;23;24;26;74;j;
;2242;2245;2246;48;j;
1137;23;24;25;74;j;
;2242;2245;2248;48;j;
1138;23;;25;74;j;
;2242;;2248;48;j;
1139;23;;26;74;j;
;2242;;2246;48;j;
1140;6;;20;76;tmp;
;2252;;2256;48;tmp;
1141;6;7;16;77;k;
;2253;2253;2254;62;k;
1142;6;7;8;77;k;
;2253;2253;2260;62;k;
1143;6;16;18;77;k;
;2253;2254;2255;62;k;
1144;6;16;17;77;k;
;2253;2254;2253;62;k;
1145;6;;17;77;k;
;2253;;2253;62;k;
1146;6;;20;77;k;
;2253;;2256;62;k;
1147;18;19;20;78;i;
;2255;2255;2256;53;i;
1148;18;19;17;78;i;
;2255;2255;2253;53;i;
1149;18;;20;78;i;
;2255;;2256;53;i;
;2255;;2255;53;i;
1150;20;19;20;78;i;
;2255;2255;2256;53;i;
1151;20;19;17;78;i;
;2255;2255;2253;53;i;
1152;20;;20;78;i;
;2255;;2256;53;i;
;2255;;2255;53;i;
1153;17;7;16;77;k;
;2253;2253;2254;62;k;
1154;17;7;8;77;k;
;2253;2253;2260;62;k;
1155;17;16;18;77;k;
;2253;2254;2255;62;k;
1156;17;16;17;77;k;
;2253;2254;2253;62;k;
1157;17;;17;77;k;
;2253;;2253;62;k;
1158;17;;20;77;k;
;2253;;2256;62;k;
1159;15;3;156;40;state;
;2261;1875;2272;40;state;
1160;15;3;155;40;state;
;2261;1875;1877;40;state;
1161;15;3;140;40;state;
;2261;1875;1881;40;state;
1162;15;3;96;40;state;
;2261;1875;1914;40;state;
1163;15;3;95;40;state;
;2261;1875;2022;40;state;
1164;15;3;86;40;state;
;2261;1875;2031;40;state;
1165;15;3;63;40;state;
;2261;1875;2058;40;state;
1166;15;3;35;40;state;
;2261;1875;2129;40;state;
1167;15;3;27;40;state;
;2261;1875;2214;40;state;
1168;15;3;4;40;state;
;2261;1875;2240;40;state;
1169;14;3;156;40;state;
;2264;1875;2272;40;state;
1170;14;3;155;40;state;
;2264;1875;1877;40;state;
1171;14;3;140;40;state;
;2264;1875;1881;40;state;
1172;14;3;96;40;state;
;2264;1875;1914;40;state;
1173;14;3;95;40;state;
;2264;1875;2022;40;state;
1174;14;3;86;40;state;
;2264;1875;2031;40;state;
1175;14;3;63;40;state;
;2264;1875;2058;40;state;
1176;14;3;35;40;state;
;2264;1875;2129;40;state;
1177;14;3;27;40;state;
;2264;1875;2214;40;state;
1178;14;3;4;40;state;
;2264;1875;2240;40;state;
1179;10;11;13;79;i;
;2266;2266;2267;62;i;
1180;10;11;12;79;i;
;2266;2266;2269;62;i;
1181;10;;13;79;i;
;2266;;2267;62;i;
;2266;;2266;62;i;
1182;13;11;13;79;i;
;2266;2266;2267;62;i;
1183;13;11;12;79;i;
;2266;2266;2269;62;i;
1184;13;;13;79;i;
;2266;;2267;62;i;
;2266;;2266;62;i;
1185;12;3;156;40;state;
;2269;1875;2272;40;state;
1186;12;3;155;40;state;
;2269;1875;1877;40;state;
1187;12;3;140;40;state;
;2269;1875;1881;40;state;
1188;12;3;96;40;state;
;2269;1875;1914;40;state;
1189;12;3;95;40;state;
;2269;1875;2022;40;state;
1190;12;3;86;40;state;
;2269;1875;2031;40;state;
1191;12;3;63;40;state;
;2269;1875;2058;40;state;
1192;12;3;35;40;state;
;2269;1875;2129;40;state;
1193;12;3;27;40;state;
;2269;1875;2214;40;state;
1194;12;3;4;40;state;
;2269;1875;2240;40;state;
