Number of Variables;4;
Variables:;
0;;this;
1;;dataset;
2;;UPDATE;
3;;existing;

Number of Block duas;13;
Line Duas for method; setDataset;
Number;Def Line; Origin Line; Use Line; Var Id; Var Name;
1;653;;659;0;this;
2;653;;666;0;this;
3;653;;668;0;this;
4;653;;661;0;this;
5;653;;662;0;this;
6;653;;655;0;this;
7;653;;659;1;dataset;
8;653;660;661;1;dataset;
9;653;660;666;1;dataset;
10;653;;666;1;dataset;
11;653;;661;1;dataset;
12;653;;662;1;dataset;
13;653;;666;4;UPDATE;
14;653;654;655;2;existing;
15;653;654;659;2;existing;
16;653;;655;2;existing;

Block Duas for method; setDataset;
Number;Def Block; Origin Block; Use Block; Var Id; Var Name;
1;0;;1;0;this;
;653;;659;0;this;
2;0;;2;0;this;
;653;;666;0;this;
;653;;668;0;this;
3;0;;3;0;this;
;653;;661;0;this;
;653;;662;0;this;
4;0;;4;0;this;
;653;;655;0;this;
5;0;;1;1;dataset;
;653;;659;1;dataset;
6;0;1;3;1;dataset;
;653;660;661;1;dataset;
7;0;1;2;1;dataset;
;653;660;666;1;dataset;
8;0;;2;1;dataset;
;653;;666;1;dataset;
9;0;;3;1;dataset;
;653;;661;1;dataset;
;653;;662;1;dataset;
10;0;;2;2;UPDATE;
;653;;666;4;UPDATE;
11;0;0;4;3;existing;
;653;654;655;2;existing;
12;0;0;1;3;existing;
;653;654;659;2;existing;
13;0;;4;3;existing;
;653;;655;2;existing;
