Number of Variables;52;
Variables:;
0;L@0;this;
1;L@1;knew;
2;L@2;adelt;
3;L@4;n;
4;L@0.org.apache.commons.math3.optimization.direct.BOBYQAOptimizer.currentBest;null;
5;L@5;npt;
6;L@0.org.apache.commons.math3.optimization.direct.BOBYQAOptimizer.numberOfInterpolationPoints;null;
7;L@6;glag;
8;L@7;hcol;
9;L@8;work1;
10;L@9;work2;
11;L@10;k;
12;L@11;max;
13;L@12;tmp;
14;L@0.org.apache.commons.math3.optimization.direct.BOBYQAOptimizer.zMatrix;this.zMatrix;
15;L@14;k;
16;L@0.org.apache.commons.math3.optimization.direct.BOBYQAOptimizer.bMatrix;this.bMatrix;
17;L@15;tmp;
18;L@17;j;
19;L@0.org.apache.commons.math3.optimization.direct.BOBYQAOptimizer.interpolationPoints;this.interpolationPoints;
20;L@0.org.apache.commons.math3.optimization.direct.BOBYQAOptimizer.trustRegionCenterOffset;this.trustRegionCenterOffset;
21;L@16;step;
22;L@18;ksav;
23;L@19;ibdsav;
24;L@20;stpsav;
25;L@22;k;
26;L@0.org.apache.commons.math3.optimization.direct.BOBYQAOptimizer.trustRegionCenterInterpolationPointIndex;this.trustRegionCenterInterpolationPointIndex;
27;L@23;dderiv;
28;L@25;distsq;
29;L@27;i;
30;L@28;null;
31;L@29;slbd;
32;L@31;ilbd;
33;L@32;iubd;
34;L@33;sumin;
35;L@35;i;
36;L@36;tmp;
37;L@0.org.apache.commons.math3.optimization.direct.BOBYQAOptimizer.lowerDifference;this.lowerDifference;
38;L@0.org.apache.commons.math3.optimization.direct.BOBYQAOptimizer.upperDifference;this.upperDifference;
39;L@38;diff;
40;L@40;d1;
41;L@42;d2;
42;L@44;d3;
43;L@46;d4;
44;L@48;d5;
45;L@0.org.apache.commons.math3.optimization.direct.BOBYQAOptimizer.newPoint;this.newPoint;
46;L@24;iflag;
47;L@34;glagValue;
48;L@37;i;
49;L@0.org.apache.commons.math3.optimization.direct.BOBYQAOptimizer.alternativeNewPoint;this.alternativeNewPoint;
50;L@39;k;
51;L@41;i;

Number of Block duas;710;
Line Duas for method; altmov;
Number;Def Line; Origin Line; Use Line; Var Id; Var Name;
1;1262;;1552;0;this;
2;1262;;1542;0;this;
3;1262;;1522;0;this;
4;1262;;1523;0;this;
5;1262;;1511;0;this;
6;1262;;1497;0;this;
7;1262;;1495;0;this;
8;1262;;1493;0;this;
9;1262;;1489;0;this;
10;1262;;1491;0;this;
11;1262;;1461;0;this;
12;1262;1462;1463;0;this;
13;1262;1462;1467;0;this;
14;1262;1467;1468;0;this;
15;1262;1467;1474;0;this;
16;1262;;1468;0;this;
17;1262;;1463;0;this;
18;1262;1443;1443;0;this;
19;1262;1443;1445;0;this;
20;1262;1443;1445;0;this;
21;1262;1443;1440;0;this;
22;1262;;1426;0;this;
23;1262;;1423;0;this;
24;1262;;1418;0;this;
25;1262;;1419;0;this;
26;1262;1313;1314;0;this;
27;1262;1313;1316;0;this;
28;1262;;1332;0;this;
29;1262;1345;1346;0;this;
30;1262;1345;1349;0;this;
31;1262;1349;1351;0;this;
32;1262;1349;1331;0;this;
33;1262;;1351;0;this;
34;1262;;1346;0;this;
35;1262;1334;1335;0;this;
36;1262;1334;1338;0;this;
37;1262;1338;1340;0;this;
38;1262;1338;1331;0;this;
39;1262;;1340;0;this;
40;1262;;1335;0;this;
41;1262;;1319;0;this;
42;1262;;1297;0;this;
43;1262;;1293;0;this;
44;1262;;1288;0;this;
45;1262;;1277;0;this;
46;1262;;1279;0;this;
47;1262;;1282;1;knew;
48;1262;1364;1365;1;knew;
49;1262;1364;1388;1;knew;
50;1262;;1288;1;knew;
51;1262;;1277;1;knew;
52;1262;;1433;2;adelt;
53;1262;;1455;2;adelt;
54;1262;;1323;2;adelt;
55;1262;;1277;14;this.zMatrix;
56;1262;;1279;14;this.zMatrix;
57;1262;;1288;16;this.bMatrix;
58;1262;;1511;19;this.interpolationPoints;
59;1262;;1418;19;this.interpolationPoints;
60;1262;;1332;19;this.interpolationPoints;
61;1262;;1319;19;this.interpolationPoints;
62;1262;;1297;19;this.interpolationPoints;
63;1262;;1293;19;this.interpolationPoints;
64;1262;;1522;20;this.trustRegionCenterOffset;
65;1262;;1493;20;this.trustRegionCenterOffset;
66;1262;;1489;20;this.trustRegionCenterOffset;
67;1262;;1461;20;this.trustRegionCenterOffset;
68;1262;;1468;20;this.trustRegionCenterOffset;
69;1262;;1463;20;this.trustRegionCenterOffset;
70;1262;1443;1443;20;this.trustRegionCenterOffset;
71;1262;1443;1445;20;this.trustRegionCenterOffset;
72;1262;1443;1445;20;this.trustRegionCenterOffset;
73;1262;1443;1440;20;this.trustRegionCenterOffset;
74;1262;;1418;20;this.trustRegionCenterOffset;
75;1262;;1332;20;this.trustRegionCenterOffset;
76;1262;1345;1346;20;this.trustRegionCenterOffset;
77;1262;1345;1349;20;this.trustRegionCenterOffset;
78;1262;1349;1351;20;this.trustRegionCenterOffset;
79;1262;1349;1331;20;this.trustRegionCenterOffset;
80;1262;;1351;20;this.trustRegionCenterOffset;
81;1262;;1346;20;this.trustRegionCenterOffset;
82;1262;1334;1335;20;this.trustRegionCenterOffset;
83;1262;1334;1338;20;this.trustRegionCenterOffset;
84;1262;1338;1340;20;this.trustRegionCenterOffset;
85;1262;1338;1331;20;this.trustRegionCenterOffset;
86;1262;;1340;20;this.trustRegionCenterOffset;
87;1262;;1335;20;this.trustRegionCenterOffset;
88;1262;;1319;20;this.trustRegionCenterOffset;
89;1262;;1293;20;this.trustRegionCenterOffset;
90;1262;1313;1314;26;this.trustRegionCenterInterpolationPointIndex;
91;1262;1313;1316;26;this.trustRegionCenterInterpolationPointIndex;
92;1262;;1523;37;this.lowerDifference;
93;1262;;1495;37;this.lowerDifference;
94;1262;;1491;37;this.lowerDifference;
95;1262;1462;1463;37;this.lowerDifference;
96;1262;1462;1467;37;this.lowerDifference;
97;1262;;1463;37;this.lowerDifference;
98;1262;1443;1443;37;this.lowerDifference;
99;1262;1443;1445;37;this.lowerDifference;
100;1262;;1423;37;this.lowerDifference;
101;1262;;1419;37;this.lowerDifference;
102;1262;1349;1351;37;this.lowerDifference;
103;1262;1349;1331;37;this.lowerDifference;
104;1262;;1351;37;this.lowerDifference;
105;1262;1334;1335;37;this.lowerDifference;
106;1262;1334;1338;37;this.lowerDifference;
107;1262;;1335;37;this.lowerDifference;
108;1262;;1523;38;this.upperDifference;
109;1262;;1497;38;this.upperDifference;
110;1262;;1489;38;this.upperDifference;
111;1262;1467;1468;38;this.upperDifference;
112;1262;1467;1474;38;this.upperDifference;
113;1262;;1468;38;this.upperDifference;
114;1262;1443;1445;38;this.upperDifference;
115;1262;1443;1440;38;this.upperDifference;
116;1262;;1426;38;this.upperDifference;
117;1262;;1419;38;this.upperDifference;
118;1262;1345;1346;38;this.upperDifference;
119;1262;1345;1349;38;this.upperDifference;
120;1262;;1346;38;this.upperDifference;
121;1262;1338;1340;38;this.upperDifference;
122;1262;1338;1331;38;this.upperDifference;
123;1262;;1340;38;this.upperDifference;
124;1262;;1426;45;this.newPoint;
125;1262;;1423;45;this.newPoint;
126;1262;;1419;45;this.newPoint;
127;1262;;1552;49;this.alternativeNewPoint;
128;1262;;1542;49;this.alternativeNewPoint;
129;1262;;1523;49;this.alternativeNewPoint;
130;1262;;1497;49;this.alternativeNewPoint;
131;1262;;1495;49;this.alternativeNewPoint;
132;1262;;1493;49;this.alternativeNewPoint;
133;1262;;1491;49;this.alternativeNewPoint;
134;1264;;1276;3;n;
135;1264;1287;1288;3;n;
136;1264;1287;1290;3;n;
137;1264;1417;1418;3;n;
138;1264;1417;1422;3;n;
139;1264;1440;1441;3;n;
140;1264;1440;1450;3;n;
141;1264;1485;1486;3;n;
142;1264;1485;1507;3;n;
143;1264;1551;1552;3;n;
144;1264;1551;1554;3;n;
145;1264;1540;1541;3;n;
146;1264;1540;1544;3;n;
147;1264;1521;1522;3;n;
148;1264;1521;1527;3;n;
149;1264;1510;1511;3;n;
150;1264;1510;1513;3;n;
151;1264;1459;1460;3;n;
152;1264;1459;1484;3;n;
153;1264;1318;1319;3;n;
154;1264;1318;1323;3;n;
155;1264;1331;1332;3;n;
156;1264;1331;1361;3;n;
157;1264;1292;1293;3;n;
158;1264;1292;1295;3;n;
159;1264;1296;1297;3;n;
160;1264;1296;1290;3;n;
161;1265;1273;1274;5;npt;
162;1265;1273;1276;5;npt;
163;1265;;1276;5;npt;
164;1265;1290;1291;5;npt;
165;1265;1290;1307;5;npt;
166;1265;1312;1313;5;npt;
167;1265;1312;1417;5;npt;
168;1265;1508;1509;5;npt;
169;1265;1508;1515;5;npt;
170;1265;1278;1279;5;npt;
171;1265;1278;1276;5;npt;
172;1267;;1541;7;glag;
173;1267;;1486;7;glag;
174;1267;;1461;7;glag;
175;1267;;1474;7;glag;
176;1267;;1441;7;glag;
177;1267;;1320;7;glag;
178;1267;;1297;7;glag;
179;1267;;1288;7;glag;
180;1268;;1282;8;hcol;
181;1268;;1513;8;hcol;
182;1268;;1295;8;hcol;
183;1268;;1279;8;hcol;
184;1268;;1274;8;hcol;
185;1270;;1522;9;work1;
186;1270;;1511;9;work1;
187;1270;1487;1488;9;work1;
188;1270;1487;1492;9;work1;
189;1270;1492;1493;9;work1;
190;1270;1492;1494;9;work1;
191;1270;;1499;9;work1;
192;1270;;1488;9;work1;
193;1270;;1489;9;work1;
194;1270;1460;1461;9;work1;
195;1270;1460;1459;9;work1;
196;1270;;1468;9;work1;
197;1270;;1470;9;work1;
198;1270;;1463;9;work1;
199;1270;;1465;9;work1;
200;1270;;1442;9;work1;
201;1270;;1445;9;work1;
202;1271;;1552;10;work2;
203;1271;;1542;10;work2;
204;1273;1273;1274;11;k;
205;1273;1273;1276;11;k;
206;1273;;1274;11;k;
207;1273;;1273;11;k;
208;1273;1273;1274;11;k;
209;1273;1273;1276;11;k;
210;1273;;1274;11;k;
211;1273;;1273;11;k;
212;1276;1276;1277;11;j;
213;1276;1276;1282;11;j;
214;1276;;1277;11;j;
215;1276;;1276;11;j;
216;1276;;1279;11;j;
217;1276;1276;1277;12;max;
218;1276;1276;1282;12;max;
219;1277;;1279;13;tmp;
220;1278;1278;1279;15;k;
221;1278;1278;1276;15;k;
222;1278;;1279;15;k;
223;1278;;1278;15;k;
224;1278;1278;1279;15;k;
225;1278;1278;1276;15;k;
226;1278;;1279;15;k;
227;1278;;1278;15;k;
228;1276;1276;1277;11;j;
229;1276;1276;1282;11;j;
230;1276;;1277;11;j;
231;1276;;1276;11;j;
232;1276;;1279;11;j;
233;1282;;1557;11;alpha;
234;1282;;1451;11;alpha;
235;1283;;1406;13;ha;
236;1287;1287;1288;15;i;
237;1287;1287;1290;15;i;
238;1287;;1288;15;i;
239;1287;;1287;15;i;
240;1287;1287;1288;15;i;
241;1287;1287;1290;15;i;
242;1287;;1288;15;i;
243;1287;;1287;15;i;
244;1290;1290;1291;15;k;
245;1290;1290;1307;15;k;
246;1290;;1295;15;k;
247;1290;;1290;15;k;
248;1290;;1297;15;k;
249;1290;;1293;15;k;
250;1291;;1295;17;tmp;
251;1291;;1293;17;tmp;
252;1292;1292;1293;18;j;
253;1292;1292;1295;18;j;
254;1292;;1293;18;j;
255;1292;;1292;18;j;
256;1293;;1295;17;tmp;
257;1293;;1293;17;tmp;
258;1292;1292;1293;18;j;
259;1292;1292;1295;18;j;
260;1292;;1293;18;j;
261;1292;;1292;18;j;
262;1295;;1297;17;tmp;
263;1296;1296;1297;18;i;
264;1296;1296;1290;18;i;
265;1296;;1297;18;i;
266;1296;;1296;18;i;
267;1296;1296;1297;18;i;
268;1296;1296;1290;18;i;
269;1296;;1297;18;i;
270;1296;;1296;18;i;
271;1290;1290;1291;15;k;
272;1290;1290;1307;15;k;
273;1290;;1295;15;k;
274;1290;;1290;15;k;
275;1290;;1297;15;k;
276;1290;;1293;15;k;
277;1307;1407;1408;15;presav;
278;1307;1407;1312;15;presav;
279;1308;;1488;21;step;
280;1309;;1418;22;ksav;
281;1310;1422;1423;23;ibdsav;
282;1310;1422;1425;23;ibdsav;
283;1310;1425;1426;23;ibdsav;
284;1310;1425;1433;23;ibdsav;
285;1310;;1426;23;ibdsav;
286;1310;;1423;23;ibdsav;
287;1311;;1418;24;stpsav;
288;1312;1312;1313;25;k;
289;1312;1312;1417;25;k;
290;1312;1313;1314;25;k;
291;1312;1313;1316;25;k;
292;1312;1364;1365;25;k;
293;1312;1364;1388;25;k;
294;1312;;1312;25;k;
295;1312;;1409;25;k;
296;1312;;1332;25;k;
297;1312;;1319;25;k;
298;1316;;1400;27;dderiv;
299;1316;;1365;27;dderiv;
300;1316;;1366;27;dderiv;
301;1316;;1367;27;dderiv;
302;1316;;1373;27;dderiv;
303;1316;;1320;27;dderiv;
304;1317;;1323;28;distsq;
305;1317;;1405;28;distsq;
306;1317;;1321;28;distsq;
307;1318;1318;1319;29;i;
308;1318;1318;1323;29;i;
309;1318;;1319;29;i;
310;1318;;1320;29;i;
311;1318;;1318;29;i;
312;1320;;1400;27;dderiv;
313;1320;;1365;27;dderiv;
314;1320;;1366;27;dderiv;
315;1320;;1367;27;dderiv;
316;1320;;1373;27;dderiv;
317;1320;;1320;27;dderiv;
318;1321;;1323;28;distsq;
319;1321;;1405;28;distsq;
320;1321;;1321;28;distsq;
321;1318;1318;1319;29;i;
322;1318;1318;1323;29;i;
323;1318;;1319;29;i;
324;1318;;1320;29;i;
325;1318;;1318;29;i;
326;1323;;1389;29;subd;
327;1323;1395;1395;29;subd;
328;1323;1395;1400;29;subd;
329;1323;;1391;29;subd;
330;1323;;1367;29;subd;
331;1323;;1375;29;subd;
332;1323;;1369;29;subd;
333;1323;1349;1351;29;subd;
334;1323;1349;1331;29;subd;
335;1323;1338;1340;29;subd;
336;1323;1338;1331;29;subd;
337;1324;;1361;31;slbd;
338;1324;;1388;31;slbd;
339;1324;;1366;31;slbd;
340;1324;;1374;31;slbd;
341;1324;1345;1346;31;slbd;
342;1324;1345;1349;31;slbd;
343;1324;1334;1335;31;slbd;
344;1324;1334;1338;31;slbd;
345;1325;;1362;32;ilbd;
346;1326;;1393;33;iubd;
347;1326;;1371;33;iubd;
348;1327;;1351;34;sumin;
349;1327;;1340;34;sumin;
350;1331;1331;1332;35;i;
351;1331;1331;1361;35;i;
352;1331;;1332;35;i;
353;1331;;1331;35;i;
354;1331;1345;1346;35;i;
355;1331;1345;1349;35;i;
356;1331;1349;1351;35;i;
357;1331;1349;1331;35;i;
358;1331;;1351;35;i;
359;1331;;1353;35;i;
360;1331;;1346;35;i;
361;1331;;1347;35;i;
362;1331;1334;1335;35;i;
363;1331;1334;1338;35;i;
364;1331;1338;1340;35;i;
365;1331;1338;1331;35;i;
366;1331;;1340;35;i;
367;1331;;1342;35;i;
368;1331;;1335;35;i;
369;1331;;1336;35;i;
370;1332;1333;1334;36;tmp;
371;1332;1333;1344;36;tmp;
372;1332;1344;1345;36;tmp;
373;1332;1344;1331;36;tmp;
374;1332;1345;1346;36;tmp;
375;1332;1345;1349;36;tmp;
376;1332;1349;1351;36;tmp;
377;1332;1349;1331;36;tmp;
378;1332;;1351;36;tmp;
379;1332;;1346;36;tmp;
380;1332;1334;1335;36;tmp;
381;1332;1334;1338;36;tmp;
382;1332;1338;1340;36;tmp;
383;1332;1338;1331;36;tmp;
384;1332;;1340;36;tmp;
385;1332;;1335;36;tmp;
386;1335;;1361;31;slbd;
387;1335;;1388;31;slbd;
388;1335;;1366;31;slbd;
389;1335;;1374;31;slbd;
390;1335;1345;1346;31;slbd;
391;1335;1345;1349;31;slbd;
392;1335;1334;1335;31;slbd;
393;1335;1334;1338;31;slbd;
394;1336;;1362;32;ilbd;
395;1340;;1389;29;subd;
396;1340;1395;1395;29;subd;
397;1340;1395;1400;29;subd;
398;1340;;1391;29;subd;
399;1340;;1367;29;subd;
400;1340;;1375;29;subd;
401;1340;;1369;29;subd;
402;1340;1349;1351;29;subd;
403;1340;1349;1331;29;subd;
404;1340;1338;1340;29;subd;
405;1340;1338;1331;29;subd;
406;1342;;1393;33;iubd;
407;1342;;1371;33;iubd;
408;1346;;1361;31;slbd;
409;1346;;1388;31;slbd;
410;1346;;1366;31;slbd;
411;1346;;1374;31;slbd;
412;1346;1345;1346;31;slbd;
413;1346;1345;1349;31;slbd;
414;1346;1334;1335;31;slbd;
415;1346;1334;1338;31;slbd;
416;1347;;1362;32;ilbd;
417;1351;;1389;29;subd;
418;1351;1395;1395;29;subd;
419;1351;1395;1400;29;subd;
420;1351;;1391;29;subd;
421;1351;;1367;29;subd;
422;1351;;1375;29;subd;
423;1351;;1369;29;subd;
424;1351;1349;1351;29;subd;
425;1351;1349;1331;29;subd;
426;1351;1338;1340;29;subd;
427;1351;1338;1331;29;subd;
428;1353;;1393;33;iubd;
429;1353;;1371;33;iubd;
430;1331;1331;1332;35;i;
431;1331;1331;1361;35;i;
432;1331;;1332;35;i;
433;1331;;1331;35;i;
434;1331;1345;1346;35;i;
435;1331;1345;1349;35;i;
436;1331;1349;1351;35;i;
437;1331;1349;1331;35;i;
438;1331;;1351;35;i;
439;1331;;1353;35;i;
440;1331;;1346;35;i;
441;1331;;1347;35;i;
442;1331;1334;1335;35;i;
443;1331;1334;1338;35;i;
444;1331;1338;1340;35;i;
445;1331;1338;1331;35;i;
446;1331;;1340;35;i;
447;1331;;1342;35;i;
448;1331;;1335;35;i;
449;1331;;1336;35;i;
450;1361;;1405;21;step;
451;1361;;1488;21;step;
452;1361;;1410;21;step;
453;1362;;1411;35;isbd;
454;1365;;1374;39;diff;
455;1365;;1375;39;diff;
456;1365;;1377;39;diff;
457;1365;;1379;39;diff;
458;1366;1368;1369;36;vlag;
459;1366;1368;1373;36;vlag;
460;1366;;1406;36;vlag;
461;1366;1378;1379;36;vlag;
462;1366;1378;1387;36;vlag;
463;1367;1368;1369;40;d1;
464;1367;1368;1373;40;d1;
465;1367;;1370;40;d1;
466;1369;;1405;21;step;
467;1369;;1488;21;step;
468;1369;;1410;21;step;
469;1370;;1406;36;vlag;
470;1370;1378;1379;36;vlag;
471;1370;1378;1387;36;vlag;
472;1371;;1411;35;isbd;
473;1373;;1377;41;d2;
474;1373;;1379;41;d2;
475;1374;1376;1377;42;d3;
476;1374;1376;1387;42;d3;
477;1375;1376;1377;43;d4;
478;1375;1376;1387;43;d4;
479;1377;1378;1379;44;d5;
480;1377;1378;1387;44;d5;
481;1377;;1380;44;d5;
482;1379;;1405;21;step;
483;1379;;1488;21;step;
484;1379;;1410;21;step;
485;1380;;1406;36;vlag;
486;1381;;1411;35;isbd;
487;1388;1390;1391;36;vlag;
488;1388;1390;1395;36;vlag;
489;1388;;1400;36;vlag;
490;1388;1395;1396;36;vlag;
491;1388;1395;1400;36;vlag;
492;1389;1390;1391;39;tmp;
493;1389;1390;1395;39;tmp;
494;1389;;1392;39;tmp;
495;1391;;1405;21;step;
496;1391;;1488;21;step;
497;1391;;1410;21;step;
498;1392;;1400;36;vlag;
499;1392;1395;1396;36;vlag;
500;1392;1395;1400;36;vlag;
501;1393;;1411;35;isbd;
502;1396;;1405;21;step;
503;1396;;1488;21;step;
504;1396;;1410;21;step;
505;1397;;1400;36;vlag;
506;1398;;1411;35;isbd;
507;1400;;1406;36;vlag;
508;1406;1407;1408;40;predsq;
509;1406;1407;1312;40;predsq;
510;1406;;1408;40;predsq;
511;1408;1407;1408;15;presav;
512;1408;1407;1312;15;presav;
513;1409;;1418;22;ksav;
514;1410;;1418;24;stpsav;
515;1411;1422;1423;23;ibdsav;
516;1411;1422;1425;23;ibdsav;
517;1411;1425;1426;23;ibdsav;
518;1411;1425;1433;23;ibdsav;
519;1411;;1426;23;ibdsav;
520;1411;;1423;23;ibdsav;
521;1312;1312;1313;25;k;
522;1312;1312;1417;25;k;
523;1312;1313;1314;25;k;
524;1312;1313;1316;25;k;
525;1312;1364;1365;25;k;
526;1312;1364;1388;25;k;
527;1312;;1312;25;k;
528;1312;;1409;25;k;
529;1312;;1332;25;k;
530;1312;;1319;25;k;
531;1417;1417;1418;25;i;
532;1417;1417;1422;25;i;
533;1417;;1418;25;i;
534;1417;;1419;25;i;
535;1417;;1417;25;i;
536;1417;1417;1418;25;i;
537;1417;1417;1422;25;i;
538;1417;;1418;25;i;
539;1417;;1419;25;i;
540;1417;;1417;25;i;
541;1433;1487;1488;25;bigstp;
542;1433;1487;1492;25;bigstp;
543;1433;1460;1461;25;bigstp;
544;1433;1460;1459;25;bigstp;
545;1433;;1445;25;bigstp;
546;1434;1515;1516;46;iflag;
547;1434;1515;1518;46;iflag;
548;1434;1539;1540;46;iflag;
549;1434;1539;1550;46;iflag;
550;1436;1550;1551;29;csave;
551;1436;1550;1557;29;csave;
552;1436;;1554;29;csave;
553;1438;;1455;31;wfixsq;
554;1438;;1471;31;wfixsq;
555;1438;;1466;31;wfixsq;
556;1439;1450;1451;32;ggfree;
557;1439;1450;1455;32;ggfree;
558;1439;;1457;32;ggfree;
559;1439;;1447;32;ggfree;
560;1440;1440;1441;34;i;
561;1440;1440;1450;34;i;
562;1440;;1441;34;i;
563;1440;;1442;34;i;
564;1440;1443;1443;34;i;
565;1440;1443;1445;34;i;
566;1440;;1445;34;i;
567;1440;;1440;34;i;
568;1440;1443;1445;34;i;
569;1440;1443;1440;34;i;
570;1441;1443;1443;47;glagValue;
571;1441;1443;1445;47;glagValue;
572;1441;;1447;47;glagValue;
573;1441;1443;1445;47;glagValue;
574;1441;1443;1440;47;glagValue;
575;1447;1450;1451;32;ggfree;
576;1447;1450;1455;32;ggfree;
577;1447;;1457;32;ggfree;
578;1447;;1447;32;ggfree;
579;1440;1440;1441;34;i;
580;1440;1440;1450;34;i;
581;1440;;1441;34;i;
582;1440;;1442;34;i;
583;1440;1443;1443;34;i;
584;1440;1443;1445;34;i;
585;1440;;1445;34;i;
586;1440;;1440;34;i;
587;1440;1443;1445;34;i;
588;1440;1443;1440;34;i;
589;1455;1456;1457;34;tmp1;
590;1455;1456;1484;34;tmp1;
591;1455;;1457;34;tmp1;
592;1457;;1488;21;step;
593;1457;;1461;21;step;
594;1458;;1475;32;ggfree;
595;1459;1459;1460;35;i;
596;1459;1459;1484;35;i;
597;1459;1460;1461;35;i;
598;1459;1460;1459;35;i;
599;1459;;1459;35;i;
600;1459;;1461;35;i;
601;1459;1462;1463;35;i;
602;1459;1462;1467;35;i;
603;1459;1467;1468;35;i;
604;1459;1467;1474;35;i;
605;1459;;1474;35;i;
606;1459;;1468;35;i;
607;1459;;1470;35;i;
608;1459;;1463;35;i;
609;1459;;1465;35;i;
610;1461;1462;1463;36;tmp2;
611;1461;1462;1467;36;tmp2;
612;1461;1467;1468;36;tmp2;
613;1461;1467;1474;36;tmp2;
614;1466;;1471;31;wfixsq;
615;1466;;1466;31;wfixsq;
616;1471;;1471;31;wfixsq;
617;1471;;1466;31;wfixsq;
618;1475;;1475;32;ggfree;
619;1459;1459;1460;35;i;
620;1459;1459;1484;35;i;
621;1459;1460;1461;35;i;
622;1459;1460;1459;35;i;
623;1459;;1459;35;i;
624;1459;;1461;35;i;
625;1459;1462;1463;35;i;
626;1459;1462;1467;35;i;
627;1459;1467;1468;35;i;
628;1459;1467;1474;35;i;
629;1459;;1474;35;i;
630;1459;;1468;35;i;
631;1459;;1470;35;i;
632;1459;;1463;35;i;
633;1459;;1465;35;i;
634;1484;1518;1518;35;gw;
635;1484;1518;1531;35;gw;
636;1484;;1531;35;gw;
637;1484;1518;1520;35;gw;
638;1484;1518;1531;35;gw;
639;1484;;1520;35;gw;
640;1484;;1527;35;gw;
641;1484;;1499;35;gw;
642;1485;1485;1486;48;i;
643;1485;1485;1507;48;i;
644;1485;;1486;48;i;
645;1485;1487;1488;48;i;
646;1485;1487;1492;48;i;
647;1485;1492;1493;48;i;
648;1485;1492;1494;48;i;
649;1485;;1497;48;i;
650;1485;;1499;48;i;
651;1485;;1485;48;i;
652;1485;;1495;48;i;
653;1485;;1493;48;i;
654;1485;;1488;48;i;
655;1485;;1489;48;i;
656;1485;;1491;48;i;
657;1486;1494;1495;39;glagValue;
658;1486;1494;1497;39;glagValue;
659;1486;;1499;39;glagValue;
660;1486;;1488;39;glagValue;
661;1499;1518;1518;35;gw;
662;1499;1518;1531;35;gw;
663;1499;;1531;35;gw;
664;1499;1518;1520;35;gw;
665;1499;1518;1531;35;gw;
666;1499;;1520;35;gw;
667;1499;;1527;35;gw;
668;1499;;1499;35;gw;
669;1485;1485;1486;48;i;
670;1485;1485;1507;48;i;
671;1485;;1486;48;i;
672;1485;1487;1488;48;i;
673;1485;1487;1492;48;i;
674;1485;1492;1493;48;i;
675;1485;1492;1494;48;i;
676;1485;;1497;48;i;
677;1485;;1499;48;i;
678;1485;;1485;48;i;
679;1485;;1495;48;i;
680;1485;;1493;48;i;
681;1485;;1488;48;i;
682;1485;;1489;48;i;
683;1485;;1491;48;i;
684;1507;1518;1518;48;curv;
685;1507;1518;1531;48;curv;
686;1507;;1531;48;curv;
687;1507;1518;1520;48;curv;
688;1507;1518;1531;48;curv;
689;1507;;1520;48;curv;
690;1507;;1516;48;curv;
691;1507;;1513;48;curv;
692;1508;1508;1509;50;k;
693;1508;1508;1515;50;k;
694;1508;;1513;50;k;
695;1508;;1508;50;k;
696;1508;;1511;50;k;
697;1509;;1513;40;tmp;
698;1509;;1511;40;tmp;
699;1510;1510;1511;41;j;
700;1510;1510;1513;41;j;
701;1510;;1511;41;j;
702;1510;;1510;41;j;
703;1511;;1513;40;tmp;
704;1511;;1511;40;tmp;
705;1510;1510;1511;41;j;
706;1510;1510;1513;41;j;
707;1510;;1511;41;j;
708;1510;;1510;41;j;
709;1513;1518;1518;48;curv;
710;1513;1518;1531;48;curv;
711;1513;;1531;48;curv;
712;1513;1518;1520;48;curv;
713;1513;1518;1531;48;curv;
714;1513;;1520;48;curv;
715;1513;;1516;48;curv;
716;1513;;1513;48;curv;
717;1508;1508;1509;50;k;
718;1508;1508;1515;50;k;
719;1508;;1513;50;k;
720;1508;;1508;50;k;
721;1508;;1511;50;k;
722;1516;1518;1518;48;curv;
723;1516;1518;1531;48;curv;
724;1516;;1531;48;curv;
725;1516;1518;1520;48;curv;
726;1516;1518;1531;48;curv;
727;1516;;1520;48;curv;
728;1520;;1527;50;scale;
729;1520;;1522;50;scale;
730;1521;1521;1522;51;i;
731;1521;1521;1527;51;i;
732;1521;;1522;51;i;
733;1521;;1523;51;i;
734;1521;;1521;51;i;
735;1521;1521;1522;51;i;
736;1521;1521;1527;51;i;
737;1521;;1522;51;i;
738;1521;;1523;51;i;
739;1521;;1521;51;i;
740;1528;1550;1551;28;cauchy;
741;1528;1550;1557;28;cauchy;
742;1528;;1557;28;cauchy;
743;1528;;1544;28;cauchy;
744;1532;1550;1551;28;cauchy;
745;1532;1550;1557;28;cauchy;
746;1532;;1557;28;cauchy;
747;1532;;1544;28;cauchy;
748;1540;1540;1541;50;i;
749;1540;1540;1544;50;i;
750;1540;;1541;50;i;
751;1540;;1542;50;i;
752;1540;;1540;50;i;
753;1540;1540;1541;50;i;
754;1540;1540;1544;50;i;
755;1540;;1541;50;i;
756;1540;;1542;50;i;
757;1540;;1540;50;i;
758;1544;1550;1551;29;csave;
759;1544;1550;1557;29;csave;
760;1544;;1554;29;csave;
761;1545;1515;1516;46;iflag;
762;1545;1515;1518;46;iflag;
763;1545;1539;1540;46;iflag;
764;1545;1539;1550;46;iflag;
765;1551;1551;1552;31;i;
766;1551;1551;1554;31;i;
767;1551;;1552;31;i;
768;1551;;1551;31;i;
769;1551;1551;1552;31;i;
770;1551;1551;1554;31;i;
771;1551;;1552;31;i;
772;1551;;1551;31;i;
773;1554;;1557;28;cauchy;

Block Duas for method; altmov;
Number;Def Block; Origin Block; Use Block; Var Id; Var Name;
1;0;;32;0;this;
;1262;;1552;0;this;
2;0;;36;0;this;
;1262;;1542;0;this;
3;0;;41;0;this;
;1262;;1522;0;this;
;1262;;1523;0;this;
4;0;;46;0;this;
;1262;;1511;0;this;
5;0;;50;0;this;
;1262;;1497;0;this;
6;0;;52;0;this;
;1262;;1495;0;this;
7;0;;53;0;this;
;1262;;1493;0;this;
8;0;;54;0;this;
;1262;;1489;0;this;
;1262;;1491;0;this;
9;0;;59;0;this;
;1262;;1461;0;this;
10;0;59;63;0;this;
;1262;1462;1463;0;this;
11;0;59;60;0;this;
;1262;1462;1467;0;this;
12;0;60;62;0;this;
;1262;1467;1468;0;this;
13;0;60;61;0;this;
;1262;1467;1474;0;this;
14;0;;62;0;this;
;1262;;1468;0;this;
15;0;;63;0;this;
;1262;;1463;0;this;
16;0;65;68;0;this;
;1262;1443;1443;0;this;
17;0;65;66;0;this;
;1262;1443;1445;0;this;
18;0;68;66;0;this;
;1262;1443;1445;0;this;
19;0;68;67;0;this;
;1262;1443;1440;0;this;
20;0;;69;0;this;
;1262;;1426;0;this;
21;0;;70;0;this;
;1262;;1423;0;this;
22;0;;71;0;this;
;1262;;1418;0;this;
;1262;;1419;0;this;
23;0;72;105;0;this;
;1262;1313;1314;0;this;
24;0;72;73;0;this;
;1262;1313;1316;0;this;
25;0;;93;0;this;
;1262;;1332;0;this;
26;0;96;99;0;this;
;1262;1345;1346;0;this;
27;0;96;97;0;this;
;1262;1345;1349;0;this;
28;0;97;98;0;this;
;1262;1349;1351;0;this;
29;0;97;95;0;this;
;1262;1349;1331;0;this;
30;0;;98;0;this;
;1262;;1351;0;this;
31;0;;99;0;this;
;1262;;1346;0;this;
32;0;100;103;0;this;
;1262;1334;1335;0;this;
33;0;100;101;0;this;
;1262;1334;1338;0;this;
34;0;101;102;0;this;
;1262;1338;1340;0;this;
35;0;101;95;0;this;
;1262;1338;1331;0;this;
36;0;;102;0;this;
;1262;;1340;0;this;
37;0;;103;0;this;
;1262;;1335;0;this;
38;0;;104;0;this;
;1262;;1319;0;this;
39;0;;111;0;this;
;1262;;1297;0;this;
40;0;;112;0;this;
;1262;;1293;0;this;
41;0;;113;0;this;
;1262;;1288;0;this;
42;0;;114;0;this;
;1262;;1277;0;this;
43;0;;117;0;this;
;1262;;1279;0;this;
44;0;;4;1;knew;
;1262;;1282;1;knew;
45;0;77;87;1;knew;
;1262;1364;1365;1;knew;
46;0;77;78;1;knew;
;1262;1364;1388;1;knew;
47;0;;113;1;knew;
;1262;;1288;1;knew;
48;0;;114;1;knew;
;1262;;1277;1;knew;
49;0;;14;2;adelt;
;1262;;1433;2;adelt;
50;0;;18;2;adelt;
;1262;;1455;2;adelt;
51;0;;75;2;adelt;
;1262;;1323;2;adelt;
52;0;;114;14;this.zMatrix;
;1262;;1277;14;this.zMatrix;
53;0;;117;14;this.zMatrix;
;1262;;1279;14;this.zMatrix;
54;0;;113;16;this.bMatrix;
;1262;;1288;16;this.bMatrix;
55;0;;46;19;this.interpolationPoints;
;1262;;1511;19;this.interpolationPoints;
56;0;;71;19;this.interpolationPoints;
;1262;;1418;19;this.interpolationPoints;
57;0;;93;19;this.interpolationPoints;
;1262;;1332;19;this.interpolationPoints;
58;0;;104;19;this.interpolationPoints;
;1262;;1319;19;this.interpolationPoints;
59;0;;111;19;this.interpolationPoints;
;1262;;1297;19;this.interpolationPoints;
60;0;;112;19;this.interpolationPoints;
;1262;;1293;19;this.interpolationPoints;
61;0;;41;20;this.trustRegionCenterOffset;
;1262;;1522;20;this.trustRegionCenterOffset;
62;0;;53;20;this.trustRegionCenterOffset;
;1262;;1493;20;this.trustRegionCenterOffset;
63;0;;54;20;this.trustRegionCenterOffset;
;1262;;1489;20;this.trustRegionCenterOffset;
64;0;;59;20;this.trustRegionCenterOffset;
;1262;;1461;20;this.trustRegionCenterOffset;
65;0;;62;20;this.trustRegionCenterOffset;
;1262;;1468;20;this.trustRegionCenterOffset;
66;0;;63;20;this.trustRegionCenterOffset;
;1262;;1463;20;this.trustRegionCenterOffset;
67;0;65;68;20;this.trustRegionCenterOffset;
;1262;1443;1443;20;this.trustRegionCenterOffset;
68;0;65;66;20;this.trustRegionCenterOffset;
;1262;1443;1445;20;this.trustRegionCenterOffset;
69;0;68;66;20;this.trustRegionCenterOffset;
;1262;1443;1445;20;this.trustRegionCenterOffset;
70;0;68;67;20;this.trustRegionCenterOffset;
;1262;1443;1440;20;this.trustRegionCenterOffset;
71;0;;71;20;this.trustRegionCenterOffset;
;1262;;1418;20;this.trustRegionCenterOffset;
72;0;;93;20;this.trustRegionCenterOffset;
;1262;;1332;20;this.trustRegionCenterOffset;
73;0;96;99;20;this.trustRegionCenterOffset;
;1262;1345;1346;20;this.trustRegionCenterOffset;
74;0;96;97;20;this.trustRegionCenterOffset;
;1262;1345;1349;20;this.trustRegionCenterOffset;
75;0;97;98;20;this.trustRegionCenterOffset;
;1262;1349;1351;20;this.trustRegionCenterOffset;
76;0;97;95;20;this.trustRegionCenterOffset;
;1262;1349;1331;20;this.trustRegionCenterOffset;
77;0;;98;20;this.trustRegionCenterOffset;
;1262;;1351;20;this.trustRegionCenterOffset;
78;0;;99;20;this.trustRegionCenterOffset;
;1262;;1346;20;this.trustRegionCenterOffset;
79;0;100;103;20;this.trustRegionCenterOffset;
;1262;1334;1335;20;this.trustRegionCenterOffset;
80;0;100;101;20;this.trustRegionCenterOffset;
;1262;1334;1338;20;this.trustRegionCenterOffset;
81;0;101;102;20;this.trustRegionCenterOffset;
;1262;1338;1340;20;this.trustRegionCenterOffset;
82;0;101;95;20;this.trustRegionCenterOffset;
;1262;1338;1331;20;this.trustRegionCenterOffset;
83;0;;102;20;this.trustRegionCenterOffset;
;1262;;1340;20;this.trustRegionCenterOffset;
84;0;;103;20;this.trustRegionCenterOffset;
;1262;;1335;20;this.trustRegionCenterOffset;
85;0;;104;20;this.trustRegionCenterOffset;
;1262;;1319;20;this.trustRegionCenterOffset;
86;0;;112;20;this.trustRegionCenterOffset;
;1262;;1293;20;this.trustRegionCenterOffset;
87;0;72;105;26;this.trustRegionCenterInterpolationPointIndex;
;1262;1313;1314;26;this.trustRegionCenterInterpolationPointIndex;
88;0;72;73;26;this.trustRegionCenterInterpolationPointIndex;
;1262;1313;1316;26;this.trustRegionCenterInterpolationPointIndex;
89;0;;41;37;this.lowerDifference;
;1262;;1523;37;this.lowerDifference;
90;0;;52;37;this.lowerDifference;
;1262;;1495;37;this.lowerDifference;
91;0;;54;37;this.lowerDifference;
;1262;;1491;37;this.lowerDifference;
92;0;59;63;37;this.lowerDifference;
;1262;1462;1463;37;this.lowerDifference;
93;0;59;60;37;this.lowerDifference;
;1262;1462;1467;37;this.lowerDifference;
94;0;;63;37;this.lowerDifference;
;1262;;1463;37;this.lowerDifference;
95;0;65;68;37;this.lowerDifference;
;1262;1443;1443;37;this.lowerDifference;
96;0;65;66;37;this.lowerDifference;
;1262;1443;1445;37;this.lowerDifference;
97;0;;70;37;this.lowerDifference;
;1262;;1423;37;this.lowerDifference;
98;0;;71;37;this.lowerDifference;
;1262;;1419;37;this.lowerDifference;
99;0;97;98;37;this.lowerDifference;
;1262;1349;1351;37;this.lowerDifference;
100;0;97;95;37;this.lowerDifference;
;1262;1349;1331;37;this.lowerDifference;
101;0;;98;37;this.lowerDifference;
;1262;;1351;37;this.lowerDifference;
102;0;100;103;37;this.lowerDifference;
;1262;1334;1335;37;this.lowerDifference;
103;0;100;101;37;this.lowerDifference;
;1262;1334;1338;37;this.lowerDifference;
104;0;;103;37;this.lowerDifference;
;1262;;1335;37;this.lowerDifference;
105;0;;41;38;this.upperDifference;
;1262;;1523;38;this.upperDifference;
106;0;;50;38;this.upperDifference;
;1262;;1497;38;this.upperDifference;
107;0;;54;38;this.upperDifference;
;1262;;1489;38;this.upperDifference;
108;0;60;62;38;this.upperDifference;
;1262;1467;1468;38;this.upperDifference;
109;0;60;61;38;this.upperDifference;
;1262;1467;1474;38;this.upperDifference;
110;0;;62;38;this.upperDifference;
;1262;;1468;38;this.upperDifference;
111;0;68;66;38;this.upperDifference;
;1262;1443;1445;38;this.upperDifference;
112;0;68;67;38;this.upperDifference;
;1262;1443;1440;38;this.upperDifference;
113;0;;69;38;this.upperDifference;
;1262;;1426;38;this.upperDifference;
114;0;;71;38;this.upperDifference;
;1262;;1419;38;this.upperDifference;
115;0;96;99;38;this.upperDifference;
;1262;1345;1346;38;this.upperDifference;
116;0;96;97;38;this.upperDifference;
;1262;1345;1349;38;this.upperDifference;
117;0;;99;38;this.upperDifference;
;1262;;1346;38;this.upperDifference;
118;0;101;102;38;this.upperDifference;
;1262;1338;1340;38;this.upperDifference;
119;0;101;95;38;this.upperDifference;
;1262;1338;1331;38;this.upperDifference;
120;0;;102;38;this.upperDifference;
;1262;;1340;38;this.upperDifference;
121;0;;69;45;this.newPoint;
;1262;;1426;45;this.newPoint;
122;0;;70;45;this.newPoint;
;1262;;1423;45;this.newPoint;
123;0;;71;45;this.newPoint;
;1262;;1419;45;this.newPoint;
124;0;;32;49;this.alternativeNewPoint;
;1262;;1552;49;this.alternativeNewPoint;
125;0;;36;49;this.alternativeNewPoint;
;1262;;1542;49;this.alternativeNewPoint;
126;0;;41;49;this.alternativeNewPoint;
;1262;;1523;49;this.alternativeNewPoint;
127;0;;50;49;this.alternativeNewPoint;
;1262;;1497;49;this.alternativeNewPoint;
128;0;;52;49;this.alternativeNewPoint;
;1262;;1495;49;this.alternativeNewPoint;
129;0;;53;49;this.alternativeNewPoint;
;1262;;1493;49;this.alternativeNewPoint;
130;0;;54;49;this.alternativeNewPoint;
;1262;;1491;49;this.alternativeNewPoint;
131;0;;2;3;n;
;1264;;1276;3;n;
132;0;5;113;3;n;
;1264;1287;1288;3;n;
133;0;5;6;3;n;
;1264;1287;1290;3;n;
134;0;11;71;3;n;
;1264;1417;1418;3;n;
135;0;11;12;3;n;
;1264;1417;1422;3;n;
136;0;16;65;3;n;
;1264;1440;1441;3;n;
137;0;16;17;3;n;
;1264;1440;1450;3;n;
138;0;20;47;3;n;
;1264;1485;1486;3;n;
139;0;20;21;3;n;
;1264;1485;1507;3;n;
140;0;30;32;3;n;
;1264;1551;1552;3;n;
141;0;30;31;3;n;
;1264;1551;1554;3;n;
142;0;34;36;3;n;
;1264;1540;1541;3;n;
143;0;34;35;3;n;
;1264;1540;1544;3;n;
144;0;39;41;3;n;
;1264;1521;1522;3;n;
145;0;39;40;3;n;
;1264;1521;1527;3;n;
146;0;44;46;3;n;
;1264;1510;1511;3;n;
147;0;44;45;3;n;
;1264;1510;1513;3;n;
148;0;56;57;3;n;
;1264;1459;1460;3;n;
149;0;56;19;3;n;
;1264;1459;1484;3;n;
150;0;74;104;3;n;
;1264;1318;1319;3;n;
151;0;74;75;3;n;
;1264;1318;1323;3;n;
152;0;76;93;3;n;
;1264;1331;1332;3;n;
153;0;76;77;3;n;
;1264;1331;1361;3;n;
154;0;107;112;3;n;
;1264;1292;1293;3;n;
155;0;107;108;3;n;
;1264;1292;1295;3;n;
156;0;109;111;3;n;
;1264;1296;1297;3;n;
157;0;109;110;3;n;
;1264;1296;1290;3;n;
158;0;1;118;5;npt;
;1265;1273;1274;5;npt;
159;0;1;2;5;npt;
;1265;1273;1276;5;npt;
160;0;;2;5;npt;
;1265;;1276;5;npt;
161;0;7;106;5;npt;
;1265;1290;1291;5;npt;
162;0;7;8;5;npt;
;1265;1290;1307;5;npt;
163;0;9;72;5;npt;
;1265;1312;1313;5;npt;
164;0;9;10;5;npt;
;1265;1312;1417;5;npt;
165;0;22;43;5;npt;
;1265;1508;1509;5;npt;
166;0;22;23;5;npt;
;1265;1508;1515;5;npt;
167;0;115;117;5;npt;
;1265;1278;1279;5;npt;
168;0;115;116;5;npt;
;1265;1278;1276;5;npt;
169;0;;36;7;glag;
;1267;;1541;7;glag;
170;0;;47;7;glag;
;1267;;1486;7;glag;
171;0;;59;7;glag;
;1267;;1461;7;glag;
172;0;;61;7;glag;
;1267;;1474;7;glag;
173;0;;65;7;glag;
;1267;;1441;7;glag;
174;0;;104;7;glag;
;1267;;1320;7;glag;
175;0;;111;7;glag;
;1267;;1297;7;glag;
176;0;;113;7;glag;
;1267;;1288;7;glag;
177;0;;4;8;hcol;
;1268;;1282;8;hcol;
178;0;;45;8;hcol;
;1268;;1513;8;hcol;
179;0;;108;8;hcol;
;1268;;1295;8;hcol;
180;0;;117;8;hcol;
;1268;;1279;8;hcol;
181;0;;118;8;hcol;
;1268;;1274;8;hcol;
182;0;;41;9;work1;
;1270;;1522;9;work1;
183;0;;46;9;work1;
;1270;;1511;9;work1;
184;0;47;54;9;work1;
;1270;1487;1488;9;work1;
185;0;47;48;9;work1;
;1270;1487;1492;9;work1;
186;0;48;53;9;work1;
;1270;1492;1493;9;work1;
187;0;48;49;9;work1;
;1270;1492;1494;9;work1;
188;0;;51;9;work1;
;1270;;1499;9;work1;
189;0;;54;9;work1;
;1270;;1488;9;work1;
;1270;;1489;9;work1;
190;0;57;59;9;work1;
;1270;1460;1461;9;work1;
191;0;57;58;9;work1;
;1270;1460;1459;9;work1;
192;0;;62;9;work1;
;1270;;1468;9;work1;
;1270;;1470;9;work1;
193;0;;63;9;work1;
;1270;;1463;9;work1;
;1270;;1465;9;work1;
194;0;;65;9;work1;
;1270;;1442;9;work1;
195;0;;66;9;work1;
;1270;;1445;9;work1;
196;0;;32;10;work2;
;1271;;1552;10;work2;
197;0;;36;10;work2;
;1271;;1542;10;work2;
198;0;1;118;11;k;
;1273;1273;1274;11;k;
199;0;1;2;11;k;
;1273;1273;1276;11;k;
200;0;;118;11;k;
;1273;;1274;11;k;
;1273;;1273;11;k;
201;118;1;118;11;k;
;1273;1273;1274;11;k;
202;118;1;2;11;k;
;1273;1273;1276;11;k;
203;118;;118;11;k;
;1273;;1274;11;k;
;1273;;1273;11;k;
204;2;3;114;11;j;
;1276;1276;1277;11;j;
205;2;3;4;11;j;
;1276;1276;1282;11;j;
206;2;;114;11;j;
;1276;;1277;11;j;
207;2;;116;11;j;
;1276;;1276;11;j;
208;2;;117;11;j;
;1276;;1279;11;j;
209;2;3;114;12;max;
;1276;1276;1277;12;max;
210;2;3;4;12;max;
;1276;1276;1282;12;max;
211;114;;117;13;tmp;
;1277;;1279;13;tmp;
212;114;115;117;15;k;
;1278;1278;1279;15;k;
213;114;115;116;15;k;
;1278;1278;1276;15;k;
214;114;;117;15;k;
;1278;;1279;15;k;
;1278;;1278;15;k;
215;117;115;117;15;k;
;1278;1278;1279;15;k;
216;117;115;116;15;k;
;1278;1278;1276;15;k;
217;117;;117;15;k;
;1278;;1279;15;k;
;1278;;1278;15;k;
218;116;3;114;11;j;
;1276;1276;1277;11;j;
219;116;3;4;11;j;
;1276;1276;1282;11;j;
220;116;;114;11;j;
;1276;;1277;11;j;
221;116;;116;11;j;
;1276;;1276;11;j;
222;116;;117;11;j;
;1276;;1279;11;j;
223;4;;28;11;alpha;
;1282;;1557;11;alpha;
224;4;;64;11;alpha;
;1282;;1451;11;alpha;
225;4;;81;13;ha;
;1283;;1406;13;ha;
226;4;5;113;15;i;
;1287;1287;1288;15;i;
227;4;5;6;15;i;
;1287;1287;1290;15;i;
228;4;;113;15;i;
;1287;;1288;15;i;
;1287;;1287;15;i;
229;113;5;113;15;i;
;1287;1287;1288;15;i;
230;113;5;6;15;i;
;1287;1287;1290;15;i;
231;113;;113;15;i;
;1287;;1288;15;i;
;1287;;1287;15;i;
232;6;7;106;15;k;
;1290;1290;1291;15;k;
233;6;7;8;15;k;
;1290;1290;1307;15;k;
234;6;;108;15;k;
;1290;;1295;15;k;
235;6;;110;15;k;
;1290;;1290;15;k;
236;6;;111;15;k;
;1290;;1297;15;k;
237;6;;112;15;k;
;1290;;1293;15;k;
238;106;;108;17;tmp;
;1291;;1295;17;tmp;
239;106;;112;17;tmp;
;1291;;1293;17;tmp;
240;106;107;112;18;j;
;1292;1292;1293;18;j;
241;106;107;108;18;j;
;1292;1292;1295;18;j;
242;106;;112;18;j;
;1292;;1293;18;j;
;1292;;1292;18;j;
243;112;;108;17;tmp;
;1293;;1295;17;tmp;
244;112;;112;17;tmp;
;1293;;1293;17;tmp;
245;112;107;112;18;j;
;1292;1292;1293;18;j;
246;112;107;108;18;j;
;1292;1292;1295;18;j;
247;112;;112;18;j;
;1292;;1293;18;j;
;1292;;1292;18;j;
248;108;;111;17;tmp;
;1295;;1297;17;tmp;
249;108;109;111;18;i;
;1296;1296;1297;18;i;
250;108;109;110;18;i;
;1296;1296;1290;18;i;
251;108;;111;18;i;
;1296;;1297;18;i;
;1296;;1296;18;i;
252;111;109;111;18;i;
;1296;1296;1297;18;i;
253;111;109;110;18;i;
;1296;1296;1290;18;i;
254;111;;111;18;i;
;1296;;1297;18;i;
;1296;;1296;18;i;
255;110;7;106;15;k;
;1290;1290;1291;15;k;
256;110;7;8;15;k;
;1290;1290;1307;15;k;
257;110;;108;15;k;
;1290;;1295;15;k;
258;110;;110;15;k;
;1290;;1290;15;k;
259;110;;111;15;k;
;1290;;1297;15;k;
260;110;;112;15;k;
;1290;;1293;15;k;
261;8;81;83;15;presav;
;1307;1407;1408;15;presav;
262;8;81;82;15;presav;
;1307;1407;1312;15;presav;
263;8;;54;21;step;
;1308;;1488;21;step;
264;8;;71;22;ksav;
;1309;;1418;22;ksav;
265;8;12;70;23;ibdsav;
;1310;1422;1423;23;ibdsav;
266;8;12;13;23;ibdsav;
;1310;1422;1425;23;ibdsav;
267;8;13;69;23;ibdsav;
;1310;1425;1426;23;ibdsav;
268;8;13;14;23;ibdsav;
;1310;1425;1433;23;ibdsav;
269;8;;69;23;ibdsav;
;1310;;1426;23;ibdsav;
270;8;;70;23;ibdsav;
;1310;;1423;23;ibdsav;
271;8;;71;24;stpsav;
;1311;;1418;24;stpsav;
272;8;9;72;25;k;
;1312;1312;1313;25;k;
273;8;9;10;25;k;
;1312;1312;1417;25;k;
274;8;72;105;25;k;
;1312;1313;1314;25;k;
275;8;72;73;25;k;
;1312;1313;1316;25;k;
276;8;77;87;25;k;
;1312;1364;1365;25;k;
277;8;77;78;25;k;
;1312;1364;1388;25;k;
278;8;;82;25;k;
;1312;;1312;25;k;
279;8;;83;25;k;
;1312;;1409;25;k;
280;8;;93;25;k;
;1312;;1332;25;k;
281;8;;104;25;k;
;1312;;1319;25;k;
282;73;;80;27;dderiv;
;1316;;1400;27;dderiv;
283;73;;87;27;dderiv;
;1316;;1365;27;dderiv;
;1316;;1366;27;dderiv;
;1316;;1367;27;dderiv;
284;73;;88;27;dderiv;
;1316;;1373;27;dderiv;
285;73;;104;27;dderiv;
;1316;;1320;27;dderiv;
286;73;;75;28;distsq;
;1317;;1323;28;distsq;
287;73;;81;28;distsq;
;1317;;1405;28;distsq;
288;73;;104;28;distsq;
;1317;;1321;28;distsq;
289;73;74;104;29;i;
;1318;1318;1319;29;i;
290;73;74;75;29;i;
;1318;1318;1323;29;i;
291;73;;104;29;i;
;1318;;1319;29;i;
;1318;;1320;29;i;
;1318;;1318;29;i;
292;104;;80;27;dderiv;
;1320;;1400;27;dderiv;
293;104;;87;27;dderiv;
;1320;;1365;27;dderiv;
;1320;;1366;27;dderiv;
;1320;;1367;27;dderiv;
294;104;;88;27;dderiv;
;1320;;1373;27;dderiv;
295;104;;104;27;dderiv;
;1320;;1320;27;dderiv;
296;104;;75;28;distsq;
;1321;;1323;28;distsq;
297;104;;81;28;distsq;
;1321;;1405;28;distsq;
298;104;;104;28;distsq;
;1321;;1321;28;distsq;
299;104;74;104;29;i;
;1318;1318;1319;29;i;
300;104;74;75;29;i;
;1318;1318;1323;29;i;
301;104;;104;29;i;
;1318;;1319;29;i;
;1318;;1320;29;i;
;1318;;1318;29;i;
302;75;;78;29;subd;
;1323;;1389;29;subd;
303;75;79;84;29;subd;
;1323;1395;1395;29;subd;
304;75;79;80;29;subd;
;1323;1395;1400;29;subd;
305;75;;86;29;subd;
;1323;;1391;29;subd;
306;75;;87;29;subd;
;1323;;1367;29;subd;
307;75;;88;29;subd;
;1323;;1375;29;subd;
308;75;;92;29;subd;
;1323;;1369;29;subd;
309;75;97;98;29;subd;
;1323;1349;1351;29;subd;
310;75;97;95;29;subd;
;1323;1349;1331;29;subd;
311;75;101;102;29;subd;
;1323;1338;1340;29;subd;
312;75;101;95;29;subd;
;1323;1338;1331;29;subd;
313;75;;77;31;slbd;
;1324;;1361;31;slbd;
314;75;;78;31;slbd;
;1324;;1388;31;slbd;
315;75;;87;31;slbd;
;1324;;1366;31;slbd;
316;75;;88;31;slbd;
;1324;;1374;31;slbd;
317;75;96;99;31;slbd;
;1324;1345;1346;31;slbd;
318;75;96;97;31;slbd;
;1324;1345;1349;31;slbd;
319;75;100;103;31;slbd;
;1324;1334;1335;31;slbd;
320;75;100;101;31;slbd;
;1324;1334;1338;31;slbd;
321;75;;77;32;ilbd;
;1325;;1362;32;ilbd;
322;75;;86;33;iubd;
;1326;;1393;33;iubd;
323;75;;92;33;iubd;
;1326;;1371;33;iubd;
324;75;;98;34;sumin;
;1327;;1351;34;sumin;
325;75;;102;34;sumin;
;1327;;1340;34;sumin;
326;75;76;93;35;i;
;1331;1331;1332;35;i;
327;75;76;77;35;i;
;1331;1331;1361;35;i;
328;75;;93;35;i;
;1331;;1332;35;i;
329;75;;95;35;i;
;1331;;1331;35;i;
330;75;96;99;35;i;
;1331;1345;1346;35;i;
331;75;96;97;35;i;
;1331;1345;1349;35;i;
332;75;97;98;35;i;
;1331;1349;1351;35;i;
333;75;97;95;35;i;
;1331;1349;1331;35;i;
334;75;;98;35;i;
;1331;;1351;35;i;
;1331;;1353;35;i;
335;75;;99;35;i;
;1331;;1346;35;i;
;1331;;1347;35;i;
336;75;100;103;35;i;
;1331;1334;1335;35;i;
337;75;100;101;35;i;
;1331;1334;1338;35;i;
338;75;101;102;35;i;
;1331;1338;1340;35;i;
339;75;101;95;35;i;
;1331;1338;1331;35;i;
340;75;;102;35;i;
;1331;;1340;35;i;
;1331;;1342;35;i;
341;75;;103;35;i;
;1331;;1335;35;i;
;1331;;1336;35;i;
342;93;93;100;36;tmp;
;1332;1333;1334;36;tmp;
343;93;93;94;36;tmp;
;1332;1333;1344;36;tmp;
344;93;94;96;36;tmp;
;1332;1344;1345;36;tmp;
345;93;94;95;36;tmp;
;1332;1344;1331;36;tmp;
346;93;96;99;36;tmp;
;1332;1345;1346;36;tmp;
347;93;96;97;36;tmp;
;1332;1345;1349;36;tmp;
348;93;97;98;36;tmp;
;1332;1349;1351;36;tmp;
349;93;97;95;36;tmp;
;1332;1349;1331;36;tmp;
350;93;;98;36;tmp;
;1332;;1351;36;tmp;
351;93;;99;36;tmp;
;1332;;1346;36;tmp;
352;93;100;103;36;tmp;
;1332;1334;1335;36;tmp;
353;93;100;101;36;tmp;
;1332;1334;1338;36;tmp;
354;93;101;102;36;tmp;
;1332;1338;1340;36;tmp;
355;93;101;95;36;tmp;
;1332;1338;1331;36;tmp;
356;93;;102;36;tmp;
;1332;;1340;36;tmp;
357;93;;103;36;tmp;
;1332;;1335;36;tmp;
358;103;;77;31;slbd;
;1335;;1361;31;slbd;
359;103;;78;31;slbd;
;1335;;1388;31;slbd;
360;103;;87;31;slbd;
;1335;;1366;31;slbd;
361;103;;88;31;slbd;
;1335;;1374;31;slbd;
362;103;96;99;31;slbd;
;1335;1345;1346;31;slbd;
363;103;96;97;31;slbd;
;1335;1345;1349;31;slbd;
364;103;100;103;31;slbd;
;1335;1334;1335;31;slbd;
365;103;100;101;31;slbd;
;1335;1334;1338;31;slbd;
366;103;;77;32;ilbd;
;1336;;1362;32;ilbd;
367;102;;78;29;subd;
;1340;;1389;29;subd;
368;102;79;84;29;subd;
;1340;1395;1395;29;subd;
369;102;79;80;29;subd;
;1340;1395;1400;29;subd;
370;102;;86;29;subd;
;1340;;1391;29;subd;
371;102;;87;29;subd;
;1340;;1367;29;subd;
372;102;;88;29;subd;
;1340;;1375;29;subd;
373;102;;92;29;subd;
;1340;;1369;29;subd;
374;102;97;98;29;subd;
;1340;1349;1351;29;subd;
375;102;97;95;29;subd;
;1340;1349;1331;29;subd;
376;102;101;102;29;subd;
;1340;1338;1340;29;subd;
377;102;101;95;29;subd;
;1340;1338;1331;29;subd;
378;102;;86;33;iubd;
;1342;;1393;33;iubd;
379;102;;92;33;iubd;
;1342;;1371;33;iubd;
380;99;;77;31;slbd;
;1346;;1361;31;slbd;
381;99;;78;31;slbd;
;1346;;1388;31;slbd;
382;99;;87;31;slbd;
;1346;;1366;31;slbd;
383;99;;88;31;slbd;
;1346;;1374;31;slbd;
384;99;96;99;31;slbd;
;1346;1345;1346;31;slbd;
385;99;96;97;31;slbd;
;1346;1345;1349;31;slbd;
386;99;100;103;31;slbd;
;1346;1334;1335;31;slbd;
387;99;100;101;31;slbd;
;1346;1334;1338;31;slbd;
388;99;;77;32;ilbd;
;1347;;1362;32;ilbd;
389;98;;78;29;subd;
;1351;;1389;29;subd;
390;98;79;84;29;subd;
;1351;1395;1395;29;subd;
391;98;79;80;29;subd;
;1351;1395;1400;29;subd;
392;98;;86;29;subd;
;1351;;1391;29;subd;
393;98;;87;29;subd;
;1351;;1367;29;subd;
394;98;;88;29;subd;
;1351;;1375;29;subd;
395;98;;92;29;subd;
;1351;;1369;29;subd;
396;98;97;98;29;subd;
;1351;1349;1351;29;subd;
397;98;97;95;29;subd;
;1351;1349;1331;29;subd;
398;98;101;102;29;subd;
;1351;1338;1340;29;subd;
399;98;101;95;29;subd;
;1351;1338;1331;29;subd;
400;98;;86;33;iubd;
;1353;;1393;33;iubd;
401;98;;92;33;iubd;
;1353;;1371;33;iubd;
402;95;76;93;35;i;
;1331;1331;1332;35;i;
403;95;76;77;35;i;
;1331;1331;1361;35;i;
404;95;;93;35;i;
;1331;;1332;35;i;
405;95;;95;35;i;
;1331;;1331;35;i;
406;95;96;99;35;i;
;1331;1345;1346;35;i;
407;95;96;97;35;i;
;1331;1345;1349;35;i;
408;95;97;98;35;i;
;1331;1349;1351;35;i;
409;95;97;95;35;i;
;1331;1349;1331;35;i;
410;95;;98;35;i;
;1331;;1351;35;i;
;1331;;1353;35;i;
411;95;;99;35;i;
;1331;;1346;35;i;
;1331;;1347;35;i;
412;95;100;103;35;i;
;1331;1334;1335;35;i;
413;95;100;101;35;i;
;1331;1334;1338;35;i;
414;95;101;102;35;i;
;1331;1338;1340;35;i;
415;95;101;95;35;i;
;1331;1338;1331;35;i;
416;95;;102;35;i;
;1331;;1340;35;i;
;1331;;1342;35;i;
417;95;;103;35;i;
;1331;;1335;35;i;
;1331;;1336;35;i;
418;77;;81;21;step;
;1361;;1405;21;step;
419;77;;54;21;step;
;1361;;1488;21;step;
420;77;;83;21;step;
;1361;;1410;21;step;
421;77;;83;35;isbd;
;1362;;1411;35;isbd;
422;87;;88;39;diff;
;1365;;1374;39;diff;
;1365;;1375;39;diff;
423;87;;90;39;diff;
;1365;;1377;39;diff;
424;87;;91;39;diff;
;1365;;1379;39;diff;
425;87;87;92;36;vlag;
;1366;1368;1369;36;vlag;
426;87;87;88;36;vlag;
;1366;1368;1373;36;vlag;
427;87;;81;36;vlag;
;1366;;1406;36;vlag;
428;87;90;91;36;vlag;
;1366;1378;1379;36;vlag;
429;87;90;89;36;vlag;
;1366;1378;1387;36;vlag;
430;87;87;92;40;d1;
;1367;1368;1369;40;d1;
431;87;87;88;40;d1;
;1367;1368;1373;40;d1;
432;87;;92;40;d1;
;1367;;1370;40;d1;
433;92;;81;21;step;
;1369;;1405;21;step;
434;92;;54;21;step;
;1369;;1488;21;step;
435;92;;83;21;step;
;1369;;1410;21;step;
436;92;;81;36;vlag;
;1370;;1406;36;vlag;
437;92;90;91;36;vlag;
;1370;1378;1379;36;vlag;
438;92;90;89;36;vlag;
;1370;1378;1387;36;vlag;
439;92;;83;35;isbd;
;1371;;1411;35;isbd;
440;88;;90;41;d2;
;1373;;1377;41;d2;
441;88;;91;41;d2;
;1373;;1379;41;d2;
442;88;88;90;42;d3;
;1374;1376;1377;42;d3;
443;88;88;89;42;d3;
;1374;1376;1387;42;d3;
444;88;88;90;43;d4;
;1375;1376;1377;43;d4;
445;88;88;89;43;d4;
;1375;1376;1387;43;d4;
446;90;90;91;44;d5;
;1377;1378;1379;44;d5;
447;90;90;89;44;d5;
;1377;1378;1387;44;d5;
448;90;;91;44;d5;
;1377;;1380;44;d5;
449;91;;81;21;step;
;1379;;1405;21;step;
450;91;;54;21;step;
;1379;;1488;21;step;
451;91;;83;21;step;
;1379;;1410;21;step;
452;91;;81;36;vlag;
;1380;;1406;36;vlag;
453;91;;83;35;isbd;
;1381;;1411;35;isbd;
454;78;78;86;36;vlag;
;1388;1390;1391;36;vlag;
455;78;78;79;36;vlag;
;1388;1390;1395;36;vlag;
456;78;;80;36;vlag;
;1388;;1400;36;vlag;
457;78;84;85;36;vlag;
;1388;1395;1396;36;vlag;
458;78;84;80;36;vlag;
;1388;1395;1400;36;vlag;
459;78;78;86;39;tmp;
;1389;1390;1391;39;tmp;
460;78;78;79;39;tmp;
;1389;1390;1395;39;tmp;
461;78;;86;39;tmp;
;1389;;1392;39;tmp;
462;86;;81;21;step;
;1391;;1405;21;step;
463;86;;54;21;step;
;1391;;1488;21;step;
464;86;;83;21;step;
;1391;;1410;21;step;
465;86;;80;36;vlag;
;1392;;1400;36;vlag;
466;86;84;85;36;vlag;
;1392;1395;1396;36;vlag;
467;86;84;80;36;vlag;
;1392;1395;1400;36;vlag;
468;86;;83;35;isbd;
;1393;;1411;35;isbd;
469;85;;81;21;step;
;1396;;1405;21;step;
470;85;;54;21;step;
;1396;;1488;21;step;
471;85;;83;21;step;
;1396;;1410;21;step;
472;85;;80;36;vlag;
;1397;;1400;36;vlag;
473;85;;83;35;isbd;
;1398;;1411;35;isbd;
474;80;;81;36;vlag;
;1400;;1406;36;vlag;
475;81;81;83;40;predsq;
;1406;1407;1408;40;predsq;
476;81;81;82;40;predsq;
;1406;1407;1312;40;predsq;
477;81;;83;40;predsq;
;1406;;1408;40;predsq;
478;83;81;83;15;presav;
;1408;1407;1408;15;presav;
479;83;81;82;15;presav;
;1408;1407;1312;15;presav;
480;83;;71;22;ksav;
;1409;;1418;22;ksav;
481;83;;71;24;stpsav;
;1410;;1418;24;stpsav;
482;83;12;70;23;ibdsav;
;1411;1422;1423;23;ibdsav;
483;83;12;13;23;ibdsav;
;1411;1422;1425;23;ibdsav;
484;83;13;69;23;ibdsav;
;1411;1425;1426;23;ibdsav;
485;83;13;14;23;ibdsav;
;1411;1425;1433;23;ibdsav;
486;83;;69;23;ibdsav;
;1411;;1426;23;ibdsav;
487;83;;70;23;ibdsav;
;1411;;1423;23;ibdsav;
488;82;9;72;25;k;
;1312;1312;1313;25;k;
489;82;9;10;25;k;
;1312;1312;1417;25;k;
490;82;72;105;25;k;
;1312;1313;1314;25;k;
491;82;72;73;25;k;
;1312;1313;1316;25;k;
492;82;77;87;25;k;
;1312;1364;1365;25;k;
493;82;77;78;25;k;
;1312;1364;1388;25;k;
494;82;;82;25;k;
;1312;;1312;25;k;
495;82;;83;25;k;
;1312;;1409;25;k;
496;82;;93;25;k;
;1312;;1332;25;k;
497;82;;104;25;k;
;1312;;1319;25;k;
498;10;11;71;25;i;
;1417;1417;1418;25;i;
499;10;11;12;25;i;
;1417;1417;1422;25;i;
500;10;;71;25;i;
;1417;;1418;25;i;
;1417;;1419;25;i;
;1417;;1417;25;i;
501;71;11;71;25;i;
;1417;1417;1418;25;i;
502;71;11;12;25;i;
;1417;1417;1422;25;i;
503;71;;71;25;i;
;1417;;1418;25;i;
;1417;;1419;25;i;
;1417;;1417;25;i;
504;14;47;54;25;bigstp;
;1433;1487;1488;25;bigstp;
505;14;47;48;25;bigstp;
;1433;1487;1492;25;bigstp;
506;14;57;59;25;bigstp;
;1433;1460;1461;25;bigstp;
507;14;57;58;25;bigstp;
;1433;1460;1459;25;bigstp;
508;14;;66;25;bigstp;
;1433;;1445;25;bigstp;
509;14;23;42;46;iflag;
;1434;1515;1516;46;iflag;
510;14;23;24;46;iflag;
;1434;1515;1518;46;iflag;
511;14;26;33;46;iflag;
;1434;1539;1540;46;iflag;
512;14;26;27;46;iflag;
;1434;1539;1550;46;iflag;
513;14;27;29;29;csave;
;1436;1550;1551;29;csave;
514;14;27;28;29;csave;
;1436;1550;1557;29;csave;
515;14;;31;29;csave;
;1436;;1554;29;csave;
516;15;;18;31;wfixsq;
;1438;;1455;31;wfixsq;
517;15;;62;31;wfixsq;
;1438;;1471;31;wfixsq;
518;15;;63;31;wfixsq;
;1438;;1466;31;wfixsq;
519;15;17;64;32;ggfree;
;1439;1450;1451;32;ggfree;
520;15;17;18;32;ggfree;
;1439;1450;1455;32;ggfree;
521;15;;55;32;ggfree;
;1439;;1457;32;ggfree;
522;15;;66;32;ggfree;
;1439;;1447;32;ggfree;
523;15;16;65;34;i;
;1440;1440;1441;34;i;
524;15;16;17;34;i;
;1440;1440;1450;34;i;
525;15;;65;34;i;
;1440;;1441;34;i;
;1440;;1442;34;i;
526;15;65;68;34;i;
;1440;1443;1443;34;i;
527;15;65;66;34;i;
;1440;1443;1445;34;i;
528;15;;66;34;i;
;1440;;1445;34;i;
529;15;;67;34;i;
;1440;;1440;34;i;
530;15;68;66;34;i;
;1440;1443;1445;34;i;
531;15;68;67;34;i;
;1440;1443;1440;34;i;
532;65;65;68;47;glagValue;
;1441;1443;1443;47;glagValue;
533;65;65;66;47;glagValue;
;1441;1443;1445;47;glagValue;
534;65;;66;47;glagValue;
;1441;;1447;47;glagValue;
535;65;68;66;47;glagValue;
;1441;1443;1445;47;glagValue;
536;65;68;67;47;glagValue;
;1441;1443;1440;47;glagValue;
537;66;17;64;32;ggfree;
;1447;1450;1451;32;ggfree;
538;66;17;18;32;ggfree;
;1447;1450;1455;32;ggfree;
539;66;;55;32;ggfree;
;1447;;1457;32;ggfree;
540;66;;66;32;ggfree;
;1447;;1447;32;ggfree;
541;67;16;65;34;i;
;1440;1440;1441;34;i;
542;67;16;17;34;i;
;1440;1440;1450;34;i;
543;67;;65;34;i;
;1440;;1441;34;i;
;1440;;1442;34;i;
544;67;65;68;34;i;
;1440;1443;1443;34;i;
545;67;65;66;34;i;
;1440;1443;1445;34;i;
546;67;;66;34;i;
;1440;;1445;34;i;
547;67;;67;34;i;
;1440;;1440;34;i;
548;67;68;66;34;i;
;1440;1443;1445;34;i;
549;67;68;67;34;i;
;1440;1443;1440;34;i;
550;18;18;55;34;tmp1;
;1455;1456;1457;34;tmp1;
551;18;18;19;34;tmp1;
;1455;1456;1484;34;tmp1;
552;18;;55;34;tmp1;
;1455;;1457;34;tmp1;
553;55;;54;21;step;
;1457;;1488;21;step;
554;55;;59;21;step;
;1457;;1461;21;step;
555;55;;61;32;ggfree;
;1458;;1475;32;ggfree;
556;55;56;57;35;i;
;1459;1459;1460;35;i;
557;55;56;19;35;i;
;1459;1459;1484;35;i;
558;55;57;59;35;i;
;1459;1460;1461;35;i;
559;55;57;58;35;i;
;1459;1460;1459;35;i;
560;55;;58;35;i;
;1459;;1459;35;i;
561;55;;59;35;i;
;1459;;1461;35;i;
562;55;59;63;35;i;
;1459;1462;1463;35;i;
563;55;59;60;35;i;
;1459;1462;1467;35;i;
564;55;60;62;35;i;
;1459;1467;1468;35;i;
565;55;60;61;35;i;
;1459;1467;1474;35;i;
566;55;;61;35;i;
;1459;;1474;35;i;
567;55;;62;35;i;
;1459;;1468;35;i;
;1459;;1470;35;i;
568;55;;63;35;i;
;1459;;1463;35;i;
;1459;;1465;35;i;
569;59;59;63;36;tmp2;
;1461;1462;1463;36;tmp2;
570;59;59;60;36;tmp2;
;1461;1462;1467;36;tmp2;
571;59;60;62;36;tmp2;
;1461;1467;1468;36;tmp2;
572;59;60;61;36;tmp2;
;1461;1467;1474;36;tmp2;
573;63;;62;31;wfixsq;
;1466;;1471;31;wfixsq;
574;63;;63;31;wfixsq;
;1466;;1466;31;wfixsq;
575;62;;62;31;wfixsq;
;1471;;1471;31;wfixsq;
576;62;;63;31;wfixsq;
;1471;;1466;31;wfixsq;
577;61;;61;32;ggfree;
;1475;;1475;32;ggfree;
578;58;56;57;35;i;
;1459;1459;1460;35;i;
579;58;56;19;35;i;
;1459;1459;1484;35;i;
580;58;57;59;35;i;
;1459;1460;1461;35;i;
581;58;57;58;35;i;
;1459;1460;1459;35;i;
582;58;;58;35;i;
;1459;;1459;35;i;
583;58;;59;35;i;
;1459;;1461;35;i;
584;58;59;63;35;i;
;1459;1462;1463;35;i;
585;58;59;60;35;i;
;1459;1462;1467;35;i;
586;58;60;62;35;i;
;1459;1467;1468;35;i;
587;58;60;61;35;i;
;1459;1467;1474;35;i;
588;58;;61;35;i;
;1459;;1474;35;i;
589;58;;62;35;i;
;1459;;1468;35;i;
;1459;;1470;35;i;
590;58;;63;35;i;
;1459;;1463;35;i;
;1459;;1465;35;i;
591;19;24;37;35;gw;
;1484;1518;1518;35;gw;
592;19;24;25;35;gw;
;1484;1518;1531;35;gw;
593;19;;25;35;gw;
;1484;;1531;35;gw;
594;19;37;38;35;gw;
;1484;1518;1520;35;gw;
595;19;37;25;35;gw;
;1484;1518;1531;35;gw;
596;19;;38;35;gw;
;1484;;1520;35;gw;
597;19;;40;35;gw;
;1484;;1527;35;gw;
598;19;;51;35;gw;
;1484;;1499;35;gw;
599;19;20;47;48;i;
;1485;1485;1486;48;i;
600;19;20;21;48;i;
;1485;1485;1507;48;i;
601;19;;47;48;i;
;1485;;1486;48;i;
602;19;47;54;48;i;
;1485;1487;1488;48;i;
603;19;47;48;48;i;
;1485;1487;1492;48;i;
604;19;48;53;48;i;
;1485;1492;1493;48;i;
605;19;48;49;48;i;
;1485;1492;1494;48;i;
606;19;;50;48;i;
;1485;;1497;48;i;
607;19;;51;48;i;
;1485;;1499;48;i;
;1485;;1485;48;i;
608;19;;52;48;i;
;1485;;1495;48;i;
609;19;;53;48;i;
;1485;;1493;48;i;
610;19;;54;48;i;
;1485;;1488;48;i;
;1485;;1489;48;i;
;1485;;1491;48;i;
611;47;49;52;39;glagValue;
;1486;1494;1495;39;glagValue;
612;47;49;50;39;glagValue;
;1486;1494;1497;39;glagValue;
613;47;;51;39;glagValue;
;1486;;1499;39;glagValue;
614;47;;54;39;glagValue;
;1486;;1488;39;glagValue;
615;51;24;37;35;gw;
;1499;1518;1518;35;gw;
616;51;24;25;35;gw;
;1499;1518;1531;35;gw;
617;51;;25;35;gw;
;1499;;1531;35;gw;
618;51;37;38;35;gw;
;1499;1518;1520;35;gw;
619;51;37;25;35;gw;
;1499;1518;1531;35;gw;
620;51;;38;35;gw;
;1499;;1520;35;gw;
621;51;;40;35;gw;
;1499;;1527;35;gw;
622;51;;51;35;gw;
;1499;;1499;35;gw;
623;51;20;47;48;i;
;1485;1485;1486;48;i;
624;51;20;21;48;i;
;1485;1485;1507;48;i;
625;51;;47;48;i;
;1485;;1486;48;i;
626;51;47;54;48;i;
;1485;1487;1488;48;i;
627;51;47;48;48;i;
;1485;1487;1492;48;i;
628;51;48;53;48;i;
;1485;1492;1493;48;i;
629;51;48;49;48;i;
;1485;1492;1494;48;i;
630;51;;50;48;i;
;1485;;1497;48;i;
631;51;;51;48;i;
;1485;;1499;48;i;
;1485;;1485;48;i;
632;51;;52;48;i;
;1485;;1495;48;i;
633;51;;53;48;i;
;1485;;1493;48;i;
634;51;;54;48;i;
;1485;;1488;48;i;
;1485;;1489;48;i;
;1485;;1491;48;i;
635;21;24;37;48;curv;
;1507;1518;1518;48;curv;
636;21;24;25;48;curv;
;1507;1518;1531;48;curv;
637;21;;25;48;curv;
;1507;;1531;48;curv;
638;21;37;38;48;curv;
;1507;1518;1520;48;curv;
639;21;37;25;48;curv;
;1507;1518;1531;48;curv;
640;21;;38;48;curv;
;1507;;1520;48;curv;
641;21;;42;48;curv;
;1507;;1516;48;curv;
642;21;;45;48;curv;
;1507;;1513;48;curv;
643;21;22;43;50;k;
;1508;1508;1509;50;k;
644;21;22;23;50;k;
;1508;1508;1515;50;k;
645;21;;45;50;k;
;1508;;1513;50;k;
;1508;;1508;50;k;
646;21;;46;50;k;
;1508;;1511;50;k;
647;43;;45;40;tmp;
;1509;;1513;40;tmp;
648;43;;46;40;tmp;
;1509;;1511;40;tmp;
649;43;44;46;41;j;
;1510;1510;1511;41;j;
650;43;44;45;41;j;
;1510;1510;1513;41;j;
651;43;;46;41;j;
;1510;;1511;41;j;
;1510;;1510;41;j;
652;46;;45;40;tmp;
;1511;;1513;40;tmp;
653;46;;46;40;tmp;
;1511;;1511;40;tmp;
654;46;44;46;41;j;
;1510;1510;1511;41;j;
655;46;44;45;41;j;
;1510;1510;1513;41;j;
656;46;;46;41;j;
;1510;;1511;41;j;
;1510;;1510;41;j;
657;45;24;37;48;curv;
;1513;1518;1518;48;curv;
658;45;24;25;48;curv;
;1513;1518;1531;48;curv;
659;45;;25;48;curv;
;1513;;1531;48;curv;
660;45;37;38;48;curv;
;1513;1518;1520;48;curv;
661;45;37;25;48;curv;
;1513;1518;1531;48;curv;
662;45;;38;48;curv;
;1513;;1520;48;curv;
663;45;;42;48;curv;
;1513;;1516;48;curv;
664;45;;45;48;curv;
;1513;;1513;48;curv;
665;45;22;43;50;k;
;1508;1508;1509;50;k;
666;45;22;23;50;k;
;1508;1508;1515;50;k;
667;45;;45;50;k;
;1508;;1513;50;k;
;1508;;1508;50;k;
668;45;;46;50;k;
;1508;;1511;50;k;
669;42;24;37;48;curv;
;1516;1518;1518;48;curv;
670;42;24;25;48;curv;
;1516;1518;1531;48;curv;
671;42;;25;48;curv;
;1516;;1531;48;curv;
672;42;37;38;48;curv;
;1516;1518;1520;48;curv;
673;42;37;25;48;curv;
;1516;1518;1531;48;curv;
674;42;;38;48;curv;
;1516;;1520;48;curv;
675;38;;40;50;scale;
;1520;;1527;50;scale;
676;38;;41;50;scale;
;1520;;1522;50;scale;
677;38;39;41;51;i;
;1521;1521;1522;51;i;
678;38;39;40;51;i;
;1521;1521;1527;51;i;
679;38;;41;51;i;
;1521;;1522;51;i;
;1521;;1523;51;i;
;1521;;1521;51;i;
680;41;39;41;51;i;
;1521;1521;1522;51;i;
681;41;39;40;51;i;
;1521;1521;1527;51;i;
682;41;;41;51;i;
;1521;;1522;51;i;
;1521;;1523;51;i;
;1521;;1521;51;i;
683;40;27;29;28;cauchy;
;1528;1550;1551;28;cauchy;
684;40;27;28;28;cauchy;
;1528;1550;1557;28;cauchy;
685;40;;28;28;cauchy;
;1528;;1557;28;cauchy;
686;40;;35;28;cauchy;
;1528;;1544;28;cauchy;
687;25;27;29;28;cauchy;
;1532;1550;1551;28;cauchy;
688;25;27;28;28;cauchy;
;1532;1550;1557;28;cauchy;
689;25;;28;28;cauchy;
;1532;;1557;28;cauchy;
690;25;;35;28;cauchy;
;1532;;1544;28;cauchy;
691;33;34;36;50;i;
;1540;1540;1541;50;i;
692;33;34;35;50;i;
;1540;1540;1544;50;i;
693;33;;36;50;i;
;1540;;1541;50;i;
;1540;;1542;50;i;
;1540;;1540;50;i;
694;36;34;36;50;i;
;1540;1540;1541;50;i;
695;36;34;35;50;i;
;1540;1540;1544;50;i;
696;36;;36;50;i;
;1540;;1541;50;i;
;1540;;1542;50;i;
;1540;;1540;50;i;
697;35;27;29;29;csave;
;1544;1550;1551;29;csave;
698;35;27;28;29;csave;
;1544;1550;1557;29;csave;
699;35;;31;29;csave;
;1544;;1554;29;csave;
700;35;23;42;46;iflag;
;1545;1515;1516;46;iflag;
701;35;23;24;46;iflag;
;1545;1515;1518;46;iflag;
702;35;26;33;46;iflag;
;1545;1539;1540;46;iflag;
703;35;26;27;46;iflag;
;1545;1539;1550;46;iflag;
704;29;30;32;31;i;
;1551;1551;1552;31;i;
705;29;30;31;31;i;
;1551;1551;1554;31;i;
706;29;;32;31;i;
;1551;;1552;31;i;
;1551;;1551;31;i;
707;32;30;32;31;i;
;1551;1551;1552;31;i;
708;32;30;31;31;i;
;1551;1551;1554;31;i;
709;32;;32;31;i;
;1551;;1552;31;i;
;1551;;1551;31;i;
710;31;;28;28;cauchy;
;1554;;1557;28;cauchy;
