{
"Class" : "com.fasterxml.jackson.core.json.ReaderBasedJsonParser", 
"Methods" : [{ "Name" : "releaseBuffered" ,
"Duas" : 9,
"0" :  "(100,105, this)",
"1" :  "(100,106, this)",
"2" :  "(100,106, w)",
"3" :  "(100,105, this._inputPtr)",
"4" :  "(100,106, this._inputBuffer)",
"5" :  "(100,(101,102), count)",
"6" :  "(100,(101,105), count)",
"7" :  "(100,106, count)",
"8" :  "(100,107, count)"},{ "Name" : "loadMore" ,
"Duas" : 17,
"0" :  "(118,(121,122), this)",
"1" :  "(118,(121,135), this)",
"2" :  "(118,122, this)",
"3" :  "(118,129, this)",
"4" :  "(118,132, this)",
"5" :  "(118,124, this)",
"6" :  "(118,125, this)",
"7" :  "(118,132, this._inputEnd)",
"8" :  "(118,(121,122), this._reader)",
"9" :  "(118,(121,135), this._reader)",
"10" :  "(118,122, this._reader)",
"11" :  "(118,122, this._inputBuffer)",
"12" :  "(122,(123,124), count)",
"13" :  "(122,(123,129), count)",
"14" :  "(122,(131,132), count)",
"15" :  "(122,(131,135), count)",
"16" :  "(122,125, count)"},{ "Name" : "getNextChar" ,
"Duas" : 14,
"0" :  "(141,(141,142), this)",
"1" :  "(141,(141,146), this)",
"2" :  "(141,146, this)",
"3" :  "(141,146, this)",
"4" :  "(141,(142,143), this)",
"5" :  "(141,(142,146), this)",
"6" :  "(141,143, this)",
"7" :  "(141,143, eofMsg)",
"8" :  "(141,(141,142), this._inputEnd)",
"9" :  "(141,(141,146), this._inputEnd)",
"10" :  "(141,(141,142), this._inputPtr)",
"11" :  "(141,(141,146), this._inputPtr)",
"12" :  "(141,146, this._inputPtr)",
"13" :  "(141,146, this._inputBuffer)"},{ "Name" : "_closeInput" ,
"Duas" : 15,
"0" :  "(159,(159,160), this)",
"1" :  "(159,(159,165), this)",
"2" :  "(159,(160,160), this)",
"3" :  "(159,(160,161), this)",
"4" :  "(159,161, this)",
"5" :  "(159,163, this)",
"6" :  "(159,(160,161), this)",
"7" :  "(159,(160,163), this)",
"8" :  "(159,(159,160), this._reader)",
"9" :  "(159,(159,165), this._reader)",
"10" :  "(159,161, this._reader)",
"11" :  "(159,(160,160), this._ioContext)",
"12" :  "(159,(160,161), this._ioContext)",
"13" :  "(159,(160,161), AUTO_CLOSE_SOURCE)",
"14" :  "(159,(160,163), AUTO_CLOSE_SOURCE)"},{ "Name" : "_releaseBuffers" ,
"Duas" : 6,
"0" :  "(177,180, this)",
"1" :  "(177,181, this)",
"2" :  "(177,181, this._ioContext)",
"3" :  "(178,(179,180), buf)",
"4" :  "(178,(179,183), buf)",
"5" :  "(178,181, buf)"},{ "Name" : "getText" ,
"Duas" : 14,
"0" :  "(201,209, this)",
"1" :  "(201,(203,204), this)",
"2" :  "(201,(203,207), this)",
"3" :  "(201,207, this)",
"4" :  "(201,204, this)",
"5" :  "(201,205, this)",
"6" :  "(201,(202,203), VALUE_STRING)",
"7" :  "(201,(202,209), VALUE_STRING)",
"8" :  "(201,(203,204), this._tokenIncomplete)",
"9" :  "(201,(203,207), this._tokenIncomplete)",
"10" :  "(201,207, this._textBuffer)",
"11" :  "(201,(202,203), t)",
"12" :  "(201,(202,209), t)",
"13" :  "(201,209, t)"},{ "Name" : "getValueAsString" ,
"Duas" : 15,
"0" :  "(218,(218,219), this)",
"1" :  "(218,(218,225), this)",
"2" :  "(218,225, this)",
"3" :  "(218,(219,220), this)",
"4" :  "(218,(219,223), this)",
"5" :  "(218,223, this)",
"6" :  "(218,220, this)",
"7" :  "(218,221, this)",
"8" :  "(218,(218,219), VALUE_STRING)",
"9" :  "(218,(218,225), VALUE_STRING)",
"10" :  "(218,(218,219), this._currToken)",
"11" :  "(218,(218,225), this._currToken)",
"12" :  "(218,(219,220), this._tokenIncomplete)",
"13" :  "(218,(219,223), this._tokenIncomplete)",
"14" :  "(218,223, this._textBuffer)"},{ "Name" : "getValueAsString" ,
"Duas" : 16,
"0" :  "(232,(232,233), this)",
"1" :  "(232,(232,239), this)",
"2" :  "(232,239, this)",
"3" :  "(232,(233,234), this)",
"4" :  "(232,(233,237), this)",
"5" :  "(232,237, this)",
"6" :  "(232,234, this)",
"7" :  "(232,235, this)",
"8" :  "(232,239, defValue)",
"9" :  "(232,(232,233), VALUE_STRING)",
"10" :  "(232,(232,239), VALUE_STRING)",
"11" :  "(232,(232,233), this._currToken)",
"12" :  "(232,(232,239), this._currToken)",
"13" :  "(232,(233,234), this._tokenIncomplete)",
"14" :  "(232,(233,237), this._tokenIncomplete)",
"15" :  "(232,237, this._textBuffer)"},{ "Name" : "_getText2" ,
"Duas" : 13,
"0" :  "(245,256, this)",
"1" :  "(245,250, this)",
"2" :  "(245,(245,246), t)",
"3" :  "(245,(245,248), t)",
"4" :  "(245,(248,258), t)",
"5" :  "(245,(248,250), t)",
"6" :  "(245,(248,256), t)",
"7" :  "(245,258, t)",
"8" :  "(245,(248,258), $SwitchMap$com$fasterxml$jackson$core$JsonToken)",
"9" :  "(245,(248,250), $SwitchMap$com$fasterxml$jackson$core$JsonToken)",
"10" :  "(245,(248,256), $SwitchMap$com$fasterxml$jackson$core$JsonToken)",
"11" :  "(245,250, this._parsingContext)",
"12" :  "(245,256, this._textBuffer)"},{ "Name" : "getTextCharacters" ,
"Duas" : 58,
"0" :  "(266,(266,267), this)",
"1" :  "(266,(266,297), this)",
"2" :  "(266,(267,294), this)",
"3" :  "(266,(267,270), this)",
"4" :  "(266,(267,284), this)",
"5" :  "(266,(267,291), this)",
"6" :  "(266,291, this)",
"7" :  "(266,(284,285), this)",
"8" :  "(266,(284,291), this)",
"9" :  "(266,285, this)",
"10" :  "(266,286, this)",
"11" :  "(266,(270,271), this)",
"12" :  "(266,(270,281), this)",
"13" :  "(266,281, this)",
"14" :  "(266,271, this)",
"15" :  "(266,(273,274), this)",
"16" :  "(266,(273,275), this)",
"17" :  "(266,(275,276), this)",
"18" :  "(266,(275,278), this)",
"19" :  "(266,278, this)",
"20" :  "(266,279, this)",
"21" :  "(266,276, this)",
"22" :  "(266,274, this)",
"23" :  "(266,294, this)",
"24" :  "(266,(266,267), this._currToken)",
"25" :  "(266,(266,297), this._currToken)",
"26" :  "(266,(267,294), this._currToken)",
"27" :  "(266,(267,270), this._currToken)",
"28" :  "(266,(267,284), this._currToken)",
"29" :  "(266,(267,291), this._currToken)",
"30" :  "(266,294, this._currToken)",
"31" :  "(266,(267,294), $SwitchMap$com$fasterxml$jackson$core$JsonToken)",
"32" :  "(266,(267,270), $SwitchMap$com$fasterxml$jackson$core$JsonToken)",
"33" :  "(266,(267,284), $SwitchMap$com$fasterxml$jackson$core$JsonToken)",
"34" :  "(266,(267,291), $SwitchMap$com$fasterxml$jackson$core$JsonToken)",
"35" :  "(266,(270,271), this._nameCopied)",
"36" :  "(266,(270,281), this._nameCopied)",
"37" :  "(266,271, this._parsingContext)",
"38" :  "(266,281, this._nameCopyBuffer)",
"39" :  "(266,(273,274), this._nameCopyBuffer)",
"40" :  "(266,(273,275), this._nameCopyBuffer)",
"41" :  "(266,(275,276), this._nameCopyBuffer)",
"42" :  "(266,(275,278), this._nameCopyBuffer)",
"43" :  "(266,278, this._nameCopyBuffer)",
"44" :  "(266,274, this._ioContext)",
"45" :  "(266,(284,285), this._tokenIncomplete)",
"46" :  "(266,(284,291), this._tokenIncomplete)",
"47" :  "(266,291, this._textBuffer)",
"48" :  "(271,278, name)",
"49" :  "(272,(275,276), nameLen)",
"50" :  "(272,(275,278), nameLen)",
"51" :  "(272,278, nameLen)",
"52" :  "(272,276, nameLen)",
"53" :  "(272,274, nameLen)",
"54" :  "(274,278, this._nameCopyBuffer)",
"55" :  "(274,281, this._nameCopyBuffer)",
"56" :  "(276,278, this._nameCopyBuffer)",
"57" :  "(276,281, this._nameCopyBuffer)"},{ "Name" : "getTextLength" ,
"Duas" : 28,
"0" :  "(304,(304,305), this)",
"1" :  "(304,(304,323), this)",
"2" :  "(304,(305,320), this)",
"3" :  "(304,(305,308), this)",
"4" :  "(304,(305,310), this)",
"5" :  "(304,(305,317), this)",
"6" :  "(304,317, this)",
"7" :  "(304,(310,311), this)",
"8" :  "(304,(310,317), this)",
"9" :  "(304,311, this)",
"10" :  "(304,312, this)",
"11" :  "(304,308, this)",
"12" :  "(304,320, this)",
"13" :  "(304,(304,305), this._currToken)",
"14" :  "(304,(304,323), this._currToken)",
"15" :  "(304,(305,320), this._currToken)",
"16" :  "(304,(305,308), this._currToken)",
"17" :  "(304,(305,310), this._currToken)",
"18" :  "(304,(305,317), this._currToken)",
"19" :  "(304,320, this._currToken)",
"20" :  "(304,(305,320), $SwitchMap$com$fasterxml$jackson$core$JsonToken)",
"21" :  "(304,(305,308), $SwitchMap$com$fasterxml$jackson$core$JsonToken)",
"22" :  "(304,(305,310), $SwitchMap$com$fasterxml$jackson$core$JsonToken)",
"23" :  "(304,(305,317), $SwitchMap$com$fasterxml$jackson$core$JsonToken)",
"24" :  "(304,308, this._parsingContext)",
"25" :  "(304,(310,311), this._tokenIncomplete)",
"26" :  "(304,(310,317), this._tokenIncomplete)",
"27" :  "(304,317, this._textBuffer)"},{ "Name" : "getTextOffset" ,
"Duas" : 24,
"0" :  "(330,(330,331), this)",
"1" :  "(330,(330,346), this)",
"2" :  "(330,(331,346), this)",
"3" :  "(330,(331,333), this)",
"4" :  "(330,(331,335), this)",
"5" :  "(330,(331,342), this)",
"6" :  "(330,342, this)",
"7" :  "(330,(335,336), this)",
"8" :  "(330,(335,342), this)",
"9" :  "(330,336, this)",
"10" :  "(330,337, this)",
"11" :  "(330,(330,331), this._currToken)",
"12" :  "(330,(330,346), this._currToken)",
"13" :  "(330,(331,346), this._currToken)",
"14" :  "(330,(331,333), this._currToken)",
"15" :  "(330,(331,335), this._currToken)",
"16" :  "(330,(331,342), this._currToken)",
"17" :  "(330,(331,346), $SwitchMap$com$fasterxml$jackson$core$JsonToken)",
"18" :  "(330,(331,333), $SwitchMap$com$fasterxml$jackson$core$JsonToken)",
"19" :  "(330,(331,335), $SwitchMap$com$fasterxml$jackson$core$JsonToken)",
"20" :  "(330,(331,342), $SwitchMap$com$fasterxml$jackson$core$JsonToken)",
"21" :  "(330,(335,336), this._tokenIncomplete)",
"22" :  "(330,(335,342), this._tokenIncomplete)",
"23" :  "(330,342, this._textBuffer)"},{ "Name" : "getBinaryValue" ,
"Duas" : 37,
"0" :  "(353,(353,353), this)",
"1" :  "(353,(353,360), this)",
"2" :  "(353,(360,362), this)",
"3" :  "(353,(360,371), this)",
"4" :  "(353,(371,373), this)",
"5" :  "(353,(371,378), this)",
"6" :  "(353,378, this)",
"7" :  "(353,373, this)",
"8" :  "(353,374, this)",
"9" :  "(353,375, this)",
"10" :  "(353,362, this)",
"11" :  "(353,369, this)",
"12" :  "(353,(353,353), this)",
"13" :  "(353,(353,355), this)",
"14" :  "(353,355, this)",
"15" :  "(353,(353,355), this)",
"16" :  "(353,(353,360), this)",
"17" :  "(353,374, b64variant)",
"18" :  "(353,362, b64variant)",
"19" :  "(353,(353,353), VALUE_STRING)",
"20" :  "(353,(353,360), VALUE_STRING)",
"21" :  "(353,(353,353), this._currToken)",
"22" :  "(353,(353,360), this._currToken)",
"23" :  "(353,(353,353), this._currToken)",
"24" :  "(353,(353,355), this._currToken)",
"25" :  "(353,355, this._currToken)",
"26" :  "(353,(353,353), VALUE_EMBEDDED_OBJECT)",
"27" :  "(353,(353,355), VALUE_EMBEDDED_OBJECT)",
"28" :  "(353,(371,373), this._binaryValue)",
"29" :  "(353,(371,378), this._binaryValue)",
"30" :  "(353,378, this._binaryValue)",
"31" :  "(353,(353,355), this._binaryValue)",
"32" :  "(353,(353,360), this._binaryValue)",
"33" :  "(353,(360,362), this._tokenIncomplete)",
"34" :  "(353,(360,371), this._tokenIncomplete)",
"35" :  "(362,378, this._binaryValue)",
"36" :  "(375,378, this._binaryValue)"},{ "Name" : "readBinaryValue" ,
"Duas" : 20,
"0" :  "(386,(386,386), this)",
"1" :  "(386,(386,387), this)",
"2" :  "(386,387, this)",
"3" :  "(386,(386,387), this)",
"4" :  "(386,(386,392), this)",
"5" :  "(386,392, this)",
"6" :  "(386,394, this)",
"7" :  "(386,396, this)",
"8" :  "(386,387, b64variant)",
"9" :  "(386,394, b64variant)",
"10" :  "(386,388, out)",
"11" :  "(386,394, out)",
"12" :  "(386,(386,386), this._tokenIncomplete)",
"13" :  "(386,(386,387), this._tokenIncomplete)",
"14" :  "(386,(386,387), VALUE_STRING)",
"15" :  "(386,(386,392), VALUE_STRING)",
"16" :  "(386,(386,387), this._currToken)",
"17" :  "(386,(386,392), this._currToken)",
"18" :  "(386,392, this._ioContext)",
"19" :  "(386,396, this._ioContext)"},{ "Name" : "_readBinary" ,
"Duas" : 225,
"0" :  "(403,(411,412), this)",
"1" :  "(403,(411,414), this)",
"2" :  "(403,414, this)",
"3" :  "(403,414, this)",
"4" :  "(403,(438,439), this)",
"5" :  "(403,(438,441), this)",
"6" :  "(403,441, this)",
"7" :  "(403,441, this)",
"8" :  "(403,(449,450), this)",
"9" :  "(403,(449,452), this)",
"10" :  "(403,452, this)",
"11" :  "(403,452, this)",
"12" :  "(403,(484,485), this)",
"13" :  "(403,(484,487), this)",
"14" :  "(403,487, this)",
"15" :  "(403,487, this)",
"16" :  "(403,498, this)",
"17" :  "(403,519, this)",
"18" :  "(403,485, this)",
"19" :  "(403,(468,469), this)",
"20" :  "(403,(468,471), this)",
"21" :  "(403,471, this)",
"22" :  "(403,471, this)",
"23" :  "(403,473, this)",
"24" :  "(403,469, this)",
"25" :  "(403,464, this)",
"26" :  "(403,450, this)",
"27" :  "(403,444, this)",
"28" :  "(403,439, this)",
"29" :  "(403,421, this)",
"30" :  "(403,412, this)",
"31" :  "(403,416, b64variant)",
"32" :  "(403,442, b64variant)",
"33" :  "(403,453, b64variant)",
"34" :  "(403,488, b64variant)",
"35" :  "(403,498, b64variant)",
"36" :  "(403,(492,493), b64variant)",
"37" :  "(403,(492,498), b64variant)",
"38" :  "(403,(472,473), b64variant)",
"39" :  "(403,(472,476), b64variant)",
"40" :  "(403,473, b64variant)",
"41" :  "(403,464, b64variant)",
"42" :  "(403,(459,460), b64variant)",
"43" :  "(403,(459,464), b64variant)",
"44" :  "(403,444, b64variant)",
"45" :  "(403,421, b64variant)",
"46" :  "(403,522, out)",
"47" :  "(403,430, out)",
"48" :  "(403,515, buffer)",
"49" :  "(403,516, buffer)",
"50" :  "(403,517, buffer)",
"51" :  "(403,508, buffer)",
"52" :  "(403,509, buffer)",
"53" :  "(403,494, buffer)",
"54" :  "(403,495, buffer)",
"55" :  "(403,522, buffer)",
"56" :  "(403,477, buffer)",
"57" :  "(403,461, buffer)",
"58" :  "(403,430, buffer)",
"59" :  "(403,(411,412), this._inputEnd)",
"60" :  "(403,(411,414), this._inputEnd)",
"61" :  "(403,(438,439), this._inputEnd)",
"62" :  "(403,(438,441), this._inputEnd)",
"63" :  "(403,(449,450), this._inputEnd)",
"64" :  "(403,(449,452), this._inputEnd)",
"65" :  "(403,(484,485), this._inputEnd)",
"66" :  "(403,(484,487), this._inputEnd)",
"67" :  "(403,(468,469), this._inputEnd)",
"68" :  "(403,(468,471), this._inputEnd)",
"69" :  "(403,(411,412), this._inputPtr)",
"70" :  "(403,(411,414), this._inputPtr)",
"71" :  "(403,414, this._inputPtr)",
"72" :  "(403,414, this._inputBuffer)",
"73" :  "(403,441, this._inputBuffer)",
"74" :  "(403,452, this._inputBuffer)",
"75" :  "(403,487, this._inputBuffer)",
"76" :  "(403,471, this._inputBuffer)",
"77" :  "(403,(428,429), outputPtr)",
"78" :  "(403,(428,434), outputPtr)",
"79" :  "(403,515, outputPtr)",
"80" :  "(403,508, outputPtr)",
"81" :  "(403,494, outputPtr)",
"82" :  "(403,477, outputPtr)",
"83" :  "(403,461, outputPtr)",
"84" :  "(403,429, outputPtr)",
"85" :  "(403,430, outputPtr)",
"86" :  "(403,(520,521), outputPtr)",
"87" :  "(403,(520,524), outputPtr)",
"88" :  "(403,521, outputPtr)",
"89" :  "(403,522, outputPtr)",
"90" :  "(404,(428,429), outputEnd)",
"91" :  "(404,(428,434), outputEnd)",
"92" :  "(405,524, outputCount)",
"93" :  "(405,521, outputCount)",
"94" :  "(405,429, outputCount)",
"95" :  "(414,(411,412), this._inputPtr)",
"96" :  "(414,(411,414), this._inputPtr)",
"97" :  "(414,414, this._inputPtr)",
"98" :  "(414,(438,439), this._inputPtr)",
"99" :  "(414,(438,441), this._inputPtr)",
"100" :  "(414,441, this._inputPtr)",
"101" :  "(414,(415,416), ch)",
"102" :  "(414,(415,411), ch)",
"103" :  "(414,416, ch)",
"104" :  "(414,(418,419), ch)",
"105" :  "(414,(418,421), ch)",
"106" :  "(414,421, ch)",
"107" :  "(416,(417,418), bits)",
"108" :  "(416,(417,428), bits)",
"109" :  "(416,434, bits)",
"110" :  "(421,(422,423), bits)",
"111" :  "(421,(422,428), bits)",
"112" :  "(421,434, bits)",
"113" :  "(429,429, outputCount)",
"114" :  "(429,524, outputCount)",
"115" :  "(429,521, outputCount)",
"116" :  "(431,515, outputPtr)",
"117" :  "(431,508, outputPtr)",
"118" :  "(431,494, outputPtr)",
"119" :  "(431,477, outputPtr)",
"120" :  "(431,461, outputPtr)",
"121" :  "(434,446, decodedData)",
"122" :  "(441,(449,450), this._inputPtr)",
"123" :  "(441,(449,452), this._inputPtr)",
"124" :  "(441,452, this._inputPtr)",
"125" :  "(441,444, ch)",
"126" :  "(442,(443,444), bits)",
"127" :  "(442,(443,446), bits)",
"128" :  "(442,446, bits)",
"129" :  "(444,446, bits)",
"130" :  "(446,482, decodedData)",
"131" :  "(446,476, decodedData)",
"132" :  "(446,460, decodedData)",
"133" :  "(452,(484,485), this._inputPtr)",
"134" :  "(452,(484,487), this._inputPtr)",
"135" :  "(452,487, this._inputPtr)",
"136" :  "(452,(468,469), this._inputPtr)",
"137" :  "(452,(468,471), this._inputPtr)",
"138" :  "(452,471, this._inputPtr)",
"139" :  "(452,(459,459), ch)",
"140" :  "(452,(459,464), ch)",
"141" :  "(452,464, ch)",
"142" :  "(453,(456,457), bits)",
"143" :  "(453,(456,482), bits)",
"144" :  "(453,482, bits)",
"145" :  "(453,(457,459), bits)",
"146" :  "(453,(457,466), bits)",
"147" :  "(453,(466,468), bits)",
"148" :  "(453,(466,482), bits)",
"149" :  "(461,(520,521), outputPtr)",
"150" :  "(461,(520,524), outputPtr)",
"151" :  "(461,521, outputPtr)",
"152" :  "(461,522, outputPtr)",
"153" :  "(464,(466,468), bits)",
"154" :  "(464,(466,482), bits)",
"155" :  "(464,482, bits)",
"156" :  "(471,(411,412), this._inputPtr)",
"157" :  "(471,(411,414), this._inputPtr)",
"158" :  "(471,414, this._inputPtr)",
"159" :  "(471,(472,473), ch)",
"160" :  "(471,(472,476), ch)",
"161" :  "(471,473, ch)",
"162" :  "(477,(428,429), outputPtr)",
"163" :  "(477,(428,434), outputPtr)",
"164" :  "(477,515, outputPtr)",
"165" :  "(477,508, outputPtr)",
"166" :  "(477,494, outputPtr)",
"167" :  "(477,477, outputPtr)",
"168" :  "(477,461, outputPtr)",
"169" :  "(477,429, outputPtr)",
"170" :  "(477,430, outputPtr)",
"171" :  "(477,(520,521), outputPtr)",
"172" :  "(477,(520,524), outputPtr)",
"173" :  "(477,521, outputPtr)",
"174" :  "(477,522, outputPtr)",
"175" :  "(482,514, decodedData)",
"176" :  "(482,507, decodedData)",
"177" :  "(482,493, decodedData)",
"178" :  "(487,(411,412), this._inputPtr)",
"179" :  "(487,(411,414), this._inputPtr)",
"180" :  "(487,414, this._inputPtr)",
"181" :  "(487,(492,492), ch)",
"182" :  "(487,(492,498), ch)",
"183" :  "(487,498, ch)",
"184" :  "(488,(489,490), bits)",
"185" :  "(488,(489,514), bits)",
"186" :  "(488,514, bits)",
"187" :  "(488,(490,492), bits)",
"188" :  "(488,(490,500), bits)",
"189" :  "(488,(500,507), bits)",
"190" :  "(488,(500,514), bits)",
"191" :  "(495,(520,521), outputPtr)",
"192" :  "(495,(520,524), outputPtr)",
"193" :  "(495,521, outputPtr)",
"194" :  "(495,522, outputPtr)",
"195" :  "(498,(500,507), bits)",
"196" :  "(498,(500,514), bits)",
"197" :  "(498,514, bits)",
"198" :  "(509,(428,429), outputPtr)",
"199" :  "(509,(428,434), outputPtr)",
"200" :  "(509,515, outputPtr)",
"201" :  "(509,508, outputPtr)",
"202" :  "(509,494, outputPtr)",
"203" :  "(509,477, outputPtr)",
"204" :  "(509,461, outputPtr)",
"205" :  "(509,429, outputPtr)",
"206" :  "(509,430, outputPtr)",
"207" :  "(509,(520,521), outputPtr)",
"208" :  "(509,(520,524), outputPtr)",
"209" :  "(509,521, outputPtr)",
"210" :  "(509,522, outputPtr)",
"211" :  "(517,(428,429), outputPtr)",
"212" :  "(517,(428,434), outputPtr)",
"213" :  "(517,515, outputPtr)",
"214" :  "(517,508, outputPtr)",
"215" :  "(517,494, outputPtr)",
"216" :  "(517,477, outputPtr)",
"217" :  "(517,461, outputPtr)",
"218" :  "(517,429, outputPtr)",
"219" :  "(517,430, outputPtr)",
"220" :  "(517,(520,521), outputPtr)",
"221" :  "(517,(520,524), outputPtr)",
"222" :  "(517,521, outputPtr)",
"223" :  "(517,522, outputPtr)",
"224" :  "(521,524, outputCount)"},{ "Name" : "nextToken" ,
"Duas" : 171,
"0" :  "(541,(547,548), this)",
"1" :  "(541,(547,550), this)",
"2" :  "(541,(550,551), this)",
"3" :  "(541,(550,553), this)",
"4" :  "(541,553, this)",
"5" :  "(541,565, this)",
"6" :  "(541,566, this)",
"7" :  "(541,567, this)",
"8" :  "(541,570, this)",
"9" :  "(541,(589,590), this)",
"10" :  "(541,(589,600), this)",
"11" :  "(541,600, this)",
"12" :  "(541,678, this)",
"13" :  "(541,675, this)",
"14" :  "(541,676, this)",
"15" :  "(541,630, this)",
"16" :  "(541,640, this)",
"17" :  "(541,648, this)",
"18" :  "(541,644, this)",
"19" :  "(541,638, this)",
"20" :  "(541,624, this)",
"21" :  "(541,667, this)",
"22" :  "(541,619, this)",
"23" :  "(541,670, this)",
"24" :  "(541,603, this)",
"25" :  "(541,604, this)",
"26" :  "(541,605, this)",
"27" :  "(541,606, this)",
"28" :  "(541,610, this)",
"29" :  "(541,608, this)",
"30" :  "(541,593, this)",
"31" :  "(541,591, this)",
"32" :  "(541,(581,582), this)",
"33" :  "(541,(581,584), this)",
"34" :  "(541,584, this)",
"35" :  "(541,585, this)",
"36" :  "(541,582, this)",
"37" :  "(541,(574,575), this)",
"38" :  "(541,(574,577), this)",
"39" :  "(541,577, this)",
"40" :  "(541,578, this)",
"41" :  "(541,575, this)",
"42" :  "(541,558, this)",
"43" :  "(541,559, this)",
"44" :  "(541,551, this)",
"45" :  "(541,548, this)",
"46" :  "(541,(547,548), FIELD_NAME)",
"47" :  "(541,(547,550), FIELD_NAME)",
"48" :  "(541,605, FIELD_NAME)",
"49" :  "(541,(547,548), this._currToken)",
"50" :  "(541,(547,550), this._currToken)",
"51" :  "(541,676, this._currToken)",
"52" :  "(541,(550,551), this._tokenIncomplete)",
"53" :  "(541,(550,553), this._tokenIncomplete)",
"54" :  "(541,565, this._currInputProcessed)",
"55" :  "(541,565, this._inputPtr)",
"56" :  "(541,567, this._inputPtr)",
"57" :  "(541,566, this._currInputRow)",
"58" :  "(541,567, this._currInputRowStart)",
"59" :  "(541,(589,590), this._parsingContext)",
"60" :  "(541,(589,600), this._parsingContext)",
"61" :  "(541,600, this._parsingContext)",
"62" :  "(541,630, this._parsingContext)",
"63" :  "(541,624, this._parsingContext)",
"64" :  "(541,604, this._parsingContext)",
"65" :  "(541,591, this._parsingContext)",
"66" :  "(541,(581,582), this._parsingContext)",
"67" :  "(541,(581,584), this._parsingContext)",
"68" :  "(541,584, this._parsingContext)",
"69" :  "(541,(574,575), this._parsingContext)",
"70" :  "(541,(574,577), this._parsingContext)",
"71" :  "(541,577, this._parsingContext)",
"72" :  "(541,578, END_ARRAY)",
"73" :  "(541,578, END_ARRAY)",
"74" :  "(541,585, END_OBJECT)",
"75" :  "(541,585, END_OBJECT)",
"76" :  "(541,620, VALUE_STRING)",
"77" :  "(541,626, START_ARRAY)",
"78" :  "(541,632, START_OBJECT)",
"79" :  "(541,641, VALUE_TRUE)",
"80" :  "(541,645, VALUE_FALSE)",
"81" :  "(541,649, VALUE_NULL)",
"82" :  "(553,(554,558), i)",
"83" :  "(553,(554,565), i)",
"84" :  "(553,(573,574), i)",
"85" :  "(553,(573,580), i)",
"86" :  "(553,(580,581), i)",
"87" :  "(553,(580,589), i)",
"88" :  "(553,(617,670), i)",
"89" :  "(553,(617,619), i)",
"90" :  "(553,(617,667), i)",
"91" :  "(553,(617,623), i)",
"92" :  "(553,(617,638), i)",
"93" :  "(553,(617,644), i)",
"94" :  "(553,(617,648), i)",
"95" :  "(553,(617,640), i)",
"96" :  "(553,(617,629), i)",
"97" :  "(553,638, i)",
"98" :  "(553,667, i)",
"99" :  "(553,670, i)",
"100" :  "(553,603, i)",
"101" :  "(553,(590,591), i)",
"102" :  "(553,(590,593), i)",
"103" :  "(553,591, i)",
"104" :  "(553,582, i)",
"105" :  "(553,575, i)",
"106" :  "(566,630, this._tokenInputRow)",
"107" :  "(566,624, this._tokenInputRow)",
"108" :  "(567,630, this._tokenInputCol)",
"109" :  "(567,624, this._tokenInputCol)",
"110" :  "(593,(617,670), i)",
"111" :  "(593,(617,619), i)",
"112" :  "(593,(617,667), i)",
"113" :  "(593,(617,623), i)",
"114" :  "(593,(617,638), i)",
"115" :  "(593,(617,644), i)",
"116" :  "(593,(617,648), i)",
"117" :  "(593,(617,640), i)",
"118" :  "(593,(617,629), i)",
"119" :  "(593,638, i)",
"120" :  "(593,667, i)",
"121" :  "(593,670, i)",
"122" :  "(593,603, i)",
"123" :  "(600,(601,603), inObject)",
"124" :  "(600,(601,617), inObject)",
"125" :  "(600,(629,630), inObject)",
"126" :  "(600,(629,632), inObject)",
"127" :  "(600,(674,675), inObject)",
"128" :  "(600,(674,678), inObject)",
"129" :  "(600,(623,624), inObject)",
"130" :  "(600,(623,626), inObject)",
"131" :  "(605,676, this._currToken)",
"132" :  "(606,(607,608), i)",
"133" :  "(606,(607,610), i)",
"134" :  "(606,608, i)",
"135" :  "(610,(617,670), i)",
"136" :  "(610,(617,619), i)",
"137" :  "(610,(617,667), i)",
"138" :  "(610,(617,623), i)",
"139" :  "(610,(617,638), i)",
"140" :  "(610,(617,644), i)",
"141" :  "(610,(617,648), i)",
"142" :  "(610,(617,640), i)",
"143" :  "(610,(617,629), i)",
"144" :  "(610,638, i)",
"145" :  "(610,667, i)",
"146" :  "(610,670, i)",
"147" :  "(620,678, t)",
"148" :  "(620,679, t)",
"149" :  "(620,675, t)",
"150" :  "(626,678, t)",
"151" :  "(626,679, t)",
"152" :  "(626,675, t)",
"153" :  "(632,678, t)",
"154" :  "(632,679, t)",
"155" :  "(632,675, t)",
"156" :  "(641,678, t)",
"157" :  "(641,679, t)",
"158" :  "(641,675, t)",
"159" :  "(645,678, t)",
"160" :  "(645,679, t)",
"161" :  "(645,675, t)",
"162" :  "(649,678, t)",
"163" :  "(649,679, t)",
"164" :  "(649,675, t)",
"165" :  "(667,678, t)",
"166" :  "(667,679, t)",
"167" :  "(667,675, t)",
"168" :  "(670,678, t)",
"169" :  "(670,679, t)",
"170" :  "(670,675, t)"},{ "Name" : "_nextAfterName" ,
"Duas" : 19,
"0" :  "(684,693, this)",
"1" :  "(684,691, this)",
"2" :  "(684,689, this)",
"3" :  "(684,(688,689), START_ARRAY)",
"4" :  "(684,(688,690), START_ARRAY)",
"5" :  "(684,691, this._parsingContext)",
"6" :  "(684,689, this._parsingContext)",
"7" :  "(684,691, this._tokenInputRow)",
"8" :  "(684,689, this._tokenInputRow)",
"9" :  "(684,691, this._tokenInputCol)",
"10" :  "(684,689, this._tokenInputCol)",
"11" :  "(684,(690,691), START_OBJECT)",
"12" :  "(684,(690,693), START_OBJECT)",
"13" :  "(685,(688,689), t)",
"14" :  "(685,(688,690), t)",
"15" :  "(685,(690,691), t)",
"16" :  "(685,(690,693), t)",
"17" :  "(685,693, t)",
"18" :  "(685,693, t)"},{ "Name" : "nextTextValue" ,
"Duas" : 44,
"0" :  "(707,(707,708), this)",
"1" :  "(707,(707,727), this)",
"2" :  "(707,(727,727), this)",
"3" :  "(707,(727,727), this)",
"4" :  "(707,727, this)",
"5" :  "(707,708, this)",
"6" :  "(707,709, this)",
"7" :  "(707,710, this)",
"8" :  "(707,711, this)",
"9" :  "(707,722, this)",
"10" :  "(707,720, this)",
"11" :  "(707,(713,714), this)",
"12" :  "(707,(713,717), this)",
"13" :  "(707,717, this)",
"14" :  "(707,714, this)",
"15" :  "(707,715, this)",
"16" :  "(707,(707,708), FIELD_NAME)",
"17" :  "(707,(707,727), FIELD_NAME)",
"18" :  "(707,(707,708), this._currToken)",
"19" :  "(707,(707,727), this._currToken)",
"20" :  "(707,709, this._nextToken)",
"21" :  "(707,(727,727), VALUE_STRING)",
"22" :  "(707,(727,727), VALUE_STRING)",
"23" :  "(707,(712,713), VALUE_STRING)",
"24" :  "(707,(712,719), VALUE_STRING)",
"25" :  "(707,(713,714), this._tokenIncomplete)",
"26" :  "(707,(713,717), this._tokenIncomplete)",
"27" :  "(707,717, this._textBuffer)",
"28" :  "(707,(719,720), START_ARRAY)",
"29" :  "(707,(719,721), START_ARRAY)",
"30" :  "(707,722, this._parsingContext)",
"31" :  "(707,720, this._parsingContext)",
"32" :  "(707,722, this._tokenInputRow)",
"33" :  "(707,720, this._tokenInputRow)",
"34" :  "(707,722, this._tokenInputCol)",
"35" :  "(707,720, this._tokenInputCol)",
"36" :  "(707,(721,722), START_OBJECT)",
"37" :  "(707,(721,724), START_OBJECT)",
"38" :  "(709,(712,713), t)",
"39" :  "(709,(712,719), t)",
"40" :  "(709,(719,720), t)",
"41" :  "(709,(719,721), t)",
"42" :  "(709,(721,722), t)",
"43" :  "(709,(721,724), t)"},{ "Name" : "nextIntValue" ,
"Duas" : 39,
"0" :  "(735,(735,736), this)",
"1" :  "(735,(735,751), this)",
"2" :  "(735,(751,751), this)",
"3" :  "(735,(751,751), this)",
"4" :  "(735,751, this)",
"5" :  "(735,736, this)",
"6" :  "(735,737, this)",
"7" :  "(735,738, this)",
"8" :  "(735,739, this)",
"9" :  "(735,746, this)",
"10" :  "(735,744, this)",
"11" :  "(735,741, this)",
"12" :  "(735,751, defaultValue)",
"13" :  "(735,748, defaultValue)",
"14" :  "(735,(735,736), FIELD_NAME)",
"15" :  "(735,(735,751), FIELD_NAME)",
"16" :  "(735,(735,736), this._currToken)",
"17" :  "(735,(735,751), this._currToken)",
"18" :  "(735,737, this._nextToken)",
"19" :  "(735,(751,751), VALUE_NUMBER_INT)",
"20" :  "(735,(751,751), VALUE_NUMBER_INT)",
"21" :  "(735,(740,741), VALUE_NUMBER_INT)",
"22" :  "(735,(740,743), VALUE_NUMBER_INT)",
"23" :  "(735,(743,744), START_ARRAY)",
"24" :  "(735,(743,745), START_ARRAY)",
"25" :  "(735,746, this._parsingContext)",
"26" :  "(735,744, this._parsingContext)",
"27" :  "(735,746, this._tokenInputRow)",
"28" :  "(735,744, this._tokenInputRow)",
"29" :  "(735,746, this._tokenInputCol)",
"30" :  "(735,744, this._tokenInputCol)",
"31" :  "(735,(745,746), START_OBJECT)",
"32" :  "(735,(745,748), START_OBJECT)",
"33" :  "(737,(740,741), t)",
"34" :  "(737,(740,743), t)",
"35" :  "(737,(743,744), t)",
"36" :  "(737,(743,745), t)",
"37" :  "(737,(745,746), t)",
"38" :  "(737,(745,748), t)"},{ "Name" : "nextLongValue" ,
"Duas" : 39,
"0" :  "(759,(759,760), this)",
"1" :  "(759,(759,775), this)",
"2" :  "(759,(775,775), this)",
"3" :  "(759,(775,775), this)",
"4" :  "(759,775, this)",
"5" :  "(759,760, this)",
"6" :  "(759,761, this)",
"7" :  "(759,762, this)",
"8" :  "(759,763, this)",
"9" :  "(759,770, this)",
"10" :  "(759,768, this)",
"11" :  "(759,765, this)",
"12" :  "(759,775, defaultValue)",
"13" :  "(759,772, defaultValue)",
"14" :  "(759,(759,760), FIELD_NAME)",
"15" :  "(759,(759,775), FIELD_NAME)",
"16" :  "(759,(759,760), this._currToken)",
"17" :  "(759,(759,775), this._currToken)",
"18" :  "(759,761, this._nextToken)",
"19" :  "(759,(775,775), VALUE_NUMBER_INT)",
"20" :  "(759,(775,775), VALUE_NUMBER_INT)",
"21" :  "(759,(764,765), VALUE_NUMBER_INT)",
"22" :  "(759,(764,767), VALUE_NUMBER_INT)",
"23" :  "(759,(767,768), START_ARRAY)",
"24" :  "(759,(767,769), START_ARRAY)",
"25" :  "(759,770, this._parsingContext)",
"26" :  "(759,768, this._parsingContext)",
"27" :  "(759,770, this._tokenInputRow)",
"28" :  "(759,768, this._tokenInputRow)",
"29" :  "(759,770, this._tokenInputCol)",
"30" :  "(759,768, this._tokenInputCol)",
"31" :  "(759,(769,770), START_OBJECT)",
"32" :  "(759,(769,772), START_OBJECT)",
"33" :  "(761,(764,765), t)",
"34" :  "(761,(764,767), t)",
"35" :  "(761,(767,768), t)",
"36" :  "(761,(767,769), t)",
"37" :  "(761,(769,770), t)",
"38" :  "(761,(769,772), t)"},{ "Name" : "nextBooleanValue" ,
"Duas" : 45,
"0" :  "(783,(783,784), this)",
"1" :  "(783,(783,801), this)",
"2" :  "(783,(801,807), this)",
"3" :  "(783,(801,803), this)",
"4" :  "(783,(801,805), this)",
"5" :  "(783,784, this)",
"6" :  "(783,785, this)",
"7" :  "(783,786, this)",
"8" :  "(783,787, this)",
"9" :  "(783,797, this)",
"10" :  "(783,795, this)",
"11" :  "(783,(783,784), FIELD_NAME)",
"12" :  "(783,(783,801), FIELD_NAME)",
"13" :  "(783,(783,784), this._currToken)",
"14" :  "(783,(783,801), this._currToken)",
"15" :  "(783,785, this._nextToken)",
"16" :  "(783,(788,789), VALUE_TRUE)",
"17" :  "(783,(788,791), VALUE_TRUE)",
"18" :  "(783,803, TRUE)",
"19" :  "(783,789, TRUE)",
"20" :  "(783,(791,792), VALUE_FALSE)",
"21" :  "(783,(791,794), VALUE_FALSE)",
"22" :  "(783,805, FALSE)",
"23" :  "(783,792, FALSE)",
"24" :  "(783,(794,795), START_ARRAY)",
"25" :  "(783,(794,796), START_ARRAY)",
"26" :  "(783,797, this._parsingContext)",
"27" :  "(783,795, this._parsingContext)",
"28" :  "(783,797, this._tokenInputRow)",
"29" :  "(783,795, this._tokenInputRow)",
"30" :  "(783,797, this._tokenInputCol)",
"31" :  "(783,795, this._tokenInputCol)",
"32" :  "(783,(796,797), START_OBJECT)",
"33" :  "(783,(796,799), START_OBJECT)",
"34" :  "(783,(801,807), $SwitchMap$com$fasterxml$jackson$core$JsonToken)",
"35" :  "(783,(801,803), $SwitchMap$com$fasterxml$jackson$core$JsonToken)",
"36" :  "(783,(801,805), $SwitchMap$com$fasterxml$jackson$core$JsonToken)",
"37" :  "(785,(788,789), t)",
"38" :  "(785,(788,791), t)",
"39" :  "(785,(791,792), t)",
"40" :  "(785,(791,794), t)",
"41" :  "(785,(794,795), t)",
"42" :  "(785,(794,796), t)",
"43" :  "(785,(796,797), t)",
"44" :  "(785,(796,799), t)"},{ "Name" : "parseNumberText" ,
"Duas" : 163,
"0" :  "(848,849, this)",
"1" :  "(848,851, this)",
"2" :  "(848,(887,888), this)",
"3" :  "(848,(887,890), this)",
"4" :  "(848,890, this)",
"5" :  "(848,924, this)",
"6" :  "(848,929, this)",
"7" :  "(848,946, this)",
"8" :  "(848,948, this)",
"9" :  "(848,949, this)",
"10" :  "(848,940, this)",
"11" :  "(848,936, this)",
"12" :  "(848,952, this)",
"13" :  "(848,953, this)",
"14" :  "(848,906, this)",
"15" :  "(848,914, this)",
"16" :  "(848,(856,857), this)",
"17" :  "(848,(856,859), this)",
"18" :  "(848,859, this)",
"19" :  "(848,862, this)",
"20" :  "(848,863, this)",
"21" :  "(848,(848,848), ch)",
"22" :  "(848,(848,848), ch)",
"23" :  "(848,(871,872), ch)",
"24" :  "(848,(871,881), ch)",
"25" :  "(848,849, this._inputPtr)",
"26" :  "(848,851, this._inputEnd)",
"27" :  "(848,(887,888), this._inputEnd)",
"28" :  "(848,(887,890), this._inputEnd)",
"29" :  "(848,(856,857), this._inputEnd)",
"30" :  "(848,(856,859), this._inputEnd)",
"31" :  "(848,890, this._inputBuffer)",
"32" :  "(848,924, this._inputBuffer)",
"33" :  "(848,929, this._inputBuffer)",
"34" :  "(848,948, this._inputBuffer)",
"35" :  "(848,936, this._inputBuffer)",
"36" :  "(848,906, this._inputBuffer)",
"37" :  "(848,859, this._inputBuffer)",
"38" :  "(848,948, this._textBuffer)",
"39" :  "(848,(855,856), negative)",
"40" :  "(848,(855,871), negative)",
"41" :  "(848,949, negative)",
"42" :  "(848,(952,952), negative)",
"43" :  "(848,(952,952), negative)",
"44" :  "(848,953, negative)",
"45" :  "(849,(887,888), ptr)",
"46" :  "(849,(887,890), ptr)",
"47" :  "(849,890, ptr)",
"48" :  "(849,(856,857), ptr)",
"49" :  "(849,(856,859), ptr)",
"50" :  "(849,859, ptr)",
"51" :  "(850,947, startPtr)",
"52" :  "(850,948, startPtr)",
"53" :  "(850,952, startPtr)",
"54" :  "(851,(920,921), inputLen)",
"55" :  "(851,(920,924), inputLen)",
"56" :  "(851,(926,927), inputLen)",
"57" :  "(851,(926,929), inputLen)",
"58" :  "(851,(933,934), inputLen)",
"59" :  "(851,(933,936), inputLen)",
"60" :  "(851,(903,904), inputLen)",
"61" :  "(851,(903,906), inputLen)",
"62" :  "(859,862, ptr)",
"63" :  "(859,(887,888), ptr)",
"64" :  "(859,(887,890), ptr)",
"65" :  "(859,890, ptr)",
"66" :  "(859,(861,861), ch)",
"67" :  "(859,(861,862), ch)",
"68" :  "(859,863, ch)",
"69" :  "(859,(861,862), ch)",
"70" :  "(859,(861,871), ch)",
"71" :  "(859,(871,872), ch)",
"72" :  "(859,(871,881), ch)",
"73" :  "(881,949, intLen)",
"74" :  "(881,894, intLen)",
"75" :  "(890,(920,921), ptr)",
"76" :  "(890,(920,924), ptr)",
"77" :  "(890,924, ptr)",
"78" :  "(890,945, ptr)",
"79" :  "(890,(903,904), ptr)",
"80" :  "(890,(903,906), ptr)",
"81" :  "(890,906, ptr)",
"82" :  "(890,(887,888), ptr)",
"83" :  "(890,(887,890), ptr)",
"84" :  "(890,890, ptr)",
"85" :  "(890,(891,891), ch)",
"86" :  "(890,(891,897), ch)",
"87" :  "(890,(900,903), ch)",
"88" :  "(890,(900,918), ch)",
"89" :  "(890,(919,919), ch)",
"90" :  "(890,(919,920), ch)",
"91" :  "(890,(919,920), ch)",
"92" :  "(890,(919,945), ch)",
"93" :  "(890,(891,892), ch)",
"94" :  "(890,(891,894), ch)",
"95" :  "(894,949, intLen)",
"96" :  "(894,894, intLen)",
"97" :  "(897,949, fractLen)",
"98" :  "(897,(913,914), fractLen)",
"99" :  "(897,(913,918), fractLen)",
"100" :  "(897,910, fractLen)",
"101" :  "(906,(920,921), ptr)",
"102" :  "(906,(920,924), ptr)",
"103" :  "(906,924, ptr)",
"104" :  "(906,945, ptr)",
"105" :  "(906,(903,904), ptr)",
"106" :  "(906,(903,906), ptr)",
"107" :  "(906,906, ptr)",
"108" :  "(906,(907,907), ch)",
"109" :  "(906,(907,913), ch)",
"110" :  "(906,(919,919), ch)",
"111" :  "(906,(919,920), ch)",
"112" :  "(906,(919,920), ch)",
"113" :  "(906,(919,945), ch)",
"114" :  "(906,914, ch)",
"115" :  "(906,(907,908), ch)",
"116" :  "(906,(907,910), ch)",
"117" :  "(910,(913,914), fractLen)",
"118" :  "(910,(913,918), fractLen)",
"119" :  "(910,949, fractLen)",
"120" :  "(910,910, fractLen)",
"121" :  "(918,(939,940), expLen)",
"122" :  "(918,(939,945), expLen)",
"123" :  "(918,949, expLen)",
"124" :  "(918,932, expLen)",
"125" :  "(924,(926,927), ptr)",
"126" :  "(924,(926,929), ptr)",
"127" :  "(924,929, ptr)",
"128" :  "(924,945, ptr)",
"129" :  "(924,(933,934), ptr)",
"130" :  "(924,(933,936), ptr)",
"131" :  "(924,936, ptr)",
"132" :  "(924,(925,925), ch)",
"133" :  "(924,(925,926), ch)",
"134" :  "(924,(925,926), ch)",
"135" :  "(924,(925,931), ch)",
"136" :  "(924,(931,931), ch)",
"137" :  "(924,(931,939), ch)",
"138" :  "(924,940, ch)",
"139" :  "(924,(931,932), ch)",
"140" :  "(924,(931,939), ch)",
"141" :  "(929,945, ptr)",
"142" :  "(929,(933,934), ptr)",
"143" :  "(929,(933,936), ptr)",
"144" :  "(929,936, ptr)",
"145" :  "(929,(931,931), ch)",
"146" :  "(929,(931,939), ch)",
"147" :  "(929,940, ch)",
"148" :  "(929,(931,932), ch)",
"149" :  "(929,(931,939), ch)",
"150" :  "(932,(939,940), expLen)",
"151" :  "(932,(939,945), expLen)",
"152" :  "(932,949, expLen)",
"153" :  "(932,932, expLen)",
"154" :  "(936,945, ptr)",
"155" :  "(936,(933,934), ptr)",
"156" :  "(936,(933,936), ptr)",
"157" :  "(936,936, ptr)",
"158" :  "(936,(931,931), ch)",
"159" :  "(936,(931,939), ch)",
"160" :  "(936,940, ch)",
"161" :  "(936,(931,932), ch)",
"162" :  "(936,(931,939), ch)"},{ "Name" : "parseNumberText2" ,
"Duas" : 402,
"0" :  "(966,(976,976), this)",
"1" :  "(966,(976,976), this)",
"2" :  "(966,976, this)",
"3" :  "(966,(1040,1040), this)",
"4" :  "(966,(1040,1040), this)",
"5" :  "(966,1040, this)",
"6" :  "(966,(1050,1050), this)",
"7" :  "(966,(1050,1050), this)",
"8" :  "(966,1050, this)",
"9" :  "(966,1078, this)",
"10" :  "(966,1080, this)",
"11" :  "(966,1076, this)",
"12" :  "(966,1070, this)",
"13" :  "(966,(1062,1062), this)",
"14" :  "(966,(1062,1066), this)",
"15" :  "(966,1066, this)",
"16" :  "(966,1066, this)",
"17" :  "(966,(1062,1063), this)",
"18" :  "(966,(1062,1066), this)",
"19" :  "(966,1058, this)",
"20" :  "(966,1050, this)",
"21" :  "(966,1045, this)",
"22" :  "(966,1040, this)",
"23" :  "(966,1035, this)",
"24" :  "(966,(1011,1011), this)",
"25" :  "(966,(1011,1015), this)",
"26" :  "(966,1015, this)",
"27" :  "(966,1015, this)",
"28" :  "(966,1028, this)",
"29" :  "(966,1021, this)",
"30" :  "(966,(1011,1012), this)",
"31" :  "(966,(1011,1015), this)",
"32" :  "(966,1001, this)",
"33" :  "(966,(991,991), this)",
"34" :  "(966,(991,997), this)",
"35" :  "(966,997, this)",
"36" :  "(966,997, this)",
"37" :  "(966,(991,993), this)",
"38" :  "(966,(991,997), this)",
"39" :  "(966,987, this)",
"40" :  "(966,978, this)",
"41" :  "(966,976, this)",
"42" :  "(966,(970,971), negative)",
"43" :  "(966,(970,975), negative)",
"44" :  "(966,1080, negative)",
"45" :  "(966,1078, this._textBuffer)",
"46" :  "(966,1058, this._textBuffer)",
"47" :  "(966,1045, this._textBuffer)",
"48" :  "(966,1035, this._textBuffer)",
"49" :  "(966,1021, this._textBuffer)",
"50" :  "(966,987, this._textBuffer)",
"51" :  "(966,(976,976), this._inputEnd)",
"52" :  "(966,(976,976), this._inputEnd)",
"53" :  "(966,(1040,1040), this._inputEnd)",
"54" :  "(966,(1040,1040), this._inputEnd)",
"55" :  "(966,(1050,1050), this._inputEnd)",
"56" :  "(966,(1050,1050), this._inputEnd)",
"57" :  "(966,(1062,1062), this._inputEnd)",
"58" :  "(966,(1062,1066), this._inputEnd)",
"59" :  "(966,(1011,1011), this._inputEnd)",
"60" :  "(966,(1011,1015), this._inputEnd)",
"61" :  "(966,(991,991), this._inputEnd)",
"62" :  "(966,(991,997), this._inputEnd)",
"63" :  "(966,(976,976), this._inputPtr)",
"64" :  "(966,(976,976), this._inputPtr)",
"65" :  "(966,976, this._inputPtr)",
"66" :  "(966,(1040,1040), this._inputPtr)",
"67" :  "(966,(1040,1040), this._inputPtr)",
"68" :  "(966,1040, this._inputPtr)",
"69" :  "(966,(1050,1050), this._inputPtr)",
"70" :  "(966,(1050,1050), this._inputPtr)",
"71" :  "(966,1050, this._inputPtr)",
"72" :  "(966,1076, this._inputPtr)",
"73" :  "(966,(1062,1062), this._inputPtr)",
"74" :  "(966,(1062,1066), this._inputPtr)",
"75" :  "(966,1066, this._inputPtr)",
"76" :  "(966,1050, this._inputPtr)",
"77" :  "(966,1040, this._inputPtr)",
"78" :  "(966,(1011,1011), this._inputPtr)",
"79" :  "(966,(1011,1015), this._inputPtr)",
"80" :  "(966,1015, this._inputPtr)",
"81" :  "(966,(991,991), this._inputPtr)",
"82" :  "(966,(991,997), this._inputPtr)",
"83" :  "(966,997, this._inputPtr)",
"84" :  "(966,976, this._inputPtr)",
"85" :  "(966,976, this._inputBuffer)",
"86" :  "(966,1040, this._inputBuffer)",
"87" :  "(966,1050, this._inputBuffer)",
"88" :  "(966,1066, this._inputBuffer)",
"89" :  "(966,1015, this._inputBuffer)",
"90" :  "(966,997, this._inputBuffer)",
"91" :  "(966,(1034,1035), outBuf)",
"92" :  "(966,(1034,1038), outBuf)",
"93" :  "(966,1038, outBuf)",
"94" :  "(966,(1044,1045), outBuf)",
"95" :  "(966,(1044,1048), outBuf)",
"96" :  "(966,1048, outBuf)",
"97" :  "(966,(1057,1058), outBuf)",
"98" :  "(966,(1057,1061), outBuf)",
"99" :  "(966,1061, outBuf)",
"100" :  "(966,1007, outBuf)",
"101" :  "(966,(1020,1021), outBuf)",
"102" :  "(966,(1020,1024), outBuf)",
"103" :  "(966,1024, outBuf)",
"104" :  "(966,(986,987), outBuf)",
"105" :  "(966,(986,990), outBuf)",
"106" :  "(966,990, outBuf)",
"107" :  "(966,971, outBuf)",
"108" :  "(967,(1034,1035), outPtr)",
"109" :  "(967,(1034,1038), outPtr)",
"110" :  "(967,1038, outPtr)",
"111" :  "(967,1078, outPtr)",
"112" :  "(967,1007, outPtr)",
"113" :  "(967,(986,987), outPtr)",
"114" :  "(967,(986,990), outPtr)",
"115" :  "(967,990, outPtr)",
"116" :  "(967,971, outPtr)",
"117" :  "(971,(1034,1035), outPtr)",
"118" :  "(971,(1034,1038), outPtr)",
"119" :  "(971,1038, outPtr)",
"120" :  "(971,1078, outPtr)",
"121" :  "(971,1007, outPtr)",
"122" :  "(971,(986,987), outPtr)",
"123" :  "(971,(986,990), outPtr)",
"124" :  "(971,990, outPtr)",
"125" :  "(975,(1000,1001), intLen)",
"126" :  "(975,(1000,1004), intLen)",
"127" :  "(975,1080, intLen)",
"128" :  "(975,985, intLen)",
"129" :  "(976,976, this._inputPtr)",
"130" :  "(976,(1040,1040), this._inputPtr)",
"131" :  "(976,(1040,1040), this._inputPtr)",
"132" :  "(976,1040, this._inputPtr)",
"133" :  "(976,(1050,1050), this._inputPtr)",
"134" :  "(976,(1050,1050), this._inputPtr)",
"135" :  "(976,1050, this._inputPtr)",
"136" :  "(976,1076, this._inputPtr)",
"137" :  "(976,(1062,1062), this._inputPtr)",
"138" :  "(976,(1062,1066), this._inputPtr)",
"139" :  "(976,1066, this._inputPtr)",
"140" :  "(976,1050, this._inputPtr)",
"141" :  "(976,1040, this._inputPtr)",
"142" :  "(976,(1011,1011), this._inputPtr)",
"143" :  "(976,(1011,1015), this._inputPtr)",
"144" :  "(976,1015, this._inputPtr)",
"145" :  "(976,(991,991), this._inputPtr)",
"146" :  "(976,(991,997), this._inputPtr)",
"147" :  "(976,997, this._inputPtr)",
"148" :  "(976,(977,978), c)",
"149" :  "(976,(977,980), c)",
"150" :  "(976,(984,984), c)",
"151" :  "(976,(984,1000), c)",
"152" :  "(976,(1006,1007), c)",
"153" :  "(976,(1006,1032), c)",
"154" :  "(976,(1033,1033), c)",
"155" :  "(976,(1033,1034), c)",
"156" :  "(976,1038, c)",
"157" :  "(976,(1033,1034), c)",
"158" :  "(976,(1033,1075), c)",
"159" :  "(976,1007, c)",
"160" :  "(976,1028, c)",
"161" :  "(976,1001, c)",
"162" :  "(976,(984,985), c)",
"163" :  "(976,(984,1000), c)",
"164" :  "(976,990, c)",
"165" :  "(978,(984,984), c)",
"166" :  "(978,(984,1000), c)",
"167" :  "(978,(1006,1007), c)",
"168" :  "(978,(1006,1032), c)",
"169" :  "(978,(1033,1033), c)",
"170" :  "(978,(1033,1034), c)",
"171" :  "(978,1038, c)",
"172" :  "(978,(1033,1034), c)",
"173" :  "(978,(1033,1075), c)",
"174" :  "(978,1007, c)",
"175" :  "(978,1028, c)",
"176" :  "(978,1001, c)",
"177" :  "(978,(984,985), c)",
"178" :  "(978,(984,1000), c)",
"179" :  "(978,990, c)",
"180" :  "(980,(1075,1076), eof)",
"181" :  "(980,(1075,1078), eof)",
"182" :  "(985,(1000,1001), intLen)",
"183" :  "(985,(1000,1004), intLen)",
"184" :  "(985,1080, intLen)",
"185" :  "(985,985, intLen)",
"186" :  "(987,990, outBuf)",
"187" :  "(987,(1034,1035), outBuf)",
"188" :  "(987,(1034,1038), outBuf)",
"189" :  "(987,1038, outBuf)",
"190" :  "(987,(1044,1045), outBuf)",
"191" :  "(987,(1044,1048), outBuf)",
"192" :  "(987,1048, outBuf)",
"193" :  "(987,(1057,1058), outBuf)",
"194" :  "(987,(1057,1061), outBuf)",
"195" :  "(987,1061, outBuf)",
"196" :  "(987,1007, outBuf)",
"197" :  "(987,(1020,1021), outBuf)",
"198" :  "(987,(1020,1024), outBuf)",
"199" :  "(987,1024, outBuf)",
"200" :  "(987,(986,987), outBuf)",
"201" :  "(987,(986,990), outBuf)",
"202" :  "(988,990, outPtr)",
"203" :  "(990,(1034,1035), outPtr)",
"204" :  "(990,(1034,1038), outPtr)",
"205" :  "(990,1038, outPtr)",
"206" :  "(990,1078, outPtr)",
"207" :  "(990,1007, outPtr)",
"208" :  "(990,(986,987), outPtr)",
"209" :  "(990,(986,990), outPtr)",
"210" :  "(990,990, outPtr)",
"211" :  "(993,(1006,1007), c)",
"212" :  "(993,(1006,1032), c)",
"213" :  "(993,(1033,1033), c)",
"214" :  "(993,(1033,1034), c)",
"215" :  "(993,1038, c)",
"216" :  "(993,(1033,1034), c)",
"217" :  "(993,(1033,1075), c)",
"218" :  "(993,1007, c)",
"219" :  "(993,1028, c)",
"220" :  "(993,1001, c)",
"221" :  "(994,(1075,1076), eof)",
"222" :  "(994,(1075,1078), eof)",
"223" :  "(997,(1040,1040), this._inputPtr)",
"224" :  "(997,(1040,1040), this._inputPtr)",
"225" :  "(997,1040, this._inputPtr)",
"226" :  "(997,(1050,1050), this._inputPtr)",
"227" :  "(997,(1050,1050), this._inputPtr)",
"228" :  "(997,1050, this._inputPtr)",
"229" :  "(997,1076, this._inputPtr)",
"230" :  "(997,(1062,1062), this._inputPtr)",
"231" :  "(997,(1062,1066), this._inputPtr)",
"232" :  "(997,1066, this._inputPtr)",
"233" :  "(997,1050, this._inputPtr)",
"234" :  "(997,1040, this._inputPtr)",
"235" :  "(997,(1011,1011), this._inputPtr)",
"236" :  "(997,(1011,1015), this._inputPtr)",
"237" :  "(997,1015, this._inputPtr)",
"238" :  "(997,(991,991), this._inputPtr)",
"239" :  "(997,(991,997), this._inputPtr)",
"240" :  "(997,997, this._inputPtr)",
"241" :  "(997,(984,984), c)",
"242" :  "(997,(984,1000), c)",
"243" :  "(997,(1006,1007), c)",
"244" :  "(997,(1006,1032), c)",
"245" :  "(997,(1033,1033), c)",
"246" :  "(997,(1033,1034), c)",
"247" :  "(997,1038, c)",
"248" :  "(997,(1033,1034), c)",
"249" :  "(997,(1033,1075), c)",
"250" :  "(997,1007, c)",
"251" :  "(997,1028, c)",
"252" :  "(997,1001, c)",
"253" :  "(997,(984,985), c)",
"254" :  "(997,(984,1000), c)",
"255" :  "(997,990, c)",
"256" :  "(1004,1080, fractLen)",
"257" :  "(1004,(1027,1028), fractLen)",
"258" :  "(1004,(1027,1032), fractLen)",
"259" :  "(1004,1019, fractLen)",
"260" :  "(1007,(1034,1035), outPtr)",
"261" :  "(1007,(1034,1038), outPtr)",
"262" :  "(1007,1038, outPtr)",
"263" :  "(1007,1078, outPtr)",
"264" :  "(1007,(1020,1021), outPtr)",
"265" :  "(1007,(1020,1024), outPtr)",
"266" :  "(1007,1024, outPtr)",
"267" :  "(1012,(1075,1076), eof)",
"268" :  "(1012,(1075,1078), eof)",
"269" :  "(1015,(1040,1040), this._inputPtr)",
"270" :  "(1015,(1040,1040), this._inputPtr)",
"271" :  "(1015,1040, this._inputPtr)",
"272" :  "(1015,(1050,1050), this._inputPtr)",
"273" :  "(1015,(1050,1050), this._inputPtr)",
"274" :  "(1015,1050, this._inputPtr)",
"275" :  "(1015,1076, this._inputPtr)",
"276" :  "(1015,(1062,1062), this._inputPtr)",
"277" :  "(1015,(1062,1066), this._inputPtr)",
"278" :  "(1015,1066, this._inputPtr)",
"279" :  "(1015,1050, this._inputPtr)",
"280" :  "(1015,1040, this._inputPtr)",
"281" :  "(1015,(1011,1011), this._inputPtr)",
"282" :  "(1015,(1011,1015), this._inputPtr)",
"283" :  "(1015,1015, this._inputPtr)",
"284" :  "(1015,(1016,1016), c)",
"285" :  "(1015,(1016,1027), c)",
"286" :  "(1015,(1033,1033), c)",
"287" :  "(1015,(1033,1034), c)",
"288" :  "(1015,1038, c)",
"289" :  "(1015,(1033,1034), c)",
"290" :  "(1015,(1033,1075), c)",
"291" :  "(1015,1028, c)",
"292" :  "(1015,(1016,1017), c)",
"293" :  "(1015,(1016,1019), c)",
"294" :  "(1015,1024, c)",
"295" :  "(1019,(1027,1028), fractLen)",
"296" :  "(1019,(1027,1032), fractLen)",
"297" :  "(1019,1080, fractLen)",
"298" :  "(1019,1019, fractLen)",
"299" :  "(1021,1024, outBuf)",
"300" :  "(1021,(1034,1035), outBuf)",
"301" :  "(1021,(1034,1038), outBuf)",
"302" :  "(1021,1038, outBuf)",
"303" :  "(1021,(1044,1045), outBuf)",
"304" :  "(1021,(1044,1048), outBuf)",
"305" :  "(1021,1048, outBuf)",
"306" :  "(1021,(1057,1058), outBuf)",
"307" :  "(1021,(1057,1061), outBuf)",
"308" :  "(1021,1061, outBuf)",
"309" :  "(1021,(1020,1021), outBuf)",
"310" :  "(1021,(1020,1024), outBuf)",
"311" :  "(1022,1024, outPtr)",
"312" :  "(1024,(1034,1035), outPtr)",
"313" :  "(1024,(1034,1038), outPtr)",
"314" :  "(1024,1038, outPtr)",
"315" :  "(1024,1078, outPtr)",
"316" :  "(1024,(1020,1021), outPtr)",
"317" :  "(1024,(1020,1024), outPtr)",
"318" :  "(1024,1024, outPtr)",
"319" :  "(1032,(1069,1070), expLen)",
"320" :  "(1032,(1069,1075), expLen)",
"321" :  "(1032,1080, expLen)",
"322" :  "(1032,1056, expLen)",
"323" :  "(1035,1038, outBuf)",
"324" :  "(1035,(1044,1045), outBuf)",
"325" :  "(1035,(1044,1048), outBuf)",
"326" :  "(1035,1048, outBuf)",
"327" :  "(1035,(1057,1058), outBuf)",
"328" :  "(1035,(1057,1061), outBuf)",
"329" :  "(1035,1061, outBuf)",
"330" :  "(1036,1038, outPtr)",
"331" :  "(1038,(1044,1045), outPtr)",
"332" :  "(1038,(1044,1048), outPtr)",
"333" :  "(1038,1048, outPtr)",
"334" :  "(1038,1078, outPtr)",
"335" :  "(1038,(1057,1058), outPtr)",
"336" :  "(1038,(1057,1061), outPtr)",
"337" :  "(1038,1061, outPtr)",
"338" :  "(1040,1040, this._inputPtr)",
"339" :  "(1040,(1050,1050), this._inputPtr)",
"340" :  "(1040,(1050,1050), this._inputPtr)",
"341" :  "(1040,1050, this._inputPtr)",
"342" :  "(1040,1076, this._inputPtr)",
"343" :  "(1040,(1062,1062), this._inputPtr)",
"344" :  "(1040,(1062,1066), this._inputPtr)",
"345" :  "(1040,1066, this._inputPtr)",
"346" :  "(1040,1050, this._inputPtr)",
"347" :  "(1040,(1043,1043), c)",
"348" :  "(1040,(1043,1044), c)",
"349" :  "(1040,1048, c)",
"350" :  "(1040,(1043,1044), c)",
"351" :  "(1040,(1043,1055), c)",
"352" :  "(1040,(1055,1055), c)",
"353" :  "(1040,(1055,1069), c)",
"354" :  "(1040,1070, c)",
"355" :  "(1040,(1055,1056), c)",
"356" :  "(1040,(1055,1069), c)",
"357" :  "(1040,1061, c)",
"358" :  "(1045,1048, outBuf)",
"359" :  "(1045,(1057,1058), outBuf)",
"360" :  "(1045,(1057,1061), outBuf)",
"361" :  "(1045,1061, outBuf)",
"362" :  "(1046,1048, outPtr)",
"363" :  "(1048,1078, outPtr)",
"364" :  "(1048,(1057,1058), outPtr)",
"365" :  "(1048,(1057,1061), outPtr)",
"366" :  "(1048,1061, outPtr)",
"367" :  "(1050,1050, this._inputPtr)",
"368" :  "(1050,1076, this._inputPtr)",
"369" :  "(1050,(1062,1062), this._inputPtr)",
"370" :  "(1050,(1062,1066), this._inputPtr)",
"371" :  "(1050,1066, this._inputPtr)",
"372" :  "(1050,(1055,1055), c)",
"373" :  "(1050,(1055,1069), c)",
"374" :  "(1050,1070, c)",
"375" :  "(1050,(1055,1056), c)",
"376" :  "(1050,(1055,1069), c)",
"377" :  "(1050,1061, c)",
"378" :  "(1056,(1069,1070), expLen)",
"379" :  "(1056,(1069,1075), expLen)",
"380" :  "(1056,1080, expLen)",
"381" :  "(1056,1056, expLen)",
"382" :  "(1058,1061, outBuf)",
"383" :  "(1058,(1057,1058), outBuf)",
"384" :  "(1058,(1057,1061), outBuf)",
"385" :  "(1059,1061, outPtr)",
"386" :  "(1061,1078, outPtr)",
"387" :  "(1061,(1057,1058), outPtr)",
"388" :  "(1061,(1057,1061), outPtr)",
"389" :  "(1061,1061, outPtr)",
"390" :  "(1063,(1075,1076), eof)",
"391" :  "(1063,(1075,1078), eof)",
"392" :  "(1066,1076, this._inputPtr)",
"393" :  "(1066,(1062,1062), this._inputPtr)",
"394" :  "(1066,(1062,1066), this._inputPtr)",
"395" :  "(1066,1066, this._inputPtr)",
"396" :  "(1066,(1055,1055), c)",
"397" :  "(1066,(1055,1069), c)",
"398" :  "(1066,1070, c)",
"399" :  "(1066,(1055,1056), c)",
"400" :  "(1066,(1055,1069), c)",
"401" :  "(1066,1061, c)"},{ "Name" : "_verifyNoLeadingZeroes" ,
"Duas" : 49,
"0" :  "(1091,(1091,1091), this)",
"1" :  "(1091,(1091,1094), this)",
"2" :  "(1091,1094, this)",
"3" :  "(1091,(1099,1100), this)",
"4" :  "(1091,(1099,1103), this)",
"5" :  "(1091,1103, this)",
"6" :  "(1091,(1105,1105), this)",
"7" :  "(1091,(1105,1106), this)",
"8" :  "(1091,1106, this)",
"9" :  "(1091,1110, this)",
"10" :  "(1091,(1105,1106), this)",
"11" :  "(1091,(1105,1116), this)",
"12" :  "(1091,1100, this)",
"13" :  "(1091,(1091,1092), this)",
"14" :  "(1091,(1091,1094), this)",
"15" :  "(1091,(1091,1091), this._inputEnd)",
"16" :  "(1091,(1091,1094), this._inputEnd)",
"17" :  "(1091,(1105,1105), this._inputEnd)",
"18" :  "(1091,(1105,1106), this._inputEnd)",
"19" :  "(1091,(1091,1091), this._inputPtr)",
"20" :  "(1091,(1091,1094), this._inputPtr)",
"21" :  "(1091,1094, this._inputPtr)",
"22" :  "(1091,1103, this._inputPtr)",
"23" :  "(1091,1094, this._inputBuffer)",
"24" :  "(1091,1106, this._inputBuffer)",
"25" :  "(1091,(1099,1100), ALLOW_NUMERIC_LEADING_ZEROS)",
"26" :  "(1091,(1099,1103), ALLOW_NUMERIC_LEADING_ZEROS)",
"27" :  "(1094,(1096,1096), ch)",
"28" :  "(1094,(1096,1097), ch)",
"29" :  "(1094,(1096,1097), ch)",
"30" :  "(1094,(1096,1099), ch)",
"31" :  "(1094,(1104,1105), ch)",
"32" :  "(1094,(1104,1116), ch)",
"33" :  "(1094,1116, ch)",
"34" :  "(1103,(1105,1105), this._inputPtr)",
"35" :  "(1103,(1105,1106), this._inputPtr)",
"36" :  "(1103,1106, this._inputPtr)",
"37" :  "(1103,1110, this._inputPtr)",
"38" :  "(1106,(1107,1107), ch)",
"39" :  "(1106,(1107,1108), ch)",
"40" :  "(1106,(1107,1108), ch)",
"41" :  "(1106,(1107,1110), ch)",
"42" :  "(1106,(1111,1112), ch)",
"43" :  "(1106,(1111,1105), ch)",
"44" :  "(1106,1116, ch)",
"45" :  "(1110,(1105,1105), this._inputPtr)",
"46" :  "(1110,(1105,1106), this._inputPtr)",
"47" :  "(1110,1106, this._inputPtr)",
"48" :  "(1110,1110, this._inputPtr)"},{ "Name" : "_handleInvalidNumberStart" ,
"Duas" : 48,
"0" :  "(1126,1149, this)",
"1" :  "(1126,(1127,1128), this)",
"2" :  "(1126,(1127,1132), this)",
"3" :  "(1126,1132, this)",
"4" :  "(1126,1132, this)",
"5" :  "(1126,1142, this)",
"6" :  "(1126,(1143,1144), this)",
"7" :  "(1126,(1143,1146), this)",
"8" :  "(1126,1146, this)",
"9" :  "(1126,1144, this)",
"10" :  "(1126,1135, this)",
"11" :  "(1126,(1136,1137), this)",
"12" :  "(1126,(1136,1139), this)",
"13" :  "(1126,1139, this)",
"14" :  "(1126,1137, this)",
"15" :  "(1126,(1128,1129), this)",
"16" :  "(1126,(1128,1132), this)",
"17" :  "(1126,1129, this)",
"18" :  "(1126,(1126,1127), ch)",
"19" :  "(1126,(1126,1149), ch)",
"20" :  "(1126,1149, ch)",
"21" :  "(1126,(1141,1141), negative)",
"22" :  "(1126,(1141,1141), negative)",
"23" :  "(1126,(1144,1144), negative)",
"24" :  "(1126,(1144,1144), negative)",
"25" :  "(1126,(1134,1134), negative)",
"26" :  "(1126,(1134,1134), negative)",
"27" :  "(1126,(1137,1137), negative)",
"28" :  "(1126,(1137,1137), negative)",
"29" :  "(1126,(1127,1128), this._inputEnd)",
"30" :  "(1126,(1127,1132), this._inputEnd)",
"31" :  "(1126,(1127,1128), this._inputPtr)",
"32" :  "(1126,(1127,1132), this._inputPtr)",
"33" :  "(1126,1132, this._inputPtr)",
"34" :  "(1126,1132, this._inputBuffer)",
"35" :  "(1126,(1143,1144), ALLOW_NON_NUMERIC_NUMBERS)",
"36" :  "(1126,(1143,1146), ALLOW_NON_NUMERIC_NUMBERS)",
"37" :  "(1126,(1136,1137), ALLOW_NON_NUMERIC_NUMBERS)",
"38" :  "(1126,(1136,1139), ALLOW_NON_NUMERIC_NUMBERS)",
"39" :  "(1132,(1133,1134), ch)",
"40" :  "(1132,(1133,1140), ch)",
"41" :  "(1132,(1140,1141), ch)",
"42" :  "(1132,(1140,1149), ch)",
"43" :  "(1132,1149, ch)",
"44" :  "(1134,1139, match)",
"45" :  "(1134,1137, match)",
"46" :  "(1141,1146, match)",
"47" :  "(1141,1144, match)"},{ "Name" : "_parseFieldName" ,
"Duas" : 57,
"0" :  "(1162,1169, this)",
"1" :  "(1162,1170, this)",
"2" :  "(1162,1171, this)",
"3" :  "(1162,1192, this)",
"4" :  "(1162,1193, this)",
"5" :  "(1162,1194, this)",
"6" :  "(1162,1178, this)",
"7" :  "(1162,1181, this)",
"8" :  "(1162,1182, this)",
"9" :  "(1162,1183, this)",
"10" :  "(1162,1163, this)",
"11" :  "(1162,(1162,1163), i)",
"12" :  "(1162,(1162,1169), i)",
"13" :  "(1162,1163, i)",
"14" :  "(1162,1169, this._inputPtr)",
"15" :  "(1162,1192, this._inputPtr)",
"16" :  "(1162,1181, this._inputPtr)",
"17" :  "(1162,1170, this._hashSeed)",
"18" :  "(1162,1171, this._inputEnd)",
"19" :  "(1162,1178, this._inputBuffer)",
"20" :  "(1162,1183, this._inputBuffer)",
"21" :  "(1162,1183, this._symbols)",
"22" :  "(1169,(1173,1174), ptr)",
"23" :  "(1169,(1173,1192), ptr)",
"24" :  "(1169,1193, ptr)",
"25" :  "(1169,1178, ptr)",
"26" :  "(1169,1188, ptr)",
"27" :  "(1169,1182, ptr)",
"28" :  "(1169,1183, ptr)",
"29" :  "(1170,1194, hash)",
"30" :  "(1170,1187, hash)",
"31" :  "(1170,1183, hash)",
"32" :  "(1171,(1173,1174), inputLen)",
"33" :  "(1171,(1173,1192), inputLen)",
"34" :  "(1171,(1189,1192), inputLen)",
"35" :  "(1171,(1189,1178), inputLen)",
"36" :  "(1174,(1179,1180), codes)",
"37" :  "(1174,(1179,1187), codes)",
"38" :  "(1175,(1179,1179), maxCode)",
"39" :  "(1175,(1179,1187), maxCode)",
"40" :  "(1178,(1179,1179), ch)",
"41" :  "(1178,(1179,1187), ch)",
"42" :  "(1178,1187, ch)",
"43" :  "(1178,(1179,1180), ch)",
"44" :  "(1178,(1179,1187), ch)",
"45" :  "(1178,(1180,1181), ch)",
"46" :  "(1178,(1180,1192), ch)",
"47" :  "(1187,1187, hash)",
"48" :  "(1187,1183, hash)",
"49" :  "(1187,1194, hash)",
"50" :  "(1188,(1189,1192), ptr)",
"51" :  "(1188,(1189,1178), ptr)",
"52" :  "(1188,1178, ptr)",
"53" :  "(1188,1188, ptr)",
"54" :  "(1188,1182, ptr)",
"55" :  "(1188,1183, ptr)",
"56" :  "(1188,1193, ptr)"},{ "Name" : "_parseFieldName2" ,
"Duas" : 63,
"0" :  "(1200,(1209,1210), this)",
"1" :  "(1200,(1209,1214), this)",
"2" :  "(1200,1214, this)",
"3" :  "(1200,1214, this)",
"4" :  "(1200,1238, this)",
"5" :  "(1200,1228, this)",
"6" :  "(1200,1242, this)",
"7" :  "(1200,1244, this)",
"8" :  "(1200,1249, this)",
"9" :  "(1200,1222, this)",
"10" :  "(1200,(1210,1211), this)",
"11" :  "(1200,(1210,1214), this)",
"12" :  "(1200,1211, this)",
"13" :  "(1200,1232, hash)",
"14" :  "(1200,1249, hash)",
"15" :  "(1200,(1223,1224), endChar)",
"16" :  "(1200,(1223,1232), endChar)",
"17" :  "(1200,(1224,1225), endChar)",
"18" :  "(1200,(1224,1227), endChar)",
"19" :  "(1200,1211, endChar)",
"20" :  "(1200,1238, this._textBuffer)",
"21" :  "(1200,1242, this._textBuffer)",
"22" :  "(1200,1244, this._textBuffer)",
"23" :  "(1200,1214, this._inputBuffer)",
"24" :  "(1200,(1209,1210), this._inputPtr)",
"25" :  "(1200,(1209,1214), this._inputPtr)",
"26" :  "(1200,1214, this._inputPtr)",
"27" :  "(1200,(1209,1210), this._inputEnd)",
"28" :  "(1200,(1209,1214), this._inputEnd)",
"29" :  "(1200,1249, this._symbols)",
"30" :  "(1205,1234, outBuf)",
"31" :  "(1205,(1237,1238), outBuf)",
"32" :  "(1205,(1237,1241), outBuf)",
"33" :  "(1206,1234, outPtr)",
"34" :  "(1206,1242, outPtr)",
"35" :  "(1214,(1209,1210), this._inputPtr)",
"36" :  "(1214,(1209,1214), this._inputPtr)",
"37" :  "(1214,1214, this._inputPtr)",
"38" :  "(1214,1234, c)",
"39" :  "(1215,(1216,1217), i)",
"40" :  "(1215,(1216,1232), i)",
"41" :  "(1215,1232, i)",
"42" :  "(1215,(1217,1222), i)",
"43" :  "(1215,(1217,1223), i)",
"44" :  "(1215,(1223,1224), i)",
"45" :  "(1215,(1223,1232), i)",
"46" :  "(1215,(1224,1225), i)",
"47" :  "(1215,(1224,1227), i)",
"48" :  "(1215,(1227,1228), i)",
"49" :  "(1215,(1227,1232), i)",
"50" :  "(1215,1228, i)",
"51" :  "(1222,1234, c)",
"52" :  "(1232,1232, hash)",
"53" :  "(1232,1249, hash)",
"54" :  "(1234,(1237,1238), outPtr)",
"55" :  "(1234,(1237,1241), outPtr)",
"56" :  "(1234,1234, outPtr)",
"57" :  "(1234,1242, outPtr)",
"58" :  "(1238,1234, outBuf)",
"59" :  "(1238,(1237,1238), outBuf)",
"60" :  "(1238,(1237,1241), outBuf)",
"61" :  "(1239,1234, outPtr)",
"62" :  "(1239,1242, outPtr)"},{ "Name" : "_handleUnusualFieldName" ,
"Duas" : 98,
"0" :  "(1263,(1267,1268), this)",
"1" :  "(1263,(1267,1270), this)",
"2" :  "(1263,1284, this)",
"3" :  "(1263,1285, this)",
"4" :  "(1263,1286, this)",
"5" :  "(1263,1306, this)",
"6" :  "(1263,1307, this)",
"7" :  "(1263,1308, this)",
"8" :  "(1263,1290, this)",
"9" :  "(1263,1298, this)",
"10" :  "(1263,1299, this)",
"11" :  "(1263,1300, this)",
"12" :  "(1263,1293, this)",
"13" :  "(1263,1294, this)",
"14" :  "(1263,1295, this)",
"15" :  "(1263,1282, this)",
"16" :  "(1263,1268, this)",
"17" :  "(1263,(1263,1264), this)",
"18" :  "(1263,(1263,1267), this)",
"19" :  "(1263,1264, this)",
"20" :  "(1263,(1263,1263), i)",
"21" :  "(1263,(1263,1267), i)",
"22" :  "(1263,(1276,1277), i)",
"23" :  "(1263,(1276,1279), i)",
"24" :  "(1263,1279, i)",
"25" :  "(1263,1282, i)",
"26" :  "(1263,(1277,1277), i)",
"27" :  "(1263,(1277,1277), i)",
"28" :  "(1263,(1277,1277), i)",
"29" :  "(1263,(1277,1277), i)",
"30" :  "(1263,(1277,1277), i)",
"31" :  "(1263,(1277,1277), i)",
"32" :  "(1263,1268, i)",
"33" :  "(1263,(1263,1264), ALLOW_SINGLE_QUOTES)",
"34" :  "(1263,(1263,1267), ALLOW_SINGLE_QUOTES)",
"35" :  "(1263,(1267,1268), ALLOW_UNQUOTED_FIELD_NAMES)",
"36" :  "(1263,(1267,1270), ALLOW_UNQUOTED_FIELD_NAMES)",
"37" :  "(1263,1284, this._inputPtr)",
"38" :  "(1263,1306, this._inputPtr)",
"39" :  "(1263,1298, this._inputPtr)",
"40" :  "(1263,1293, this._inputPtr)",
"41" :  "(1263,1285, this._hashSeed)",
"42" :  "(1263,1286, this._inputEnd)",
"43" :  "(1263,1290, this._inputBuffer)",
"44" :  "(1263,1300, this._inputBuffer)",
"45" :  "(1263,1295, this._inputBuffer)",
"46" :  "(1263,1300, this._symbols)",
"47" :  "(1263,1295, this._symbols)",
"48" :  "(1270,1308, codes)",
"49" :  "(1270,(1292,1293), codes)",
"50" :  "(1270,(1292,1302), codes)",
"51" :  "(1270,(1277,1277), codes)",
"52" :  "(1270,(1277,1277), codes)",
"53" :  "(1271,(1276,1277), maxCode)",
"54" :  "(1271,(1276,1279), maxCode)",
"55" :  "(1271,(1291,1292), maxCode)",
"56" :  "(1271,(1291,1297), maxCode)",
"57" :  "(1277,(1281,1282), firstOk)",
"58" :  "(1277,(1281,1284), firstOk)",
"59" :  "(1279,(1281,1282), firstOk)",
"60" :  "(1279,(1281,1284), firstOk)",
"61" :  "(1284,(1288,1290), ptr)",
"62" :  "(1284,(1288,1306), ptr)",
"63" :  "(1284,1307, ptr)",
"64" :  "(1284,1290, ptr)",
"65" :  "(1284,1303, ptr)",
"66" :  "(1284,1299, ptr)",
"67" :  "(1284,1300, ptr)",
"68" :  "(1284,1294, ptr)",
"69" :  "(1284,1295, ptr)",
"70" :  "(1285,1308, hash)",
"71" :  "(1285,1302, hash)",
"72" :  "(1285,1300, hash)",
"73" :  "(1285,1295, hash)",
"74" :  "(1286,(1288,1290), inputLen)",
"75" :  "(1286,(1288,1306), inputLen)",
"76" :  "(1286,(1304,1306), inputLen)",
"77" :  "(1286,(1304,1290), inputLen)",
"78" :  "(1290,(1291,1292), ch)",
"79" :  "(1290,(1291,1297), ch)",
"80" :  "(1290,(1297,1298), ch)",
"81" :  "(1290,(1297,1302), ch)",
"82" :  "(1290,1302, ch)",
"83" :  "(1290,(1292,1293), ch)",
"84" :  "(1290,(1292,1302), ch)",
"85" :  "(1302,1302, hash)",
"86" :  "(1302,1300, hash)",
"87" :  "(1302,1295, hash)",
"88" :  "(1302,1308, hash)",
"89" :  "(1303,(1304,1306), ptr)",
"90" :  "(1303,(1304,1290), ptr)",
"91" :  "(1303,1290, ptr)",
"92" :  "(1303,1303, ptr)",
"93" :  "(1303,1299, ptr)",
"94" :  "(1303,1300, ptr)",
"95" :  "(1303,1294, ptr)",
"96" :  "(1303,1295, ptr)",
"97" :  "(1303,1307, ptr)"},{ "Name" : "_parseApostropheFieldName" ,
"Duas" : 47,
"0" :  "(1315,1338, this)",
"1" :  "(1315,1339, this)",
"2" :  "(1315,1341, this)",
"3" :  "(1315,1324, this)",
"4" :  "(1315,1326, this)",
"5" :  "(1315,1327, this)",
"6" :  "(1315,1328, this)",
"7" :  "(1315,1338, this._inputPtr)",
"8" :  "(1315,1326, this._inputPtr)",
"9" :  "(1315,1324, this._inputBuffer)",
"10" :  "(1315,1328, this._inputBuffer)",
"11" :  "(1315,1328, this._symbols)",
"12" :  "(1315,(1319,1320), ptr)",
"13" :  "(1315,(1319,1338), ptr)",
"14" :  "(1315,1339, ptr)",
"15" :  "(1315,1324, ptr)",
"16" :  "(1315,1334, ptr)",
"17" :  "(1315,1327, ptr)",
"18" :  "(1315,1328, ptr)",
"19" :  "(1316,1341, hash)",
"20" :  "(1316,1333, hash)",
"21" :  "(1316,1328, hash)",
"22" :  "(1317,(1319,1320), inputLen)",
"23" :  "(1317,(1319,1338), inputLen)",
"24" :  "(1317,(1335,1338), inputLen)",
"25" :  "(1317,(1335,1324), inputLen)",
"26" :  "(1320,(1330,1331), codes)",
"27" :  "(1320,(1330,1333), codes)",
"28" :  "(1321,(1330,1330), maxCode)",
"29" :  "(1321,(1330,1333), maxCode)",
"30" :  "(1324,(1325,1326), ch)",
"31" :  "(1324,(1325,1330), ch)",
"32" :  "(1324,(1330,1330), ch)",
"33" :  "(1324,(1330,1333), ch)",
"34" :  "(1324,1333, ch)",
"35" :  "(1324,(1330,1331), ch)",
"36" :  "(1324,(1330,1333), ch)",
"37" :  "(1333,1333, hash)",
"38" :  "(1333,1328, hash)",
"39" :  "(1333,1341, hash)",
"40" :  "(1334,(1335,1338), ptr)",
"41" :  "(1334,(1335,1324), ptr)",
"42" :  "(1334,1324, ptr)",
"43" :  "(1334,1334, ptr)",
"44" :  "(1334,1327, ptr)",
"45" :  "(1334,1328, ptr)",
"46" :  "(1334,1339, ptr)"},{ "Name" : "_handleUnexpectedValue" ,
"Duas" : 43,
"0" :  "(1352,1366, this)",
"1" :  "(1352,(1367,1368), this)",
"2" :  "(1352,(1367,1370), this)",
"3" :  "(1352,1370, this)",
"4" :  "(1352,1368, this)",
"5" :  "(1352,1373, this)",
"6" :  "(1352,(1374,1375), this)",
"7" :  "(1352,(1374,1377), this)",
"8" :  "(1352,1377, this)",
"9" :  "(1352,1375, this)",
"10" :  "(1352,(1380,1381), this)",
"11" :  "(1352,(1380,1385), this)",
"12" :  "(1352,1385, this)",
"13" :  "(1352,1385, this)",
"14" :  "(1352,(1381,1382), this)",
"15" :  "(1352,(1381,1385), this)",
"16" :  "(1352,1382, this)",
"17" :  "(1352,(1361,1362), this)",
"18" :  "(1352,(1361,1388), this)",
"19" :  "(1352,1362, this)",
"20" :  "(1352,1392, this)",
"21" :  "(1352,1389, this)",
"22" :  "(1352,(1352,1388), i)",
"23" :  "(1352,(1352,1361), i)",
"24" :  "(1352,(1352,1380), i)",
"25" :  "(1352,(1352,1373), i)",
"26" :  "(1352,(1352,1366), i)",
"27" :  "(1352,(1388,1389), i)",
"28" :  "(1352,(1388,1392), i)",
"29" :  "(1352,1392, i)",
"30" :  "(1352,1389, i)",
"31" :  "(1352,(1361,1362), ALLOW_SINGLE_QUOTES)",
"32" :  "(1352,(1361,1388), ALLOW_SINGLE_QUOTES)",
"33" :  "(1352,(1367,1368), ALLOW_NON_NUMERIC_NUMBERS)",
"34" :  "(1352,(1367,1370), ALLOW_NON_NUMERIC_NUMBERS)",
"35" :  "(1352,(1374,1375), ALLOW_NON_NUMERIC_NUMBERS)",
"36" :  "(1352,(1374,1377), ALLOW_NON_NUMERIC_NUMBERS)",
"37" :  "(1352,(1380,1381), this._inputEnd)",
"38" :  "(1352,(1380,1385), this._inputEnd)",
"39" :  "(1352,(1380,1381), this._inputPtr)",
"40" :  "(1352,(1380,1385), this._inputPtr)",
"41" :  "(1352,1385, this._inputPtr)",
"42" :  "(1352,1385, this._inputBuffer)"},{ "Name" : "_handleApostropheValue" ,
"Duas" : 51,
"0" :  "(1399,(1403,1404), this)",
"1" :  "(1399,(1403,1408), this)",
"2" :  "(1399,1408, this)",
"3" :  "(1399,1408, this)",
"4" :  "(1399,1428, this)",
"5" :  "(1399,1422, this)",
"6" :  "(1399,1434, this)",
"7" :  "(1399,1416, this)",
"8" :  "(1399,(1404,1405), this)",
"9" :  "(1399,(1404,1408), this)",
"10" :  "(1399,1405, this)",
"11" :  "(1399,1428, this._textBuffer)",
"12" :  "(1399,1434, this._textBuffer)",
"13" :  "(1399,(1403,1404), this._inputEnd)",
"14" :  "(1399,(1403,1408), this._inputEnd)",
"15" :  "(1399,(1403,1404), this._inputPtr)",
"16" :  "(1399,(1403,1408), this._inputPtr)",
"17" :  "(1399,1408, this._inputPtr)",
"18" :  "(1399,1408, this._inputBuffer)",
"19" :  "(1399,1435, VALUE_STRING)",
"20" :  "(1399,(1427,1428), outBuf)",
"21" :  "(1399,(1427,1432), outBuf)",
"22" :  "(1399,1432, outBuf)",
"23" :  "(1400,(1427,1428), outPtr)",
"24" :  "(1400,(1427,1432), outPtr)",
"25" :  "(1400,1432, outPtr)",
"26" :  "(1400,1434, outPtr)",
"27" :  "(1408,(1403,1404), this._inputPtr)",
"28" :  "(1408,(1403,1408), this._inputPtr)",
"29" :  "(1408,1408, this._inputPtr)",
"30" :  "(1408,1432, c)",
"31" :  "(1409,(1410,1411), i)",
"32" :  "(1409,(1410,1427), i)",
"33" :  "(1409,(1411,1416), i)",
"34" :  "(1409,(1411,1417), i)",
"35" :  "(1409,(1417,1418), i)",
"36" :  "(1409,(1417,1427), i)",
"37" :  "(1409,(1418,1419), i)",
"38" :  "(1409,(1418,1421), i)",
"39" :  "(1409,(1421,1422), i)",
"40" :  "(1409,(1421,1427), i)",
"41" :  "(1409,1422, i)",
"42" :  "(1416,1432, c)",
"43" :  "(1428,1432, outBuf)",
"44" :  "(1428,(1427,1428), outBuf)",
"45" :  "(1428,(1427,1432), outBuf)",
"46" :  "(1429,1432, outPtr)",
"47" :  "(1432,(1427,1428), outPtr)",
"48" :  "(1432,(1427,1432), outPtr)",
"49" :  "(1432,1432, outPtr)",
"50" :  "(1432,1434, outPtr)"},{ "Name" : "_parseUnusualFieldName2" ,
"Duas" : 55,
"0" :  "(1441,(1447,1448), this)",
"1" :  "(1441,(1447,1452), this)",
"2" :  "(1441,1452, this)",
"3" :  "(1441,1461, this)",
"4" :  "(1441,1468, this)",
"5" :  "(1441,1472, this)",
"6" :  "(1441,1474, this)",
"7" :  "(1441,1479, this)",
"8" :  "(1441,(1448,1449), this)",
"9" :  "(1441,(1448,1452), this)",
"10" :  "(1441,1462, hash)",
"11" :  "(1441,1479, hash)",
"12" :  "(1441,(1455,1456), codes)",
"13" :  "(1441,(1455,1461), codes)",
"14" :  "(1441,1468, this._textBuffer)",
"15" :  "(1441,1472, this._textBuffer)",
"16" :  "(1441,1474, this._textBuffer)",
"17" :  "(1441,1452, this._inputBuffer)",
"18" :  "(1441,(1447,1448), this._inputPtr)",
"19" :  "(1441,(1447,1452), this._inputPtr)",
"20" :  "(1441,1452, this._inputPtr)",
"21" :  "(1441,1461, this._inputPtr)",
"22" :  "(1441,(1447,1448), this._inputEnd)",
"23" :  "(1441,(1447,1452), this._inputEnd)",
"24" :  "(1441,1479, this._symbols)",
"25" :  "(1442,1464, outBuf)",
"26" :  "(1442,(1467,1468), outBuf)",
"27" :  "(1442,(1467,1471), outBuf)",
"28" :  "(1443,1464, outPtr)",
"29" :  "(1443,1472, outPtr)",
"30" :  "(1444,(1454,1455), maxCode)",
"31" :  "(1444,(1454,1458), maxCode)",
"32" :  "(1452,(1458,1459), c)",
"33" :  "(1452,(1458,1461), c)",
"34" :  "(1452,1464, c)",
"35" :  "(1453,(1454,1455), i)",
"36" :  "(1453,(1454,1458), i)",
"37" :  "(1453,1462, i)",
"38" :  "(1453,(1455,1456), i)",
"39" :  "(1453,(1455,1461), i)",
"40" :  "(1461,(1447,1448), this._inputPtr)",
"41" :  "(1461,(1447,1452), this._inputPtr)",
"42" :  "(1461,1452, this._inputPtr)",
"43" :  "(1461,1461, this._inputPtr)",
"44" :  "(1462,1462, hash)",
"45" :  "(1462,1479, hash)",
"46" :  "(1464,(1467,1468), outPtr)",
"47" :  "(1464,(1467,1471), outPtr)",
"48" :  "(1464,1464, outPtr)",
"49" :  "(1464,1472, outPtr)",
"50" :  "(1468,1464, outBuf)",
"51" :  "(1468,(1467,1468), outBuf)",
"52" :  "(1468,(1467,1471), outBuf)",
"53" :  "(1469,1464, outPtr)",
"54" :  "(1469,1472, outPtr)"},{ "Name" : "_finishString" ,
"Duas" : 43,
"0" :  "(1491,1516, this)",
"1" :  "(1491,1517, this)",
"2" :  "(1491,1518, this)",
"3" :  "(1491,1499, this)",
"4" :  "(1491,1502, this)",
"5" :  "(1491,1503, this)",
"6" :  "(1491,1516, this._inputPtr)",
"7" :  "(1491,1502, this._inputPtr)",
"8" :  "(1491,1516, this._inputBuffer)",
"9" :  "(1491,1499, this._inputBuffer)",
"10" :  "(1491,1502, this._inputBuffer)",
"11" :  "(1491,1516, this._textBuffer)",
"12" :  "(1491,1502, this._textBuffer)",
"13" :  "(1491,(1494,1495), ptr)",
"14" :  "(1491,(1494,1516), ptr)",
"15" :  "(1491,1516, ptr)",
"16" :  "(1491,1517, ptr)",
"17" :  "(1491,1499, ptr)",
"18" :  "(1491,1509, ptr)",
"19" :  "(1491,1502, ptr)",
"20" :  "(1491,1503, ptr)",
"21" :  "(1492,(1494,1495), inputLen)",
"22" :  "(1492,(1494,1516), inputLen)",
"23" :  "(1492,(1510,1516), inputLen)",
"24" :  "(1492,(1510,1499), inputLen)",
"25" :  "(1495,(1500,1501), codes)",
"26" :  "(1495,(1500,1509), codes)",
"27" :  "(1496,(1500,1500), maxCode)",
"28" :  "(1496,(1500,1509), maxCode)",
"29" :  "(1499,(1500,1500), ch)",
"30" :  "(1499,(1500,1509), ch)",
"31" :  "(1499,(1500,1501), ch)",
"32" :  "(1499,(1500,1509), ch)",
"33" :  "(1499,(1501,1502), ch)",
"34" :  "(1499,(1501,1516), ch)",
"35" :  "(1509,(1510,1516), ptr)",
"36" :  "(1509,(1510,1499), ptr)",
"37" :  "(1509,1499, ptr)",
"38" :  "(1509,1509, ptr)",
"39" :  "(1509,1502, ptr)",
"40" :  "(1509,1503, ptr)",
"41" :  "(1509,1516, ptr)",
"42" :  "(1509,1517, ptr)"},{ "Name" : "_finishString2" ,
"Duas" : 50,
"0" :  "(1524,(1528,1529), this)",
"1" :  "(1524,(1528,1533), this)",
"2" :  "(1524,1533, this)",
"3" :  "(1524,1533, this)",
"4" :  "(1524,1553, this)",
"5" :  "(1524,1547, this)",
"6" :  "(1524,1559, this)",
"7" :  "(1524,1541, this)",
"8" :  "(1524,(1529,1530), this)",
"9" :  "(1524,(1529,1533), this)",
"10" :  "(1524,1530, this)",
"11" :  "(1524,1553, this._textBuffer)",
"12" :  "(1524,1559, this._textBuffer)",
"13" :  "(1524,(1528,1529), this._inputEnd)",
"14" :  "(1524,(1528,1533), this._inputEnd)",
"15" :  "(1524,(1528,1529), this._inputPtr)",
"16" :  "(1524,(1528,1533), this._inputPtr)",
"17" :  "(1524,1533, this._inputPtr)",
"18" :  "(1524,1533, this._inputBuffer)",
"19" :  "(1524,(1552,1553), outBuf)",
"20" :  "(1524,(1552,1557), outBuf)",
"21" :  "(1524,1557, outBuf)",
"22" :  "(1525,(1552,1553), outPtr)",
"23" :  "(1525,(1552,1557), outPtr)",
"24" :  "(1525,1557, outPtr)",
"25" :  "(1525,1559, outPtr)",
"26" :  "(1533,(1528,1529), this._inputPtr)",
"27" :  "(1533,(1528,1533), this._inputPtr)",
"28" :  "(1533,1533, this._inputPtr)",
"29" :  "(1533,1557, c)",
"30" :  "(1534,(1535,1536), i)",
"31" :  "(1534,(1535,1552), i)",
"32" :  "(1534,(1536,1541), i)",
"33" :  "(1534,(1536,1542), i)",
"34" :  "(1534,(1542,1543), i)",
"35" :  "(1534,(1542,1552), i)",
"36" :  "(1534,(1543,1544), i)",
"37" :  "(1534,(1543,1546), i)",
"38" :  "(1534,(1546,1547), i)",
"39" :  "(1534,(1546,1552), i)",
"40" :  "(1534,1547, i)",
"41" :  "(1541,1557, c)",
"42" :  "(1553,1557, outBuf)",
"43" :  "(1553,(1552,1553), outBuf)",
"44" :  "(1553,(1552,1557), outBuf)",
"45" :  "(1554,1557, outPtr)",
"46" :  "(1557,(1552,1553), outPtr)",
"47" :  "(1557,(1552,1557), outPtr)",
"48" :  "(1557,1557, outPtr)",
"49" :  "(1557,1559, outPtr)"},{ "Name" : "_skipString" ,
"Duas" : 50,
"0" :  "(1570,1603, this)",
"1" :  "(1570,1604, this)",
"2" :  "(1570,1599, this)",
"3" :  "(1570,1593, this)",
"4" :  "(1570,1594, this)",
"5" :  "(1570,1595, this)",
"6" :  "(1570,1596, this)",
"7" :  "(1570,1578, this)",
"8" :  "(1570,(1579,1580), this)",
"9" :  "(1570,(1579,1582), this)",
"10" :  "(1570,1582, this)",
"11" :  "(1570,1583, this)",
"12" :  "(1570,1580, this)",
"13" :  "(1570,1596, this._inputEnd)",
"14" :  "(1570,1583, this._inputEnd)",
"15" :  "(1572,(1577,1578), inputPtr)",
"16" :  "(1572,(1577,1585), inputPtr)",
"17" :  "(1572,1585, inputPtr)",
"18" :  "(1572,1578, inputPtr)",
"19" :  "(1573,(1577,1578), inputLen)",
"20" :  "(1573,(1577,1585), inputLen)",
"21" :  "(1574,1585, inputBuffer)",
"22" :  "(1578,1582, this._inputPtr)",
"23" :  "(1582,1585, inputPtr)",
"24" :  "(1583,(1577,1578), inputLen)",
"25" :  "(1583,(1577,1585), inputLen)",
"26" :  "(1585,(1577,1578), inputPtr)",
"27" :  "(1585,(1577,1585), inputPtr)",
"28" :  "(1585,1585, inputPtr)",
"29" :  "(1585,1578, inputPtr)",
"30" :  "(1585,1603, inputPtr)",
"31" :  "(1585,1599, inputPtr)",
"32" :  "(1585,1593, inputPtr)",
"33" :  "(1586,(1587,1588), i)",
"34" :  "(1586,(1587,1608), i)",
"35" :  "(1586,(1588,1593), i)",
"36" :  "(1586,(1588,1597), i)",
"37" :  "(1586,(1597,1598), i)",
"38" :  "(1586,(1597,1608), i)",
"39" :  "(1586,(1598,1599), i)",
"40" :  "(1586,(1598,1602), i)",
"41" :  "(1586,(1602,1603), i)",
"42" :  "(1586,(1602,1608), i)",
"43" :  "(1586,1604, i)",
"44" :  "(1595,(1577,1578), inputPtr)",
"45" :  "(1595,(1577,1585), inputPtr)",
"46" :  "(1595,1585, inputPtr)",
"47" :  "(1595,1578, inputPtr)",
"48" :  "(1596,(1577,1578), inputLen)",
"49" :  "(1596,(1577,1585), inputLen)"},{ "Name" : "_skipCR" ,
"Duas" : 21,
"0" :  "(1623,(1623,1623), this)",
"1" :  "(1623,(1623,1624), this)",
"2" :  "(1623,(1624,1625), this)",
"3" :  "(1623,(1624,1628), this)",
"4" :  "(1623,1628, this)",
"5" :  "(1623,1629, this)",
"6" :  "(1623,1625, this)",
"7" :  "(1623,(1623,1624), this)",
"8" :  "(1623,(1623,1628), this)",
"9" :  "(1623,(1623,1623), this._inputEnd)",
"10" :  "(1623,(1623,1624), this._inputEnd)",
"11" :  "(1623,(1623,1623), this._inputPtr)",
"12" :  "(1623,(1623,1624), this._inputPtr)",
"13" :  "(1623,(1624,1625), this._inputPtr)",
"14" :  "(1623,(1624,1628), this._inputPtr)",
"15" :  "(1623,1629, this._inputPtr)",
"16" :  "(1623,1625, this._inputPtr)",
"17" :  "(1623,(1624,1625), this._inputBuffer)",
"18" :  "(1623,(1624,1628), this._inputBuffer)",
"19" :  "(1623,1628, this._currInputRow)",
"20" :  "(1625,1629, this._inputPtr)"},{ "Name" : "_skipWS" ,
"Duas" : 32,
"0" :  "(1641,(1641,1641), this)",
"1" :  "(1641,(1641,1642), this)",
"2" :  "(1641,1642, this)",
"3" :  "(1641,1642, this)",
"4" :  "(1641,1654, this)",
"5" :  "(1641,1652, this)",
"6" :  "(1641,1650, this)",
"7" :  "(1641,1647, this)",
"8" :  "(1641,(1641,1642), this)",
"9" :  "(1641,(1641,1658), this)",
"10" :  "(1641,1658, this)",
"11" :  "(1641,(1641,1641), this._inputEnd)",
"12" :  "(1641,(1641,1642), this._inputEnd)",
"13" :  "(1641,(1641,1641), this._inputPtr)",
"14" :  "(1641,(1641,1642), this._inputPtr)",
"15" :  "(1641,1642, this._inputPtr)",
"16" :  "(1641,1642, this._inputBuffer)",
"17" :  "(1641,1658, this._parsingContext)",
"18" :  "(1642,(1643,1644), i)",
"19" :  "(1642,(1643,1648), i)",
"20" :  "(1642,(1648,1649), i)",
"21" :  "(1642,(1648,1657), i)",
"22" :  "(1642,(1649,1650), i)",
"23" :  "(1642,(1649,1651), i)",
"24" :  "(1642,(1651,1652), i)",
"25" :  "(1642,(1651,1653), i)",
"26" :  "(1642,(1653,1654), i)",
"27" :  "(1642,(1653,1657), i)",
"28" :  "(1642,1654, i)",
"29" :  "(1642,(1644,1645), i)",
"30" :  "(1642,(1644,1647), i)",
"31" :  "(1642,1645, i)"},{ "Name" : "_skipWSOrEnd" ,
"Duas" : 31,
"0" :  "(1664,(1664,1664), this)",
"1" :  "(1664,(1664,1665), this)",
"2" :  "(1664,1665, this)",
"3" :  "(1664,1665, this)",
"4" :  "(1664,1679, this)",
"5" :  "(1664,1677, this)",
"6" :  "(1664,1675, this)",
"7" :  "(1664,1668, this)",
"8" :  "(1664,(1664,1665), this)",
"9" :  "(1664,(1664,1684), this)",
"10" :  "(1664,1684, this)",
"11" :  "(1664,(1664,1664), this._inputEnd)",
"12" :  "(1664,(1664,1665), this._inputEnd)",
"13" :  "(1664,(1664,1664), this._inputPtr)",
"14" :  "(1664,(1664,1665), this._inputPtr)",
"15" :  "(1664,1665, this._inputPtr)",
"16" :  "(1664,1665, this._inputBuffer)",
"17" :  "(1665,(1666,1667), i)",
"18" :  "(1665,(1666,1673), i)",
"19" :  "(1665,(1673,1674), i)",
"20" :  "(1665,(1673,1682), i)",
"21" :  "(1665,(1674,1675), i)",
"22" :  "(1665,(1674,1676), i)",
"23" :  "(1665,(1676,1677), i)",
"24" :  "(1665,(1676,1678), i)",
"25" :  "(1665,(1678,1679), i)",
"26" :  "(1665,(1678,1682), i)",
"27" :  "(1665,1679, i)",
"28" :  "(1665,(1667,1668), i)",
"29" :  "(1665,(1667,1671), i)",
"30" :  "(1665,1671, i)"},{ "Name" : "_skipComment" ,
"Duas" : 26,
"0" :  "(1691,(1691,1692), this)",
"1" :  "(1691,(1691,1695), this)",
"2" :  "(1691,(1695,1695), this)",
"3" :  "(1691,(1695,1698), this)",
"4" :  "(1691,1698, this)",
"5" :  "(1691,1698, this)",
"6" :  "(1691,1704, this)",
"7" :  "(1691,1702, this)",
"8" :  "(1691,1700, this)",
"9" :  "(1691,(1695,1696), this)",
"10" :  "(1691,(1695,1698), this)",
"11" :  "(1691,1696, this)",
"12" :  "(1691,1692, this)",
"13" :  "(1691,(1691,1692), ALLOW_COMMENTS)",
"14" :  "(1691,(1691,1695), ALLOW_COMMENTS)",
"15" :  "(1691,(1695,1695), this._inputEnd)",
"16" :  "(1691,(1695,1698), this._inputEnd)",
"17" :  "(1691,(1695,1695), this._inputPtr)",
"18" :  "(1691,(1695,1698), this._inputPtr)",
"19" :  "(1691,1698, this._inputPtr)",
"20" :  "(1691,1698, this._inputBuffer)",
"21" :  "(1698,(1699,1700), c)",
"22" :  "(1698,(1699,1701), c)",
"23" :  "(1698,(1701,1702), c)",
"24" :  "(1698,(1701,1704), c)",
"25" :  "(1698,1704, c)"},{ "Name" : "_skipCComment" ,
"Duas" : 45,
"0" :  "(1713,(1713,1713), this)",
"1" :  "(1713,(1713,1714), this)",
"2" :  "(1713,1714, this)",
"3" :  "(1713,1714, this)",
"4" :  "(1713,1732, this)",
"5" :  "(1713,1730, this)",
"6" :  "(1713,1728, this)",
"7" :  "(1713,(1717,1717), this)",
"8" :  "(1713,(1717,1720), this)",
"9" :  "(1713,(1720,1721), this)",
"10" :  "(1713,(1720,1713), this)",
"11" :  "(1713,1721, this)",
"12" :  "(1713,(1717,1718), this)",
"13" :  "(1713,(1717,1720), this)",
"14" :  "(1713,1737, this)",
"15" :  "(1713,(1713,1714), this)",
"16" :  "(1713,(1713,1737), this)",
"17" :  "(1713,(1713,1713), this._inputEnd)",
"18" :  "(1713,(1713,1714), this._inputEnd)",
"19" :  "(1713,(1717,1717), this._inputEnd)",
"20" :  "(1713,(1717,1720), this._inputEnd)",
"21" :  "(1713,(1713,1713), this._inputPtr)",
"22" :  "(1713,(1713,1714), this._inputPtr)",
"23" :  "(1713,1714, this._inputPtr)",
"24" :  "(1713,1714, this._inputBuffer)",
"25" :  "(1713,(1720,1721), this._inputBuffer)",
"26" :  "(1713,(1720,1713), this._inputBuffer)",
"27" :  "(1714,(1717,1717), this._inputPtr)",
"28" :  "(1714,(1717,1720), this._inputPtr)",
"29" :  "(1714,(1720,1721), this._inputPtr)",
"30" :  "(1714,(1720,1713), this._inputPtr)",
"31" :  "(1714,1721, this._inputPtr)",
"32" :  "(1714,(1715,1716), i)",
"33" :  "(1714,(1715,1736), i)",
"34" :  "(1714,(1716,1717), i)",
"35" :  "(1714,(1716,1726), i)",
"36" :  "(1714,(1726,1727), i)",
"37" :  "(1714,(1726,1736), i)",
"38" :  "(1714,(1727,1728), i)",
"39" :  "(1714,(1727,1729), i)",
"40" :  "(1714,(1729,1730), i)",
"41" :  "(1714,(1729,1731), i)",
"42" :  "(1714,(1731,1732), i)",
"43" :  "(1714,(1731,1736), i)",
"44" :  "(1714,1732, i)"},{ "Name" : "_skipCppComment" ,
"Duas" : 24,
"0" :  "(1744,(1744,1744), this)",
"1" :  "(1744,(1744,1745), this)",
"2" :  "(1744,1745, this)",
"3" :  "(1744,1745, this)",
"4" :  "(1744,1754, this)",
"5" :  "(1744,1751, this)",
"6" :  "(1744,1748, this)",
"7" :  "(1744,(1744,1745), this)",
"8" :  "(1744,(1744,1758), this)",
"9" :  "(1744,(1744,1744), this._inputEnd)",
"10" :  "(1744,(1744,1745), this._inputEnd)",
"11" :  "(1744,(1744,1744), this._inputPtr)",
"12" :  "(1744,(1744,1745), this._inputPtr)",
"13" :  "(1744,1745, this._inputPtr)",
"14" :  "(1744,1745, this._inputBuffer)",
"15" :  "(1745,(1746,1747), i)",
"16" :  "(1745,(1746,1757), i)",
"17" :  "(1745,(1747,1748), i)",
"18" :  "(1745,(1747,1750), i)",
"19" :  "(1745,(1750,1751), i)",
"20" :  "(1745,(1750,1753), i)",
"21" :  "(1745,(1753,1754), i)",
"22" :  "(1745,(1753,1757), i)",
"23" :  "(1745,1754, i)"},{ "Name" : "_decodeEscaped" ,
"Duas" : 55,
"0" :  "(1764,(1764,1765), this)",
"1" :  "(1764,(1764,1769), this)",
"2" :  "(1764,1769, this)",
"3" :  "(1764,1769, this)",
"4" :  "(1764,(1800,1801), this)",
"5" :  "(1764,(1800,1805), this)",
"6" :  "(1764,1805, this)",
"7" :  "(1764,1805, this)",
"8" :  "(1764,1808, this)",
"9" :  "(1764,(1801,1802), this)",
"10" :  "(1764,(1801,1805), this)",
"11" :  "(1764,1802, this)",
"12" :  "(1764,1794, this)",
"13" :  "(1764,(1765,1766), this)",
"14" :  "(1764,(1765,1769), this)",
"15" :  "(1764,1766, this)",
"16" :  "(1764,(1764,1765), this._inputEnd)",
"17" :  "(1764,(1764,1769), this._inputEnd)",
"18" :  "(1764,(1800,1801), this._inputEnd)",
"19" :  "(1764,(1800,1805), this._inputEnd)",
"20" :  "(1764,(1764,1765), this._inputPtr)",
"21" :  "(1764,(1764,1769), this._inputPtr)",
"22" :  "(1764,1769, this._inputPtr)",
"23" :  "(1764,1769, this._inputBuffer)",
"24" :  "(1764,1805, this._inputBuffer)",
"25" :  "(1769,(1800,1801), this._inputPtr)",
"26" :  "(1769,(1800,1805), this._inputPtr)",
"27" :  "(1769,1805, this._inputPtr)",
"28" :  "(1769,(1771,1794), c)",
"29" :  "(1769,(1771,1788), c)",
"30" :  "(1769,(1771,1774), c)",
"31" :  "(1769,(1771,1780), c)",
"32" :  "(1769,(1771,1778), c)",
"33" :  "(1769,(1771,1782), c)",
"34" :  "(1769,(1771,1776), c)",
"35" :  "(1769,(1771,1791), c)",
"36" :  "(1769,1788, c)",
"37" :  "(1769,1794, c)",
"38" :  "(1798,1812, value)",
"39" :  "(1798,1810, value)",
"40" :  "(1799,(1799,1800), i)",
"41" :  "(1799,(1799,1812), i)",
"42" :  "(1799,1799, i)",
"43" :  "(1805,(1800,1801), this._inputPtr)",
"44" :  "(1805,(1800,1805), this._inputPtr)",
"45" :  "(1805,1805, this._inputPtr)",
"46" :  "(1805,1808, ch)",
"47" :  "(1806,(1807,1808), digit)",
"48" :  "(1806,(1807,1810), digit)",
"49" :  "(1806,1810, digit)",
"50" :  "(1810,1812, value)",
"51" :  "(1810,1810, value)",
"52" :  "(1799,(1799,1800), i)",
"53" :  "(1799,(1799,1812), i)",
"54" :  "(1799,1799, i)"},{ "Name" : "_matchToken" ,
"Duas" : 63,
"0" :  "(1821,(1824,1825), this)",
"1" :  "(1821,(1824,1829), this)",
"2" :  "(1821,(1829,1830), this)",
"3" :  "(1821,(1829,1832), this)",
"4" :  "(1821,1832, this)",
"5" :  "(1821,(1836,1837), this)",
"6" :  "(1821,(1836,1841), this)",
"7" :  "(1821,1841, this)",
"8" :  "(1821,1847, this)",
"9" :  "(1821,(1837,1838), this)",
"10" :  "(1821,(1837,1841), this)",
"11" :  "(1821,1830, this)",
"12" :  "(1821,(1825,1826), this)",
"13" :  "(1821,(1825,1829), this)",
"14" :  "(1821,1826, this)",
"15" :  "(1821,(1829,1830), matchStr)",
"16" :  "(1821,(1829,1832), matchStr)",
"17" :  "(1821,1847, matchStr)",
"18" :  "(1821,1830, matchStr)",
"19" :  "(1821,1826, matchStr)",
"20" :  "(1821,(1829,1830), i)",
"21" :  "(1821,(1829,1832), i)",
"22" :  "(1821,1833, i)",
"23" :  "(1821,1830, i)",
"24" :  "(1821,1826, i)",
"25" :  "(1821,(1824,1825), this._inputEnd)",
"26" :  "(1821,(1824,1829), this._inputEnd)",
"27" :  "(1821,(1836,1837), this._inputEnd)",
"28" :  "(1821,(1836,1841), this._inputEnd)",
"29" :  "(1821,(1824,1825), this._inputPtr)",
"30" :  "(1821,(1824,1829), this._inputPtr)",
"31" :  "(1821,(1829,1830), this._inputPtr)",
"32" :  "(1821,(1829,1832), this._inputPtr)",
"33" :  "(1821,1832, this._inputPtr)",
"34" :  "(1821,(1829,1830), this._inputBuffer)",
"35" :  "(1821,(1829,1832), this._inputBuffer)",
"36" :  "(1821,1841, this._inputBuffer)",
"37" :  "(1821,(1833,1836), len)",
"38" :  "(1821,(1833,1824), len)",
"39" :  "(1832,(1824,1825), this._inputPtr)",
"40" :  "(1832,(1824,1829), this._inputPtr)",
"41" :  "(1832,(1829,1830), this._inputPtr)",
"42" :  "(1832,(1829,1832), this._inputPtr)",
"43" :  "(1832,1832, this._inputPtr)",
"44" :  "(1832,(1836,1837), this._inputPtr)",
"45" :  "(1832,(1836,1841), this._inputPtr)",
"46" :  "(1832,1841, this._inputPtr)",
"47" :  "(1833,(1833,1836), i)",
"48" :  "(1833,(1833,1824), i)",
"49" :  "(1833,(1829,1830), i)",
"50" :  "(1833,(1829,1832), i)",
"51" :  "(1833,1833, i)",
"52" :  "(1833,1830, i)",
"53" :  "(1833,1826, i)",
"54" :  "(1833,1847, i)",
"55" :  "(1841,(1842,1842), c)",
"56" :  "(1841,(1842,1843), c)",
"57" :  "(1841,(1842,1842), c)",
"58" :  "(1841,(1842,1843), c)",
"59" :  "(1841,(1842,1843), c)",
"60" :  "(1841,(1842,1846), c)",
"61" :  "(1841,(1846,1847), c)",
"62" :  "(1841,(1846,1849), c)"},{ "Name" : "_decodeBase64" ,
"Duas" : 145,
"0" :  "(1866,(1873,1874), this)",
"1" :  "(1866,(1873,1876), this)",
"2" :  "(1866,1876, this)",
"3" :  "(1866,1876, this)",
"4" :  "(1866,(1892,1893), this)",
"5" :  "(1866,(1892,1895), this)",
"6" :  "(1866,1895, this)",
"7" :  "(1866,1895, this)",
"8" :  "(1866,(1903,1904), this)",
"9" :  "(1866,(1903,1906), this)",
"10" :  "(1866,1906, this)",
"11" :  "(1866,1906, this)",
"12" :  "(1866,(1939,1940), this)",
"13" :  "(1866,(1939,1942), this)",
"14" :  "(1866,1942, this)",
"15" :  "(1866,1942, this)",
"16" :  "(1866,1952, this)",
"17" :  "(1866,1940, this)",
"18" :  "(1866,(1922,1923), this)",
"19" :  "(1866,(1922,1925), this)",
"20" :  "(1866,1925, this)",
"21" :  "(1866,1925, this)",
"22" :  "(1866,1927, this)",
"23" :  "(1866,1923, this)",
"24" :  "(1866,1918, this)",
"25" :  "(1866,1904, this)",
"26" :  "(1866,1898, this)",
"27" :  "(1866,1893, this)",
"28" :  "(1866,1883, this)",
"29" :  "(1866,1874, this)",
"30" :  "(1866,1878, b64variant)",
"31" :  "(1866,1896, b64variant)",
"32" :  "(1866,1907, b64variant)",
"33" :  "(1866,1943, b64variant)",
"34" :  "(1866,1952, b64variant)",
"35" :  "(1866,(1947,1948), b64variant)",
"36" :  "(1866,(1947,1952), b64variant)",
"37" :  "(1866,(1926,1927), b64variant)",
"38" :  "(1866,(1926,1930), b64variant)",
"39" :  "(1866,1927, b64variant)",
"40" :  "(1866,1918, b64variant)",
"41" :  "(1866,(1913,1914), b64variant)",
"42" :  "(1866,(1913,1918), b64variant)",
"43" :  "(1866,1898, b64variant)",
"44" :  "(1866,1883, b64variant)",
"45" :  "(1866,(1873,1874), this._inputEnd)",
"46" :  "(1866,(1873,1876), this._inputEnd)",
"47" :  "(1866,(1892,1893), this._inputEnd)",
"48" :  "(1866,(1892,1895), this._inputEnd)",
"49" :  "(1866,(1903,1904), this._inputEnd)",
"50" :  "(1866,(1903,1906), this._inputEnd)",
"51" :  "(1866,(1939,1940), this._inputEnd)",
"52" :  "(1866,(1939,1942), this._inputEnd)",
"53" :  "(1866,(1922,1923), this._inputEnd)",
"54" :  "(1866,(1922,1925), this._inputEnd)",
"55" :  "(1866,(1873,1874), this._inputPtr)",
"56" :  "(1866,(1873,1876), this._inputPtr)",
"57" :  "(1866,1876, this._inputPtr)",
"58" :  "(1866,1876, this._inputBuffer)",
"59" :  "(1866,1895, this._inputBuffer)",
"60" :  "(1866,1906, this._inputBuffer)",
"61" :  "(1866,1942, this._inputBuffer)",
"62" :  "(1866,1925, this._inputBuffer)",
"63" :  "(1866,1968, builder)",
"64" :  "(1866,1961, builder)",
"65" :  "(1866,1949, builder)",
"66" :  "(1866,1950, builder)",
"67" :  "(1866,1931, builder)",
"68" :  "(1866,1915, builder)",
"69" :  "(1866,1916, builder)",
"70" :  "(1866,1881, builder)",
"71" :  "(1876,(1873,1874), this._inputPtr)",
"72" :  "(1876,(1873,1876), this._inputPtr)",
"73" :  "(1876,1876, this._inputPtr)",
"74" :  "(1876,(1892,1893), this._inputPtr)",
"75" :  "(1876,(1892,1895), this._inputPtr)",
"76" :  "(1876,1895, this._inputPtr)",
"77" :  "(1876,(1877,1878), ch)",
"78" :  "(1876,(1877,1873), ch)",
"79" :  "(1876,1878, ch)",
"80" :  "(1876,(1880,1881), ch)",
"81" :  "(1876,(1880,1883), ch)",
"82" :  "(1876,1883, ch)",
"83" :  "(1878,(1879,1880), bits)",
"84" :  "(1878,(1879,1888), bits)",
"85" :  "(1878,1888, bits)",
"86" :  "(1883,(1884,1885), bits)",
"87" :  "(1883,(1884,1888), bits)",
"88" :  "(1883,1888, bits)",
"89" :  "(1888,1900, decodedData)",
"90" :  "(1895,(1903,1904), this._inputPtr)",
"91" :  "(1895,(1903,1906), this._inputPtr)",
"92" :  "(1895,1906, this._inputPtr)",
"93" :  "(1895,1898, ch)",
"94" :  "(1896,(1897,1898), bits)",
"95" :  "(1896,(1897,1900), bits)",
"96" :  "(1896,1900, bits)",
"97" :  "(1898,1900, bits)",
"98" :  "(1900,1937, decodedData)",
"99" :  "(1900,1930, decodedData)",
"100" :  "(1900,1914, decodedData)",
"101" :  "(1906,(1939,1940), this._inputPtr)",
"102" :  "(1906,(1939,1942), this._inputPtr)",
"103" :  "(1906,1942, this._inputPtr)",
"104" :  "(1906,(1922,1923), this._inputPtr)",
"105" :  "(1906,(1922,1925), this._inputPtr)",
"106" :  "(1906,1925, this._inputPtr)",
"107" :  "(1906,(1913,1913), ch)",
"108" :  "(1906,(1913,1918), ch)",
"109" :  "(1906,1918, ch)",
"110" :  "(1907,(1910,1911), bits)",
"111" :  "(1907,(1910,1937), bits)",
"112" :  "(1907,1937, bits)",
"113" :  "(1907,(1911,1913), bits)",
"114" :  "(1907,(1911,1920), bits)",
"115" :  "(1907,(1920,1922), bits)",
"116" :  "(1907,(1920,1937), bits)",
"117" :  "(1918,(1920,1922), bits)",
"118" :  "(1918,(1920,1937), bits)",
"119" :  "(1918,1937, bits)",
"120" :  "(1925,(1873,1874), this._inputPtr)",
"121" :  "(1925,(1873,1876), this._inputPtr)",
"122" :  "(1925,1876, this._inputPtr)",
"123" :  "(1925,(1926,1927), ch)",
"124" :  "(1925,(1926,1930), ch)",
"125" :  "(1925,1927, ch)",
"126" :  "(1937,1967, decodedData)",
"127" :  "(1937,1960, decodedData)",
"128" :  "(1937,1948, decodedData)",
"129" :  "(1942,(1873,1874), this._inputPtr)",
"130" :  "(1942,(1873,1876), this._inputPtr)",
"131" :  "(1942,1876, this._inputPtr)",
"132" :  "(1942,(1947,1947), ch)",
"133" :  "(1942,(1947,1952), ch)",
"134" :  "(1942,1952, ch)",
"135" :  "(1943,(1944,1945), bits)",
"136" :  "(1943,(1944,1967), bits)",
"137" :  "(1943,1967, bits)",
"138" :  "(1943,(1945,1947), bits)",
"139" :  "(1943,(1945,1954), bits)",
"140" :  "(1943,(1954,1960), bits)",
"141" :  "(1943,(1954,1967), bits)",
"142" :  "(1952,(1954,1960), bits)",
"143" :  "(1952,(1954,1967), bits)",
"144" :  "(1952,1967, bits)"},{ "Name" : "_reportInvalidToken" ,
"Duas" : 23,
"0" :  "(1986,(1992,1993), this)",
"1" :  "(1986,(1992,1997), this)",
"2" :  "(1986,1997, this)",
"3" :  "(1986,2001, this)",
"4" :  "(1986,2004, this)",
"5" :  "(1986,(1993,1994), this)",
"6" :  "(1986,(1993,1997), this)",
"7" :  "(1986,(1992,1993), this._inputEnd)",
"8" :  "(1986,(1992,1997), this._inputEnd)",
"9" :  "(1986,(1992,1993), this._inputPtr)",
"10" :  "(1986,(1992,1997), this._inputPtr)",
"11" :  "(1986,1997, this._inputPtr)",
"12" :  "(1986,2001, this._inputPtr)",
"13" :  "(1986,1997, this._inputBuffer)",
"14" :  "(1986,2002, sb)",
"15" :  "(1986,2004, sb)",
"16" :  "(1997,(1998,1999), c)",
"17" :  "(1997,(1998,2001), c)",
"18" :  "(1997,2002, c)",
"19" :  "(2001,(1992,1993), this._inputPtr)",
"20" :  "(2001,(1992,1997), this._inputPtr)",
"21" :  "(2001,1997, this._inputPtr)",
"22" :  "(2001,2001, this._inputPtr)"}]
}