Number of Variables;13;
Variables:;
0;;this;
1;;model;
2;;model.steps;
3;;this.steps;
4;;model.initialTime;
5;;this.forward;
6;;model.forward;
7;;PROPAGATION_DIRECTION_MISMATCH;
8;;this.index;
9;;HOLE_BETWEEN_MODELS_TIME_RANGES;
10;;step;
11;;gap;
12;;i$;

Number of Block duas;46;
Line Duas for method; append;
Number;Def Line; Origin Line; Use Line; Var Id; Var Name;
1;133;137;138;0;this;
2;133;137;142;0;this;
3;133;142;143;0;this;
4;133;142;147;0;this;
5;133;147;148;0;this;
6;133;147;151;0;this;
7;133;;151;0;this;
8;133;;167;0;this;
9;133;;168;0;this;
10;133;;164;0;this;
11;133;;143;0;this;
12;133;;138;0;this;
13;133;;139;0;this;
14;133;133;134;1;model;
15;133;133;137;1;model;
16;133;142;143;1;model;
17;133;142;147;1;model;
18;133;147;148;1;model;
19;133;147;151;1;model;
20;133;;155;1;model;
21;133;;163;1;model;
22;133;;143;1;model;
23;133;;138;1;model;
24;133;;139;1;model;
25;133;133;134;2;model.steps;
26;133;133;137;2;model.steps;
27;133;;163;2;model.steps;
28;133;137;138;3;this.steps;
29;133;137;142;3;this.steps;
30;133;;151;3;this.steps;
31;133;;167;3;this.steps;
32;133;;168;3;this.steps;
33;133;;164;3;this.steps;
34;133;;138;5;model.initialTime;
35;133;147;148;6;this.forward;
36;133;147;151;6;this.forward;
37;133;147;148;7;model.forward;
38;133;147;151;7;model.forward;
39;133;;139;7;model.forward;
40;133;;148;8;PROPAGATION_DIRECTION_MISMATCH;
41;133;;151;10;this.index;
42;133;;157;15;HOLE_BETWEEN_MODELS_TIME_RANGES;
43;154;156;157;13;step;
44;154;156;163;13;step;
45;155;156;157;14;gap;
46;155;156;163;14;gap;
47;155;;157;14;gap;
48;163;163;163;9;i$;
49;163;163;167;9;i$;
50;163;;163;9;i$;

Block Duas for method; append;
Number;Def Block; Origin Block; Use Block; Var Id; Var Name;
1;0;1;12;0;this;
;133;137;138;0;this;
2;0;1;2;0;this;
;133;137;142;0;this;
3;0;2;11;0;this;
;133;142;143;0;this;
4;0;2;3;0;this;
;133;142;147;0;this;
5;0;3;10;0;this;
;133;147;148;0;this;
6;0;3;4;0;this;
;133;147;151;0;this;
7;0;;4;0;this;
;133;;151;0;this;
8;0;;7;0;this;
;133;;167;0;this;
;133;;168;0;this;
9;0;;8;0;this;
;133;;164;0;this;
10;0;;11;0;this;
;133;;143;0;this;
11;0;;12;0;this;
;133;;138;0;this;
;133;;139;0;this;
12;0;0;13;1;model;
;133;133;134;1;model;
13;0;0;1;1;model;
;133;133;137;1;model;
14;0;2;11;1;model;
;133;142;143;1;model;
15;0;2;3;1;model;
;133;142;147;1;model;
16;0;3;10;1;model;
;133;147;148;1;model;
17;0;3;4;1;model;
;133;147;151;1;model;
18;0;;4;1;model;
;133;;155;1;model;
19;0;;5;1;model;
;133;;163;1;model;
20;0;;11;1;model;
;133;;143;1;model;
21;0;;12;1;model;
;133;;138;1;model;
;133;;139;1;model;
22;0;0;13;2;model.steps;
;133;133;134;2;model.steps;
23;0;0;1;2;model.steps;
;133;133;137;2;model.steps;
24;0;;5;2;model.steps;
;133;;163;2;model.steps;
25;0;1;12;3;this.steps;
;133;137;138;3;this.steps;
26;0;1;2;3;this.steps;
;133;137;142;3;this.steps;
27;0;;4;3;this.steps;
;133;;151;3;this.steps;
28;0;;7;3;this.steps;
;133;;167;3;this.steps;
;133;;168;3;this.steps;
29;0;;8;3;this.steps;
;133;;164;3;this.steps;
30;0;;12;4;model.initialTime;
;133;;138;5;model.initialTime;
31;0;3;10;5;this.forward;
;133;147;148;6;this.forward;
32;0;3;4;5;this.forward;
;133;147;151;6;this.forward;
33;0;3;10;6;model.forward;
;133;147;148;7;model.forward;
34;0;3;4;6;model.forward;
;133;147;151;7;model.forward;
35;0;;12;6;model.forward;
;133;;139;7;model.forward;
36;0;;10;7;PROPAGATION_DIRECTION_MISMATCH;
;133;;148;8;PROPAGATION_DIRECTION_MISMATCH;
37;0;;4;8;this.index;
;133;;151;10;this.index;
38;0;;9;9;HOLE_BETWEEN_MODELS_TIME_RANGES;
;133;;157;15;HOLE_BETWEEN_MODELS_TIME_RANGES;
39;4;4;9;10;step;
;154;156;157;13;step;
40;4;4;5;10;step;
;154;156;163;13;step;
41;4;4;9;11;gap;
;155;156;157;14;gap;
42;4;4;5;11;gap;
;155;156;163;14;gap;
43;4;;9;11;gap;
;155;;157;14;gap;
44;5;6;8;12;i$;
;163;163;163;9;i$;
45;5;6;7;12;i$;
;163;163;167;9;i$;
46;5;;8;12;i$;
;163;;163;9;i$;
