{
"Class" : "br.usp.each.sfl.Max", 
"Methods" : [{ "Name" : "max" ,
"Duas" : 26,
"0" :  "(6,(10,11), array)",
"1" :  "(6,(10,12), array)",
"2" :  "(6,11, array)",
"3" :  "(6,(8,10), length)",
"4" :  "(6,(8,14), length)",
"5" :  "(6,14, out)",
"6" :  "(7,(8,10), i)",
"7" :  "(7,(8,14), i)",
"8" :  "(7,(10,11), i)",
"9" :  "(7,(10,12), i)",
"10" :  "(7,12, i)",
"11" :  "(7,11, i)",
"12" :  "(7,14, max)",
"13" :  "(7,15, max)",
"14" :  "(7,(10,11), max)",
"15" :  "(7,(10,12), max)",
"16" :  "(11,14, max)",
"17" :  "(11,15, max)",
"18" :  "(11,(10,11), max)",
"19" :  "(11,(10,12), max)",
"20" :  "(12,(8,10), i)",
"21" :  "(12,(8,14), i)",
"22" :  "(12,(10,11), i)",
"23" :  "(12,(10,12), i)",
"24" :  "(12,12, i)",
"25" :  "(12,11, i)"}]
}