<?xml version="1.0" encoding="UTF-8" standalone="yes"?><report><class name="max/Max"><method name="max" desc="([II)I"><du var="array" def="7" use="11" target="12" covered="1"/><du var="array" def="7" use="11" target="13" covered="1"/><du var="array" def="7" use="12" covered="1"/><du var="length" def="7" use="9" target="11" covered="1"/><du var="length" def="7" use="9" target="15" covered="1"/><du var="i" def="8" use="9" target="11" covered="1"/><du var="i" def="8" use="9" target="15" covered="0"/><du var="i" def="8" use="11" target="12" covered="0"/><du var="i" def="8" use="11" target="13" covered="1"/><du var="i" def="8" use="13" covered="1"/><du var="i" def="8" use="12" covered="0"/><du var="max" def="8" use="15" covered="1"/><du var="max" def="8" use="11" target="12" covered="1"/><du var="max" def="8" use="11" target="13" covered="1"/><du var="max" def="12" use="15" covered="1"/><du var="max" def="12" use="11" target="12" covered="0"/><du var="max" def="12" use="11" target="13" covered="0"/><du var="i" def="13" use="9" target="11" covered="1"/><du var="i" def="13" use="9" target="15" covered="1"/><du var="i" def="13" use="11" target="12" covered="1"/><du var="i" def="13" use="11" target="13" covered="1"/><du var="i" def="13" use="13" covered="1"/><du var="i" def="13" use="12" covered="1"/><counter type="DU" missed="5" covered="18"/><counter type="METHOD" missed="0" covered="1"/></method><counter type="DU" missed="5" covered="18"/><counter type="METHOD" missed="0" covered="1"/><counter type="CLASS" missed="0" covered="1"/></class><counter type="DU" missed="5" covered="18"/><counter type="METHOD" missed="0" covered="1"/><counter type="CLASS" missed="0" covered="1"/></report>