Number of Variables;7;
Variables:;
0;;this;
1;;i;
2;;ALLOW_SINGLE_QUOTES;
3;;ALLOW_NON_NUMERIC_NUMBERS;
4;;this._inputEnd;
5;;this._inputPtr;
6;;this._inputBuffer;

Number of Block duas;42;
Line Duas for method; _handleUnexpectedValue;
Number;Def Line; Origin Line; Use Line; Var Id; Var Name;
1;1352;;1366;0;this;
2;1352;1367;1368;0;this;
3;1352;1367;1370;0;this;
4;1352;;1370;0;this;
5;1352;;1368;0;this;
6;1352;;1373;0;this;
7;1352;1374;1375;0;this;
8;1352;1374;1377;0;this;
9;1352;;1377;0;this;
10;1352;;1375;0;this;
11;1352;1380;1381;0;this;
12;1352;1380;1385;0;this;
13;1352;;1385;0;this;
14;1352;;1385;0;this;
15;1352;1381;1382;0;this;
16;1352;1381;1385;0;this;
17;1352;;1382;0;this;
18;1352;1361;1362;0;this;
19;1352;1361;1388;0;this;
20;1352;;1362;0;this;
21;1352;;1392;0;this;
22;1352;;1389;0;this;
23;1352;1352;1388;1;i;
24;1352;1352;1361;1;i;
25;1352;1352;1380;1;i;
26;1352;1352;1373;1;i;
27;1352;1352;1366;1;i;
28;1352;1388;1389;1;i;
29;1352;1388;1392;1;i;
30;1352;;1392;1;i;
31;1352;;1389;1;i;
32;1352;1361;1362;2;ALLOW_SINGLE_QUOTES;
33;1352;1361;1388;2;ALLOW_SINGLE_QUOTES;
34;1352;1367;1368;3;ALLOW_NON_NUMERIC_NUMBERS;
35;1352;1367;1370;3;ALLOW_NON_NUMERIC_NUMBERS;
36;1352;1374;1375;3;ALLOW_NON_NUMERIC_NUMBERS;
37;1352;1374;1377;3;ALLOW_NON_NUMERIC_NUMBERS;
38;1352;1380;1381;4;this._inputEnd;
39;1352;1380;1385;4;this._inputEnd;
40;1352;1380;1381;5;this._inputPtr;
41;1352;1380;1385;5;this._inputPtr;
42;1352;;1385;5;this._inputPtr;
43;1352;;1385;6;this._inputBuffer;

Block Duas for method; _handleUnexpectedValue;
Number;Def Block; Origin Block; Use Block; Var Id; Var Name;
1;0;;1;0;this;
;1352;;1366;0;this;
2;0;1;3;0;this;
;1352;1367;1368;0;this;
3;0;1;2;0;this;
;1352;1367;1370;0;this;
4;0;;2;0;this;
;1352;;1370;0;this;
5;0;;3;0;this;
;1352;;1368;0;this;
6;0;;4;0;this;
;1352;;1373;0;this;
7;0;4;6;0;this;
;1352;1374;1375;0;this;
8;0;4;5;0;this;
;1352;1374;1377;0;this;
9;0;;5;0;this;
;1352;;1377;0;this;
10;0;;6;0;this;
;1352;;1375;0;this;
11;0;7;9;0;this;
;1352;1380;1381;0;this;
12;0;7;8;0;this;
;1352;1380;1385;0;this;
13;0;;8;0;this;
;1352;;1385;0;this;
;1352;;1385;0;this;
14;0;9;10;0;this;
;1352;1381;1382;0;this;
15;0;9;8;0;this;
;1352;1381;1385;0;this;
16;0;;10;0;this;
;1352;;1382;0;this;
17;0;11;12;0;this;
;1352;1361;1362;0;this;
18;0;11;13;0;this;
;1352;1361;1388;0;this;
19;0;;12;0;this;
;1352;;1362;0;this;
20;0;;14;0;this;
;1352;;1392;0;this;
21;0;;15;0;this;
;1352;;1389;0;this;
22;0;0;13;1;i;
;1352;1352;1388;1;i;
23;0;0;11;1;i;
;1352;1352;1361;1;i;
24;0;0;7;1;i;
;1352;1352;1380;1;i;
25;0;0;4;1;i;
;1352;1352;1373;1;i;
26;0;0;1;1;i;
;1352;1352;1366;1;i;
27;0;13;15;1;i;
;1352;1388;1389;1;i;
28;0;13;14;1;i;
;1352;1388;1392;1;i;
29;0;;14;1;i;
;1352;;1392;1;i;
30;0;;15;1;i;
;1352;;1389;1;i;
31;0;11;12;2;ALLOW_SINGLE_QUOTES;
;1352;1361;1362;2;ALLOW_SINGLE_QUOTES;
32;0;11;13;2;ALLOW_SINGLE_QUOTES;
;1352;1361;1388;2;ALLOW_SINGLE_QUOTES;
33;0;1;3;3;ALLOW_NON_NUMERIC_NUMBERS;
;1352;1367;1368;3;ALLOW_NON_NUMERIC_NUMBERS;
34;0;1;2;3;ALLOW_NON_NUMERIC_NUMBERS;
;1352;1367;1370;3;ALLOW_NON_NUMERIC_NUMBERS;
35;0;4;6;3;ALLOW_NON_NUMERIC_NUMBERS;
;1352;1374;1375;3;ALLOW_NON_NUMERIC_NUMBERS;
36;0;4;5;3;ALLOW_NON_NUMERIC_NUMBERS;
;1352;1374;1377;3;ALLOW_NON_NUMERIC_NUMBERS;
37;0;7;9;4;this._inputEnd;
;1352;1380;1381;4;this._inputEnd;
38;0;7;8;4;this._inputEnd;
;1352;1380;1385;4;this._inputEnd;
39;0;7;9;5;this._inputPtr;
;1352;1380;1381;5;this._inputPtr;
40;0;7;8;5;this._inputPtr;
;1352;1380;1385;5;this._inputPtr;
41;0;;8;5;this._inputPtr;
;1352;;1385;5;this._inputPtr;
42;0;;8;6;this._inputBuffer;
;1352;;1385;6;this._inputBuffer;
