{
"Class" : "com.fasterxml.jackson.core.json.ReaderBasedJsonParser", 
"Methods" : [{ "Name" : "releaseBuffered" ,
"Duas" : "9" ,
"Subsumers" : 2,
"0" : [ 7, 8, 6, 4, 3, 2, 0, 1], "S0" : [0, 1, 2, 3, 4, 6, 7, 8 ],
"1" : [ 5], "S1" : [5 ]
},{ "Name" : "loadMore" ,
"Duas" : "17" ,
"Subsumers" : 4,
"0" : [ 14, 7, 4], "S0" : [0, 2, 3, 4, 7, 8, 10, 11, 13, 14 ],
"1" : [ 15], "S1" : [0, 2, 3, 8, 10, 11, 13, 15 ],
"2" : [ 16, 12, 5, 6], "S2" : [0, 2, 5, 6, 8, 10, 11, 12, 16 ],
"3" : [ 9, 1], "S3" : [1, 9 ]
},{ "Name" : "getNextChar" ,
"Duas" : "14" ,
"Subsumers" : 3,
"0" : [ 7, 6, 4], "S0" : [0, 2, 3, 4, 6, 7, 8, 10, 12, 13 ],
"1" : [ 5], "S1" : [0, 2, 3, 5, 8, 10, 12, 13 ],
"2" : [ 11, 9, 1], "S2" : [1, 2, 3, 9, 11, 12, 13 ]
},{ "Name" : "_closeInput" ,
"Duas" : "15" ,
"Subsumers" : 4,
"0" : [ 13, 6], "S0" : [0, 2, 4, 5, 6, 8, 10, 11, 13 ],
"1" : [ 14, 7], "S1" : [0, 2, 5, 7, 8, 11, 14 ],
"2" : [ 12, 3], "S2" : [0, 3, 4, 5, 8, 10, 12 ],
"3" : [ 9, 1], "S3" : [1, 9 ]
},{ "Name" : "_releaseBuffers" ,
"Duas" : "6" ,
"Subsumers" : 2,
"0" : [ 5, 3, 2, 0, 1], "S0" : [0, 1, 2, 3, 5 ],
"1" : [ 4], "S1" : [4 ]
},{ "Name" : "getText" ,
"Duas" : "14" ,
"Subsumers" : 3,
"0" : [ 13, 12, 7, 0], "S0" : [0, 7, 12, 13 ],
"1" : [ 8, 4, 5, 1], "S1" : [1, 3, 4, 5, 6, 8, 10, 11 ],
"2" : [ 9, 2], "S2" : [2, 3, 6, 9, 10, 11 ]
},{ "Name" : "getValueAsString" ,
"Duas" : "15" ,
"Subsumers" : 3,
"0" : [ 12, 6, 7, 3], "S0" : [0, 3, 5, 6, 7, 8, 10, 12, 14 ],
"1" : [ 13, 4], "S1" : [0, 4, 5, 8, 10, 13, 14 ],
"2" : [ 11, 9, 2, 1], "S2" : [1, 2, 9, 11 ]
},{ "Name" : "getValueAsString" ,
"Duas" : "16" ,
"Subsumers" : 3,
"0" : [ 13, 6, 7, 3], "S0" : [0, 3, 5, 6, 7, 9, 11, 13, 15 ],
"1" : [ 14, 4], "S1" : [0, 4, 5, 9, 11, 14, 15 ],
"2" : [ 12, 10, 8, 2, 1], "S2" : [1, 2, 8, 10, 12 ]
},{ "Name" : "_getText2" ,
"Duas" : "13" ,
"Subsumers" : 4,
"0" : [ 12, 10, 6, 0], "S0" : [0, 3, 6, 10, 12 ],
"1" : [ 11, 9, 5, 1], "S1" : [1, 3, 5, 9, 11 ],
"2" : [ 2], "S2" : [2 ],
"3" : [ 8, 7, 4], "S3" : [3, 4, 7, 8 ]
},{ "Name" : "getTextCharacters" ,
"Duas" : "58" ,
"Subsumers" : 9,
"0" : [ 31, 30, 26, 23, 2], "S0" : [0, 2, 23, 24, 26, 30, 31 ],
"1" : [ 55, 54, 53, 44, 39, 22, 15], "S1" : [0, 3, 11, 13, 14, 15, 19, 20, 22, 24, 27, 32, 35, 37, 39, 44, 48, 51, 53, 54, 55 ],
"2" : [ 57, 56, 52, 49, 41, 21, 17], "S2" : [0, 3, 11, 13, 14, 16, 17, 19, 20, 21, 24, 27, 32, 35, 37, 40, 41, 48, 49, 51, 52, 56, 57 ],
"3" : [ 50, 43, 42, 18], "S3" : [0, 3, 11, 13, 14, 16, 18, 19, 20, 24, 27, 32, 35, 37, 38, 40, 42, 43, 48, 50, 51 ],
"4" : [ 36, 12], "S4" : [0, 3, 12, 13, 24, 27, 32, 36, 38 ],
"5" : [ 45, 9, 10, 7], "S5" : [0, 4, 6, 7, 9, 10, 24, 28, 33, 45, 47 ],
"6" : [ 46, 8], "S6" : [0, 4, 6, 8, 24, 28, 33, 46, 47 ],
"7" : [ 34, 29, 5], "S7" : [0, 5, 6, 24, 29, 34, 47 ],
"8" : [ 25, 1], "S8" : [1, 25 ]
},{ "Name" : "getTextLength" ,
"Duas" : "28" ,
"Subsumers" : 6,
"0" : [ 20, 19, 15, 12, 2], "S0" : [0, 2, 12, 13, 15, 19, 20 ],
"1" : [ 24, 21, 16, 11, 3], "S1" : [0, 3, 11, 13, 16, 21, 24 ],
"2" : [ 25, 9, 10, 7], "S2" : [0, 4, 6, 7, 9, 10, 13, 17, 22, 25, 27 ],
"3" : [ 26, 8], "S3" : [0, 4, 6, 8, 13, 17, 22, 26, 27 ],
"4" : [ 23, 18, 5], "S4" : [0, 5, 6, 13, 18, 23, 27 ],
"5" : [ 14, 1], "S5" : [1, 14 ]
},{ "Name" : "getTextOffset" ,
"Duas" : "24" ,
"Subsumers" : 6,
"0" : [ 17, 13, 2], "S0" : [0, 2, 11, 13, 17 ],
"1" : [ 18, 14, 3], "S1" : [0, 3, 11, 14, 18 ],
"2" : [ 21, 9, 10, 7], "S2" : [0, 4, 6, 7, 9, 10, 11, 15, 19, 21, 23 ],
"3" : [ 22, 8], "S3" : [0, 4, 6, 8, 11, 15, 19, 22, 23 ],
"4" : [ 20, 16, 5], "S4" : [0, 5, 6, 11, 16, 20, 23 ],
"5" : [ 12, 1], "S5" : [1, 12 ]
},{ "Name" : "getBinaryValue" ,
"Duas" : "37" ,
"Subsumers" : 7,
"0" : [ 31, 15], "S0" : [0, 6, 12, 14, 15, 19, 21, 23, 25, 26, 31 ],
"1" : [ 32, 16], "S1" : [0, 6, 12, 16, 19, 21, 23, 26, 32 ],
"2" : [ 27, 24, 13], "S2" : [0, 6, 13, 14, 19, 21, 24, 25, 27 ],
"3" : [ 22, 20, 1], "S3" : [1, 6, 20, 22 ],
"4" : [ 35, 33, 18, 10, 11, 2], "S4" : [2, 6, 10, 11, 18, 33, 35 ],
"5" : [ 36, 28, 17, 7, 8, 9, 4], "S5" : [3, 4, 6, 7, 8, 9, 17, 28, 34, 36 ],
"6" : [ 30, 29, 5], "S6" : [3, 5, 6, 29, 30, 34 ]
},{ "Name" : "readBinaryValue" ,
"Duas" : "20" ,
"Subsumers" : 3,
"0" : [ 16, 14, 3], "S0" : [0, 2, 3, 8, 10, 12, 14, 16 ],
"1" : [ 18, 19, 17, 15, 11, 9, 5, 6, 7, 4], "S1" : [0, 4, 5, 6, 7, 9, 11, 12, 15, 17, 18, 19 ],
"2" : [ 13, 1], "S2" : [1, 2, 8, 10, 13 ]
},{ "Name" : "_readBinary" ,
"Duas" : "225" ,
"Subsumers" : 81,
"0" : [ 69], "S0" : [0, 2, 3, 30, 31, 59, 69, 71, 72, 101, 103 ],
"1" : [ 95], "S1" : [0, 2, 3, 30, 31, 59, 71, 72, 95, 97, 101, 103 ],
"2" : [ 156], "S2" : [0, 2, 3, 6, 7, 10, 11, 21, 22, 30, 31, 32, 33, 39, 56, 59, 71, 72, 73, 74, 76, 100, 101, 103, 121, 124, 131, 138, 142, 156, 158, 160 ],
"3" : [ 178], "S3" : [0, 2, 3, 6, 7, 10, 11, 14, 15, 30, 31, 32, 33, 34, 59, 71, 72, 73, 74, 75, 100, 101, 103, 121, 124, 130, 135, 178, 180 ],
"4" : [ 70], "S4" : [1, 2, 3, 31, 60, 70, 71, 72, 101, 103 ],
"5" : [ 96], "S5" : [1, 2, 3, 31, 60, 71, 72, 96, 97, 101, 103 ],
"6" : [ 157], "S6" : [1, 2, 3, 6, 7, 10, 11, 21, 22, 31, 32, 33, 39, 56, 60, 71, 72, 73, 74, 76, 100, 101, 103, 121, 124, 131, 138, 142, 157, 158, 160 ],
"7" : [ 179], "S7" : [1, 2, 3, 6, 7, 10, 11, 14, 15, 31, 32, 33, 34, 60, 71, 72, 73, 74, 75, 100, 101, 103, 121, 124, 130, 135, 179, 180 ],
"8" : [ 98, 61, 28, 4], "S8" : [2, 3, 4, 6, 7, 10, 11, 28, 31, 32, 33, 61, 71, 72, 73, 74, 98, 100, 101, 103, 121, 124 ],
"9" : [ 99, 62, 5], "S9" : [2, 3, 5, 6, 7, 10, 11, 31, 32, 33, 62, 71, 72, 73, 74, 99, 100, 101, 103, 121, 124 ],
"10" : [ 122, 63, 26, 8], "S10" : [2, 3, 6, 7, 8, 10, 11, 26, 31, 32, 33, 63, 71, 72, 73, 74, 100, 101, 103, 121, 122, 124 ],
"11" : [ 123, 64, 9], "S11" : [2, 3, 6, 7, 9, 10, 11, 31, 32, 33, 64, 71, 72, 73, 74, 100, 101, 103, 121, 123, 124 ],
"12" : [ 133, 65, 18, 12], "S12" : [2, 3, 6, 7, 10, 11, 12, 14, 15, 18, 31, 32, 33, 34, 65, 71, 72, 73, 74, 75, 100, 101, 103, 121, 124, 130, 133, 135 ],
"13" : [ 134, 66, 13], "S13" : [2, 3, 6, 7, 10, 11, 13, 14, 15, 31, 32, 33, 34, 66, 71, 72, 73, 74, 75, 100, 101, 103, 121, 124, 130, 134, 135 ],
"14" : [ 37], "S14" : [2, 3, 6, 7, 10, 11, 14, 15, 16, 31, 32, 33, 34, 35, 37, 71, 72, 73, 74, 75, 100, 101, 103, 121, 124, 130, 135, 180, 181, 183, 184, 187 ],
"15" : [ 182], "S15" : [2, 3, 6, 7, 10, 11, 14, 15, 16, 31, 32, 33, 34, 35, 71, 72, 73, 74, 75, 100, 101, 103, 121, 124, 130, 135, 180, 182, 183, 184, 187 ],
"16" : [ 195], "S16" : [2, 3, 6, 7, 10, 11, 14, 15, 16, 31, 32, 33, 34, 35, 51, 52, 71, 72, 73, 74, 75, 100, 101, 103, 121, 124, 130, 135, 176, 180, 183, 184, 187, 195 ],
"17" : [ 197, 196], "S17" : [2, 3, 6, 7, 10, 11, 14, 15, 16, 31, 32, 33, 34, 35, 48, 49, 50, 71, 72, 73, 74, 75, 100, 101, 103, 121, 124, 130, 135, 175, 180, 183, 184, 187, 196, 197 ],
"18" : [ 81], "S18" : [2, 3, 6, 7, 10, 11, 14, 15, 17, 31, 32, 33, 34, 36, 53, 54, 71, 72, 73, 74, 75, 78, 81, 91, 100, 101, 103, 121, 124, 130, 135, 177, 181, 184, 187 ],
"19" : [ 118], "S19" : [2, 3, 6, 7, 10, 11, 14, 15, 17, 31, 32, 33, 34, 36, 47, 53, 54, 58, 71, 72, 73, 74, 75, 90, 94, 100, 101, 103, 118, 121, 124, 130, 135, 177, 181, 184, 187 ],
"20" : [ 166], "S20" : [2, 3, 6, 7, 10, 11, 14, 15, 17, 21, 22, 31, 32, 33, 34, 36, 39, 53, 54, 56, 71, 72, 73, 74, 75, 76, 91, 100, 101, 103, 121, 124, 130, 131, 135, 138, 142, 158, 160, 163, 166, 177, 181, 184, 187 ],
"21" : [ 193, 194, 191], "S21" : [2, 3, 6, 7, 10, 11, 14, 15, 17, 31, 32, 33, 34, 36, 46, 53, 54, 55, 71, 72, 73, 74, 75, 100, 101, 103, 121, 124, 130, 135, 177, 181, 184, 187, 191, 193, 194, 224 ],
"22" : [ 192], "S22" : [2, 3, 6, 7, 10, 11, 14, 15, 17, 31, 32, 33, 34, 36, 53, 54, 71, 72, 73, 74, 75, 100, 101, 103, 121, 124, 130, 135, 177, 181, 184, 187, 192 ],
"23" : [ 202], "S23" : [2, 3, 6, 7, 10, 11, 14, 15, 17, 31, 32, 33, 34, 36, 51, 52, 53, 54, 71, 72, 73, 74, 75, 91, 100, 101, 103, 121, 124, 130, 135, 176, 177, 180, 181, 184, 187, 199, 202 ],
"24" : [ 215], "S24" : [2, 3, 6, 7, 10, 11, 14, 15, 17, 31, 32, 33, 34, 36, 48, 49, 50, 53, 54, 71, 72, 73, 74, 75, 91, 100, 101, 103, 121, 124, 130, 135, 175, 177, 180, 181, 184, 187, 212, 215 ],
"25" : [ 79], "S25" : [2, 3, 6, 7, 10, 11, 14, 15, 31, 32, 33, 34, 48, 49, 50, 71, 72, 73, 74, 75, 78, 79, 91, 100, 101, 103, 121, 124, 130, 135, 175, 180 ],
"26" : [ 116], "S26" : [2, 3, 6, 7, 10, 11, 14, 15, 31, 32, 33, 34, 47, 48, 49, 50, 58, 71, 72, 73, 74, 75, 90, 94, 100, 101, 103, 116, 121, 124, 130, 135, 175, 180 ],
"27" : [ 164], "S27" : [2, 3, 6, 7, 10, 11, 14, 15, 21, 22, 31, 32, 33, 34, 39, 48, 49, 50, 56, 71, 72, 73, 74, 75, 76, 91, 100, 101, 103, 121, 124, 130, 131, 135, 138, 142, 158, 160, 163, 164, 175, 180 ],
"28" : [ 185], "S28" : [2, 3, 6, 7, 10, 11, 14, 15, 31, 32, 33, 34, 48, 49, 50, 71, 72, 73, 74, 75, 100, 101, 103, 121, 124, 130, 135, 175, 180, 185, 186 ],
"29" : [ 190], "S29" : [2, 3, 6, 7, 10, 11, 14, 15, 31, 32, 33, 34, 48, 49, 50, 71, 72, 73, 74, 75, 100, 101, 103, 121, 124, 130, 135, 175, 180, 184, 186, 188, 190 ],
"30" : [ 200], "S30" : [2, 3, 6, 7, 10, 11, 14, 15, 31, 32, 33, 34, 48, 49, 50, 51, 52, 71, 72, 73, 74, 75, 91, 100, 101, 103, 121, 124, 130, 135, 175, 176, 180, 184, 199, 200 ],
"31" : [ 218, 219, 211], "S31" : [2, 3, 6, 7, 10, 11, 14, 15, 31, 32, 33, 34, 47, 48, 49, 50, 58, 71, 72, 73, 74, 75, 90, 94, 100, 101, 103, 121, 124, 130, 135, 175, 180, 211, 218, 219 ],
"32" : [ 213], "S32" : [2, 3, 6, 7, 10, 11, 14, 15, 31, 32, 33, 34, 48, 49, 50, 71, 72, 73, 74, 75, 91, 100, 101, 103, 121, 124, 130, 135, 175, 180, 212, 213 ],
"33" : [ 214], "S33" : [2, 3, 6, 7, 10, 11, 14, 15, 31, 32, 33, 34, 48, 49, 50, 51, 52, 71, 72, 73, 74, 75, 91, 100, 101, 103, 121, 124, 130, 135, 175, 176, 180, 184, 212, 214 ],
"34" : [ 216], "S34" : [2, 3, 6, 7, 10, 11, 14, 15, 21, 22, 31, 32, 33, 34, 39, 48, 49, 50, 56, 71, 72, 73, 74, 75, 76, 91, 100, 101, 103, 121, 124, 130, 131, 135, 138, 142, 158, 160, 175, 180, 212, 216 ],
"35" : [ 217], "S35" : [2, 3, 6, 7, 10, 11, 14, 15, 17, 31, 32, 33, 34, 42, 48, 49, 50, 57, 71, 72, 73, 74, 75, 91, 100, 101, 103, 121, 124, 130, 132, 135, 139, 142, 145, 175, 180, 212, 217 ],
"36" : [ 222, 223, 220], "S36" : [2, 3, 6, 7, 10, 11, 14, 15, 17, 31, 32, 33, 34, 46, 48, 49, 50, 55, 71, 72, 73, 74, 75, 100, 101, 103, 104, 107, 121, 124, 130, 135, 175, 180, 220, 222, 223, 224 ],
"37" : [ 221], "S37" : [2, 3, 6, 7, 10, 11, 14, 15, 17, 31, 32, 33, 34, 48, 49, 50, 71, 72, 73, 74, 75, 100, 101, 103, 104, 107, 121, 124, 130, 135, 175, 180, 221 ],
"38" : [ 80], "S38" : [2, 3, 6, 7, 10, 11, 14, 15, 31, 32, 33, 34, 51, 52, 71, 72, 73, 74, 75, 78, 80, 91, 100, 101, 103, 121, 124, 130, 135, 176, 180, 184 ],
"39" : [ 117], "S39" : [2, 3, 6, 7, 10, 11, 14, 15, 31, 32, 33, 34, 47, 51, 52, 58, 71, 72, 73, 74, 75, 90, 94, 100, 101, 103, 117, 121, 124, 130, 135, 176, 180, 184 ],
"40" : [ 165], "S40" : [2, 3, 6, 7, 10, 11, 14, 15, 21, 22, 31, 32, 33, 34, 39, 51, 52, 56, 71, 72, 73, 74, 75, 76, 91, 100, 101, 103, 121, 124, 130, 131, 135, 138, 142, 158, 160, 163, 165, 176, 180, 184 ],
"41" : [ 189], "S41" : [2, 3, 6, 7, 10, 11, 14, 15, 31, 32, 33, 34, 51, 52, 71, 72, 73, 74, 75, 100, 101, 103, 121, 124, 130, 135, 176, 180, 184, 188, 189 ],
"42" : [ 205, 206, 198], "S42" : [2, 3, 6, 7, 10, 11, 14, 15, 31, 32, 33, 34, 47, 51, 52, 58, 71, 72, 73, 74, 75, 90, 94, 100, 101, 103, 121, 124, 130, 135, 176, 180, 184, 198, 205, 206 ],
"43" : [ 201], "S43" : [2, 3, 6, 7, 10, 11, 14, 15, 31, 32, 33, 34, 51, 52, 71, 72, 73, 74, 75, 91, 100, 101, 103, 121, 124, 130, 135, 176, 180, 184, 199, 201 ],
"44" : [ 203], "S44" : [2, 3, 6, 7, 10, 11, 14, 15, 21, 22, 31, 32, 33, 34, 39, 51, 52, 56, 71, 72, 73, 74, 75, 76, 91, 100, 101, 103, 121, 124, 130, 131, 135, 138, 142, 158, 160, 176, 180, 184, 199, 203 ],
"45" : [ 204], "S45" : [2, 3, 6, 7, 10, 11, 14, 15, 17, 31, 32, 33, 34, 42, 51, 52, 57, 71, 72, 73, 74, 75, 91, 100, 101, 103, 121, 124, 130, 132, 135, 139, 142, 145, 176, 180, 184, 199, 204 ],
"46" : [ 209, 210, 207], "S46" : [2, 3, 6, 7, 10, 11, 14, 15, 17, 31, 32, 33, 34, 46, 51, 52, 55, 71, 72, 73, 74, 75, 100, 101, 103, 104, 107, 121, 124, 130, 135, 176, 180, 184, 207, 209, 210, 224 ],
"47" : [ 208], "S47" : [2, 3, 6, 7, 10, 11, 14, 15, 17, 31, 32, 33, 34, 51, 52, 71, 72, 73, 74, 75, 100, 101, 103, 104, 107, 121, 124, 130, 135, 176, 180, 184, 208 ],
"48" : [ 143], "S48" : [2, 3, 6, 7, 10, 11, 14, 15, 31, 32, 33, 34, 71, 72, 73, 74, 75, 100, 101, 103, 121, 124, 130, 135, 143, 144 ],
"49" : [ 148], "S49" : [2, 3, 6, 7, 10, 11, 14, 15, 31, 32, 33, 34, 71, 72, 73, 74, 75, 100, 101, 103, 121, 124, 130, 135, 142, 144, 146, 148 ],
"50" : [ 155, 154], "S50" : [2, 3, 6, 7, 10, 11, 14, 15, 25, 31, 32, 33, 34, 41, 71, 72, 73, 74, 75, 100, 101, 103, 121, 124, 130, 135, 141, 142, 145, 154, 155 ],
"51" : [ 136, 67, 24, 19], "S51" : [2, 3, 6, 7, 10, 11, 19, 21, 22, 24, 31, 32, 33, 67, 71, 72, 73, 74, 76, 100, 101, 103, 121, 124, 136, 138, 142 ],
"52" : [ 137, 68, 20], "S52" : [2, 3, 6, 7, 10, 11, 20, 21, 22, 31, 32, 33, 68, 71, 72, 73, 74, 76, 100, 101, 103, 121, 124, 137, 138, 142 ],
"53" : [ 161, 159, 40, 38, 23], "S53" : [2, 3, 6, 7, 10, 11, 21, 22, 23, 31, 32, 33, 38, 40, 71, 72, 73, 74, 76, 100, 101, 103, 121, 124, 138, 142, 159, 161 ],
"54" : [ 82], "S54" : [2, 3, 6, 7, 10, 11, 21, 22, 31, 32, 33, 39, 56, 71, 72, 73, 74, 76, 78, 82, 91, 100, 101, 103, 121, 124, 131, 138, 142, 158, 160 ],
"55" : [ 119], "S55" : [2, 3, 6, 7, 10, 11, 21, 22, 31, 32, 33, 39, 47, 56, 58, 71, 72, 73, 74, 76, 90, 94, 100, 101, 103, 119, 121, 124, 131, 138, 142, 158, 160 ],
"56" : [ 169, 170, 162], "S56" : [2, 3, 6, 7, 10, 11, 21, 22, 31, 32, 33, 39, 47, 56, 58, 71, 72, 73, 74, 76, 90, 94, 100, 101, 103, 121, 124, 131, 138, 142, 158, 160, 162, 169, 170 ],
"57" : [ 167], "S57" : [2, 3, 6, 7, 10, 11, 21, 22, 31, 32, 33, 39, 56, 71, 72, 73, 74, 76, 91, 100, 101, 103, 121, 124, 131, 138, 142, 158, 160, 163, 167 ],
"58" : [ 168], "S58" : [2, 3, 6, 7, 10, 11, 17, 21, 22, 31, 32, 33, 39, 42, 56, 57, 71, 72, 73, 74, 76, 91, 100, 101, 103, 121, 124, 131, 132, 138, 139, 142, 145, 158, 160, 163, 168 ],
"59" : [ 173, 174, 171], "S59" : [2, 3, 6, 7, 10, 11, 17, 21, 22, 31, 32, 33, 39, 46, 55, 56, 71, 72, 73, 74, 76, 100, 101, 103, 104, 107, 121, 124, 131, 138, 142, 158, 160, 171, 173, 174, 224 ],
"60" : [ 172], "S60" : [2, 3, 6, 7, 10, 11, 17, 21, 22, 31, 32, 33, 39, 56, 71, 72, 73, 74, 76, 100, 101, 103, 104, 107, 121, 124, 131, 138, 142, 158, 160, 172 ],
"61" : [ 147], "S61" : [2, 3, 6, 7, 10, 11, 21, 22, 31, 32, 33, 71, 72, 73, 74, 76, 100, 101, 103, 121, 124, 138, 142, 146, 147 ],
"62" : [ 153], "S62" : [2, 3, 6, 7, 10, 11, 21, 22, 25, 31, 32, 33, 41, 71, 72, 73, 74, 76, 100, 101, 103, 121, 124, 138, 141, 142, 145, 153 ],
"63" : [ 43], "S63" : [2, 3, 6, 7, 10, 11, 25, 31, 32, 33, 41, 43, 71, 72, 73, 74, 100, 101, 103, 121, 124, 139, 141, 142, 145 ],
"64" : [ 140], "S64" : [2, 3, 6, 7, 10, 11, 25, 31, 32, 33, 41, 71, 72, 73, 74, 100, 101, 103, 121, 124, 140, 141, 142, 145 ],
"65" : [ 129, 126, 125, 44, 27], "S65" : [2, 3, 6, 7, 10, 11, 27, 31, 32, 33, 44, 71, 72, 73, 74, 100, 101, 103, 121, 124, 125, 126, 129 ],
"66" : [ 83], "S66" : [2, 3, 6, 7, 10, 11, 17, 31, 32, 33, 42, 57, 71, 72, 73, 74, 78, 83, 91, 100, 101, 103, 121, 124, 132, 139, 142, 145 ],
"67" : [ 120], "S67" : [2, 3, 6, 7, 10, 11, 17, 31, 32, 33, 42, 47, 57, 58, 71, 72, 73, 74, 90, 94, 100, 101, 103, 120, 121, 124, 132, 139, 142, 145 ],
"68" : [ 151, 152, 149], "S68" : [2, 3, 6, 7, 10, 11, 17, 31, 32, 33, 42, 46, 55, 57, 71, 72, 73, 74, 100, 101, 103, 121, 124, 132, 139, 142, 145, 149, 151, 152, 224 ],
"69" : [ 150], "S69" : [2, 3, 6, 7, 10, 11, 17, 31, 32, 33, 42, 57, 71, 72, 73, 74, 100, 101, 103, 121, 124, 132, 139, 142, 145, 150 ],
"70" : [ 84, 85, 77], "S70" : [2, 3, 6, 7, 10, 11, 31, 32, 33, 47, 58, 71, 72, 73, 74, 77, 84, 85, 90, 94, 100, 101, 103, 121, 124 ],
"71" : [ 113], "S71" : [2, 3, 6, 7, 10, 11, 31, 32, 33, 47, 58, 71, 72, 73, 74, 90, 94, 100, 101, 103, 113, 121, 124 ],
"72" : [ 114], "S72" : [2, 3, 6, 7, 10, 11, 17, 31, 32, 33, 47, 58, 71, 72, 73, 74, 90, 94, 100, 101, 103, 114, 121, 124 ],
"73" : [ 115], "S73" : [2, 3, 6, 7, 10, 11, 17, 31, 32, 33, 46, 47, 55, 58, 71, 72, 73, 74, 90, 94, 100, 101, 103, 115, 121, 124, 224 ],
"74" : [ 109, 108], "S74" : [2, 3, 6, 7, 10, 11, 31, 32, 33, 71, 72, 73, 74, 100, 101, 103, 108, 109, 121, 124 ],
"75" : [ 112, 111], "S75" : [2, 3, 6, 7, 10, 11, 29, 31, 32, 33, 45, 71, 72, 73, 74, 100, 101, 103, 105, 106, 107, 111, 112, 121, 124 ],
"76" : [ 128, 127], "S76" : [2, 3, 6, 7, 10, 11, 31, 32, 33, 71, 72, 73, 74, 100, 101, 103, 121, 124, 127, 128 ],
"77" : [ 88, 89, 86], "S77" : [2, 3, 17, 31, 46, 55, 71, 72, 86, 88, 89, 93, 101, 103, 104, 107, 224 ],
"78" : [ 87], "S78" : [2, 3, 17, 31, 71, 72, 87, 92, 101, 103, 104, 107 ],
"79" : [ 110], "S79" : [2, 3, 29, 31, 45, 71, 72, 97, 101, 103, 105, 106, 107, 110 ],
"80" : [ 102], "S80" : [2, 3, 31, 71, 72, 97, 101, 102, 103 ]
},{ "Name" : "nextToken" ,
"Duas" : "171" ,
"Subsumers" : 63,
"0" : [ 49, 46, 45, 0], "S0" : [0, 45, 46, 49 ],
"1" : [ 52, 44, 2], "S1" : [1, 2, 4, 44, 47, 50, 52 ],
"2" : [ 53, 3], "S2" : [1, 3, 4, 47, 50, 53 ],
"3" : [ 103, 101, 65, 31], "S3" : [1, 4, 5, 6, 7, 8, 9, 11, 30, 31, 47, 50, 54, 55, 56, 57, 58, 59, 61, 65, 83, 85, 87, 101, 103 ],
"4" : [ 102], "S4" : [1, 4, 5, 6, 7, 8, 9, 11, 30, 47, 50, 54, 55, 56, 57, 58, 59, 61, 83, 85, 87, 102 ],
"5" : [ 121, 110], "S5" : [1, 4, 5, 6, 7, 8, 9, 11, 23, 30, 47, 50, 54, 55, 56, 57, 58, 59, 61, 83, 85, 87, 110, 121, 124 ],
"6" : [ 111], "S6" : [1, 4, 5, 6, 7, 8, 9, 11, 22, 30, 47, 50, 54, 55, 56, 57, 58, 59, 61, 76, 83, 85, 87, 111, 124 ],
"7" : [ 120, 112], "S7" : [1, 4, 5, 6, 7, 8, 9, 11, 21, 30, 47, 50, 54, 55, 56, 57, 58, 59, 61, 83, 85, 87, 112, 120, 124 ],
"8" : [ 113], "S8" : [1, 4, 5, 6, 7, 8, 9, 11, 30, 47, 50, 54, 55, 56, 57, 58, 59, 61, 77, 83, 85, 87, 113, 124 ],
"9" : [ 119, 114], "S9" : [1, 4, 5, 6, 7, 8, 9, 11, 16, 19, 30, 47, 50, 54, 55, 56, 57, 58, 59, 61, 79, 83, 85, 87, 114, 119, 124 ],
"10" : [ 115], "S10" : [1, 4, 5, 6, 7, 8, 9, 11, 18, 30, 47, 50, 54, 55, 56, 57, 58, 59, 61, 80, 83, 85, 87, 115, 124 ],
"11" : [ 116], "S11" : [1, 4, 5, 6, 7, 8, 9, 11, 17, 30, 47, 50, 54, 55, 56, 57, 58, 59, 61, 81, 83, 85, 87, 116, 124 ],
"12" : [ 117], "S12" : [1, 4, 5, 6, 7, 8, 9, 11, 16, 30, 47, 50, 54, 55, 56, 57, 58, 59, 61, 79, 83, 85, 87, 117, 124 ],
"13" : [ 118], "S13" : [1, 4, 5, 6, 7, 8, 9, 11, 30, 47, 50, 54, 55, 56, 57, 58, 59, 61, 78, 83, 85, 87, 118, 124 ],
"14" : [ 122], "S14" : [1, 4, 5, 6, 7, 8, 9, 11, 24, 25, 26, 27, 28, 30, 47, 48, 50, 54, 55, 56, 57, 58, 59, 61, 64, 83, 85, 87, 122, 123 ],
"15" : [ 99, 88], "S15" : [1, 4, 5, 6, 7, 8, 10, 11, 23, 47, 50, 54, 55, 56, 57, 58, 60, 61, 83, 85, 87, 88, 99, 124 ],
"16" : [ 89], "S16" : [1, 4, 5, 6, 7, 8, 10, 11, 22, 47, 50, 54, 55, 56, 57, 58, 60, 61, 76, 83, 85, 87, 89, 124 ],
"17" : [ 98, 90], "S17" : [1, 4, 5, 6, 7, 8, 10, 11, 21, 47, 50, 54, 55, 56, 57, 58, 60, 61, 83, 85, 87, 90, 98, 124 ],
"18" : [ 91], "S18" : [1, 4, 5, 6, 7, 8, 10, 11, 47, 50, 54, 55, 56, 57, 58, 60, 61, 77, 83, 85, 87, 91, 124 ],
"19" : [ 97, 92], "S19" : [1, 4, 5, 6, 7, 8, 10, 11, 16, 19, 47, 50, 54, 55, 56, 57, 58, 60, 61, 79, 83, 85, 87, 92, 97, 124 ],
"20" : [ 93], "S20" : [1, 4, 5, 6, 7, 8, 10, 11, 18, 47, 50, 54, 55, 56, 57, 58, 60, 61, 80, 83, 85, 87, 93, 124 ],
"21" : [ 94], "S21" : [1, 4, 5, 6, 7, 8, 10, 11, 17, 47, 50, 54, 55, 56, 57, 58, 60, 61, 81, 83, 85, 87, 94, 124 ],
"22" : [ 95], "S22" : [1, 4, 5, 6, 7, 8, 10, 11, 16, 47, 50, 54, 55, 56, 57, 58, 60, 61, 79, 83, 85, 87, 95, 124 ],
"23" : [ 96], "S23" : [1, 4, 5, 6, 7, 8, 10, 11, 47, 50, 54, 55, 56, 57, 58, 60, 61, 78, 83, 85, 87, 96, 124 ],
"24" : [ 100], "S24" : [1, 4, 5, 6, 7, 8, 10, 11, 24, 25, 26, 27, 28, 47, 48, 50, 54, 55, 56, 57, 58, 60, 61, 64, 83, 85, 87, 100, 123 ],
"25" : [ 147, 148], "S25" : [1, 4, 5, 6, 7, 8, 11, 12, 22, 47, 50, 54, 55, 56, 57, 58, 61, 76, 83, 85, 87, 128, 147, 148 ],
"26" : [ 150, 151], "S26" : [1, 4, 5, 6, 7, 8, 11, 12, 47, 50, 54, 55, 56, 57, 58, 61, 77, 83, 85, 87, 128, 150, 151 ],
"27" : [ 153, 154], "S27" : [1, 4, 5, 6, 7, 8, 11, 12, 47, 50, 54, 55, 56, 57, 58, 61, 78, 83, 85, 87, 128, 153, 154 ],
"28" : [ 156, 157], "S28" : [1, 4, 5, 6, 7, 8, 11, 12, 16, 47, 50, 54, 55, 56, 57, 58, 61, 79, 83, 85, 87, 128, 156, 157 ],
"29" : [ 159, 160], "S29" : [1, 4, 5, 6, 7, 8, 11, 12, 18, 47, 50, 54, 55, 56, 57, 58, 61, 80, 83, 85, 87, 128, 159, 160 ],
"30" : [ 162, 163], "S30" : [1, 4, 5, 6, 7, 8, 11, 12, 17, 47, 50, 54, 55, 56, 57, 58, 61, 81, 83, 85, 87, 128, 162, 163 ],
"31" : [ 165, 166], "S31" : [1, 4, 5, 6, 7, 8, 11, 12, 21, 47, 50, 54, 55, 56, 57, 58, 61, 83, 85, 87, 128, 165, 166 ],
"32" : [ 168, 169], "S32" : [1, 4, 5, 6, 7, 8, 11, 12, 23, 47, 50, 54, 55, 56, 57, 58, 61, 83, 85, 87, 128, 168, 169 ],
"33" : [ 51], "S33" : [1, 4, 5, 6, 7, 8, 11, 13, 14, 47, 50, 51, 54, 55, 56, 57, 58, 61, 83, 85, 87, 124, 127 ],
"34" : [ 131], "S34" : [1, 4, 5, 6, 7, 8, 11, 13, 14, 24, 25, 26, 27, 28, 47, 48, 50, 54, 55, 56, 57, 58, 61, 64, 83, 85, 87, 123, 127, 131 ],
"35" : [ 149], "S35" : [1, 4, 5, 6, 7, 8, 11, 13, 14, 22, 47, 50, 54, 55, 56, 57, 58, 61, 76, 83, 85, 87, 127, 149 ],
"36" : [ 152], "S36" : [1, 4, 5, 6, 7, 8, 11, 13, 14, 47, 50, 54, 55, 56, 57, 58, 61, 77, 83, 85, 87, 127, 152 ],
"37" : [ 155], "S37" : [1, 4, 5, 6, 7, 8, 11, 13, 14, 47, 50, 54, 55, 56, 57, 58, 61, 78, 83, 85, 87, 127, 155 ],
"38" : [ 158], "S38" : [1, 4, 5, 6, 7, 8, 11, 13, 14, 16, 47, 50, 54, 55, 56, 57, 58, 61, 79, 83, 85, 87, 127, 158 ],
"39" : [ 161], "S39" : [1, 4, 5, 6, 7, 8, 11, 13, 14, 18, 47, 50, 54, 55, 56, 57, 58, 61, 80, 83, 85, 87, 127, 161 ],
"40" : [ 164], "S40" : [1, 4, 5, 6, 7, 8, 11, 13, 14, 17, 47, 50, 54, 55, 56, 57, 58, 61, 81, 83, 85, 87, 127, 164 ],
"41" : [ 167], "S41" : [1, 4, 5, 6, 7, 8, 11, 13, 14, 21, 47, 50, 54, 55, 56, 57, 58, 61, 83, 85, 87, 127, 167 ],
"42" : [ 170], "S42" : [1, 4, 5, 6, 7, 8, 11, 13, 14, 23, 47, 50, 54, 55, 56, 57, 58, 61, 83, 85, 87, 127, 170 ],
"43" : [ 125, 108, 106, 62, 15], "S43" : [1, 4, 5, 6, 7, 8, 11, 15, 47, 50, 54, 55, 56, 57, 58, 61, 62, 78, 83, 85, 87, 106, 108, 125 ],
"44" : [ 144, 139], "S44" : [1, 4, 5, 6, 7, 8, 11, 16, 19, 24, 25, 26, 27, 28, 47, 48, 50, 54, 55, 56, 57, 58, 61, 64, 79, 83, 85, 87, 123, 139, 144 ],
"45" : [ 142], "S45" : [1, 4, 5, 6, 7, 8, 11, 16, 24, 25, 26, 27, 28, 47, 48, 50, 54, 55, 56, 57, 58, 61, 64, 79, 83, 85, 87, 123, 142 ],
"46" : [ 141], "S46" : [1, 4, 5, 6, 7, 8, 11, 17, 24, 25, 26, 27, 28, 47, 48, 50, 54, 55, 56, 57, 58, 61, 64, 81, 83, 85, 87, 123, 141 ],
"47" : [ 140], "S47" : [1, 4, 5, 6, 7, 8, 11, 18, 24, 25, 26, 27, 28, 47, 48, 50, 54, 55, 56, 57, 58, 61, 64, 80, 83, 85, 87, 123, 140 ],
"48" : [ 129, 109, 107, 63, 20], "S48" : [1, 4, 5, 6, 7, 8, 11, 20, 47, 50, 54, 55, 56, 57, 58, 61, 63, 77, 83, 85, 87, 107, 109, 129 ],
"49" : [ 145, 137], "S49" : [1, 4, 5, 6, 7, 8, 11, 21, 24, 25, 26, 27, 28, 47, 48, 50, 54, 55, 56, 57, 58, 61, 64, 83, 85, 87, 123, 137, 145 ],
"50" : [ 136], "S50" : [1, 4, 5, 6, 7, 8, 11, 22, 24, 25, 26, 27, 28, 47, 48, 50, 54, 55, 56, 57, 58, 61, 64, 76, 83, 85, 87, 123, 136 ],
"51" : [ 146, 135], "S51" : [1, 4, 5, 6, 7, 8, 11, 23, 24, 25, 26, 27, 28, 47, 48, 50, 54, 55, 56, 57, 58, 61, 64, 83, 85, 87, 123, 135, 146 ],
"52" : [ 134, 132, 29], "S52" : [1, 4, 5, 6, 7, 8, 11, 24, 25, 26, 27, 28, 29, 47, 48, 50, 54, 55, 56, 57, 58, 61, 64, 83, 85, 87, 123, 132, 134 ],
"53" : [ 133], "S53" : [1, 4, 5, 6, 7, 8, 11, 24, 25, 26, 27, 28, 47, 48, 50, 54, 55, 56, 57, 58, 61, 64, 83, 85, 87, 123, 133 ],
"54" : [ 138], "S54" : [1, 4, 5, 6, 7, 8, 11, 24, 25, 26, 27, 28, 47, 48, 50, 54, 55, 56, 57, 58, 61, 64, 77, 83, 85, 87, 123, 138 ],
"55" : [ 143], "S55" : [1, 4, 5, 6, 7, 8, 11, 24, 25, 26, 27, 28, 47, 48, 50, 54, 55, 56, 57, 58, 61, 64, 78, 83, 85, 87, 123, 143 ],
"56" : [ 130], "S56" : [1, 4, 5, 6, 7, 8, 11, 47, 50, 54, 55, 56, 57, 58, 61, 77, 83, 85, 87, 130 ],
"57" : [ 126], "S57" : [1, 4, 5, 6, 7, 8, 11, 47, 50, 54, 55, 56, 57, 58, 61, 78, 83, 85, 87, 126 ],
"58" : [ 104, 66, 36, 32], "S58" : [1, 4, 5, 6, 7, 8, 32, 34, 35, 36, 47, 50, 54, 55, 56, 57, 58, 66, 68, 74, 75, 83, 85, 86, 104 ],
"59" : [ 67, 33], "S59" : [1, 4, 5, 6, 7, 8, 33, 34, 35, 47, 50, 54, 55, 56, 57, 58, 67, 68, 74, 75, 83, 85, 86 ],
"60" : [ 105, 69, 41, 37], "S60" : [1, 4, 5, 6, 7, 8, 37, 39, 40, 41, 47, 50, 54, 55, 56, 57, 58, 69, 71, 72, 73, 83, 84, 105 ],
"61" : [ 70, 38], "S61" : [1, 4, 5, 6, 7, 8, 38, 39, 40, 47, 50, 54, 55, 56, 57, 58, 70, 71, 72, 73, 83, 84 ],
"62" : [ 82, 42, 43], "S62" : [1, 4, 42, 43, 47, 50, 82 ]
},{ "Name" : "_nextAfterName" ,
"Duas" : "19" ,
"Subsumers" : 3,
"0" : [ 15, 11, 9, 7, 5, 1], "S0" : [0, 1, 4, 5, 7, 9, 11, 14, 15, 17, 18 ],
"1" : [ 13, 10, 8, 6, 3, 2], "S1" : [0, 2, 3, 6, 8, 10, 13, 17, 18 ],
"2" : [ 16, 12], "S2" : [0, 4, 12, 14, 16, 17, 18 ]
},{ "Name" : "nextTextValue" ,
"Duas" : "44" ,
"Subsumers" : 7,
"0" : [ 42, 36, 34, 32, 30, 9], "S0" : [0, 5, 6, 7, 8, 9, 16, 18, 20, 24, 29, 30, 32, 34, 36, 39, 41, 42 ],
"1" : [ 40, 35, 33, 31, 28, 10], "S1" : [0, 5, 6, 7, 8, 10, 16, 18, 20, 24, 28, 31, 33, 35, 39, 40 ],
"2" : [ 25, 14, 15, 11], "S2" : [0, 5, 6, 7, 8, 11, 13, 14, 15, 16, 18, 20, 23, 25, 27, 38 ],
"3" : [ 26, 12], "S3" : [0, 5, 6, 7, 8, 12, 13, 16, 18, 20, 23, 26, 27, 38 ],
"4" : [ 43, 37], "S4" : [0, 5, 6, 7, 8, 16, 18, 20, 24, 29, 37, 39, 41, 43 ],
"5" : [ 21, 2], "S5" : [1, 2, 4, 17, 19, 21 ],
"6" : [ 22, 3], "S6" : [1, 3, 4, 17, 19, 22 ]
},{ "Name" : "nextIntValue" ,
"Duas" : "39" ,
"Subsumers" : 6,
"0" : [ 37, 31, 29, 27, 25, 9], "S0" : [0, 5, 6, 7, 8, 9, 13, 14, 16, 18, 22, 24, 25, 27, 29, 31, 34, 36, 37 ],
"1" : [ 35, 30, 28, 26, 23, 10], "S1" : [0, 5, 6, 7, 8, 10, 13, 14, 16, 18, 22, 23, 26, 28, 30, 34, 35 ],
"2" : [ 33, 21, 11], "S2" : [0, 5, 6, 7, 8, 11, 14, 16, 18, 21, 33 ],
"3" : [ 38, 32], "S3" : [0, 5, 6, 7, 8, 13, 14, 16, 18, 22, 24, 32, 34, 36, 38 ],
"4" : [ 19, 2], "S4" : [1, 2, 4, 12, 15, 17, 19 ],
"5" : [ 20, 3], "S5" : [1, 3, 4, 12, 15, 17, 20 ]
},{ "Name" : "nextLongValue" ,
"Duas" : "39" ,
"Subsumers" : 6,
"0" : [ 37, 31, 29, 27, 25, 9], "S0" : [0, 5, 6, 7, 8, 9, 13, 14, 16, 18, 22, 24, 25, 27, 29, 31, 34, 36, 37 ],
"1" : [ 35, 30, 28, 26, 23, 10], "S1" : [0, 5, 6, 7, 8, 10, 13, 14, 16, 18, 22, 23, 26, 28, 30, 34, 35 ],
"2" : [ 33, 21, 11], "S2" : [0, 5, 6, 7, 8, 11, 14, 16, 18, 21, 33 ],
"3" : [ 38, 32], "S3" : [0, 5, 6, 7, 8, 13, 14, 16, 18, 22, 24, 32, 34, 36, 38 ],
"4" : [ 19, 2], "S4" : [1, 2, 4, 12, 15, 17, 19 ],
"5" : [ 20, 3], "S5" : [1, 3, 4, 12, 15, 17, 20 ]
},{ "Name" : "nextBooleanValue" ,
"Duas" : "45" ,
"Subsumers" : 8,
"0" : [ 43, 32, 30, 28, 26, 9], "S0" : [0, 5, 6, 7, 8, 9, 11, 13, 15, 17, 21, 25, 26, 28, 30, 32, 38, 40, 42, 43 ],
"1" : [ 41, 31, 29, 27, 24, 10], "S1" : [0, 5, 6, 7, 8, 10, 11, 13, 15, 17, 21, 24, 27, 29, 31, 38, 40, 41 ],
"2" : [ 37, 19, 16], "S2" : [0, 5, 6, 7, 8, 11, 13, 15, 16, 19, 37 ],
"3" : [ 39, 23, 20], "S3" : [0, 5, 6, 7, 8, 11, 13, 15, 17, 20, 23, 38, 39 ],
"4" : [ 44, 33], "S4" : [0, 5, 6, 7, 8, 11, 13, 15, 17, 21, 25, 33, 38, 40, 42, 44 ],
"5" : [ 34, 2], "S5" : [1, 2, 12, 14, 34 ],
"6" : [ 35, 18, 3], "S6" : [1, 3, 12, 14, 18, 35 ],
"7" : [ 36, 22, 4], "S7" : [1, 4, 12, 14, 22, 36 ]
},{ "Name" : "parseNumberText" ,
"Duas" : "163" ,
"Subsumers" : 59,
"0" : [ 45], "S0" : [0, 1, 2, 12, 13, 24, 25, 26, 27, 40, 44, 45, 53 ],
"1" : [ 63], "S1" : [0, 1, 2, 12, 13, 17, 18, 25, 26, 27, 30, 37, 39, 44, 49, 50, 53, 63, 66, 70, 72 ],
"2" : [ 82], "S2" : [0, 1, 2, 3, 4, 12, 13, 25, 26, 27, 28, 31, 44, 53, 74, 82, 85, 94 ],
"3" : [ 146], "S3" : [0, 1, 3, 4, 5, 6, 7, 8, 9, 25, 26, 28, 31, 32, 33, 34, 38, 41, 51, 52, 55, 57, 123, 126, 127, 141, 146 ],
"4" : [ 147], "S4" : [0, 1, 3, 4, 5, 6, 7, 8, 9, 10, 25, 26, 28, 31, 32, 33, 34, 38, 41, 51, 52, 55, 57, 121, 123, 126, 127, 141, 147 ],
"5" : [ 149], "S5" : [0, 1, 3, 4, 5, 6, 7, 8, 9, 25, 26, 28, 31, 32, 33, 34, 38, 41, 51, 52, 55, 57, 123, 126, 127, 141, 145, 149 ],
"6" : [ 142], "S6" : [0, 1, 3, 4, 5, 6, 12, 13, 25, 26, 28, 31, 32, 33, 44, 53, 55, 57, 58, 124, 126, 127, 142, 145, 148 ],
"7" : [ 144, 143], "S7" : [0, 1, 3, 4, 5, 6, 11, 25, 26, 28, 31, 32, 33, 35, 55, 57, 59, 124, 126, 127, 143, 144, 145, 148 ],
"8" : [ 138], "S8" : [0, 1, 3, 4, 5, 7, 8, 9, 10, 25, 26, 28, 31, 32, 34, 38, 41, 51, 52, 55, 121, 123, 128, 132, 135, 138 ],
"9" : [ 160, 150], "S9" : [0, 1, 3, 4, 5, 7, 8, 9, 10, 11, 25, 26, 28, 31, 32, 34, 35, 38, 41, 51, 52, 55, 59, 124, 150, 152, 154, 160 ],
"10" : [ 131, 130], "S10" : [0, 1, 3, 4, 5, 11, 25, 26, 28, 31, 32, 35, 55, 59, 124, 130, 131, 132, 135, 136, 139 ],
"11" : [ 151], "S11" : [0, 1, 3, 4, 5, 7, 8, 9, 11, 25, 26, 28, 31, 32, 34, 35, 38, 41, 51, 52, 55, 59, 124, 151, 152, 154 ],
"12" : [ 159], "S12" : [0, 1, 3, 4, 5, 7, 8, 9, 11, 25, 26, 28, 31, 32, 34, 35, 38, 41, 51, 52, 55, 59, 124, 152, 154, 159 ],
"13" : [ 162], "S13" : [0, 1, 3, 4, 5, 7, 8, 9, 11, 25, 26, 28, 31, 32, 34, 35, 38, 41, 51, 52, 55, 59, 124, 152, 154, 158, 162 ],
"14" : [ 155], "S14" : [0, 1, 3, 4, 5, 11, 12, 13, 25, 26, 28, 31, 32, 35, 44, 53, 55, 58, 59, 124, 153, 155, 158, 161 ],
"15" : [ 157, 156], "S15" : [0, 1, 3, 4, 5, 11, 25, 26, 28, 31, 32, 35, 55, 59, 124, 153, 156, 157, 158, 161 ],
"16" : [ 125, 56], "S16" : [0, 1, 3, 4, 5, 12, 13, 25, 26, 28, 31, 32, 44, 53, 55, 56, 125 ],
"17" : [ 129], "S17" : [0, 1, 3, 4, 5, 12, 13, 25, 26, 28, 31, 32, 44, 53, 55, 58, 124, 129, 132, 135, 136, 139 ],
"18" : [ 77, 76], "S18" : [0, 1, 3, 4, 5, 25, 26, 28, 31, 32, 55, 76, 77, 88 ],
"19" : [ 103, 102], "S19" : [0, 1, 3, 4, 5, 14, 25, 26, 28, 31, 32, 36, 55, 61, 80, 81, 87, 102, 103 ],
"20" : [ 122], "S20" : [0, 1, 3, 4, 5, 7, 8, 9, 25, 26, 28, 31, 32, 34, 38, 41, 51, 52, 55, 122, 123 ],
"21" : [ 137], "S21" : [0, 1, 3, 4, 5, 7, 8, 9, 25, 26, 28, 31, 32, 34, 38, 41, 51, 52, 55, 123, 128, 132, 135, 137 ],
"22" : [ 140], "S22" : [0, 1, 3, 4, 5, 7, 8, 9, 25, 26, 28, 31, 32, 34, 38, 41, 51, 52, 55, 123, 128, 132, 135, 136, 140 ],
"23" : [ 134], "S23" : [0, 1, 3, 4, 5, 25, 26, 28, 31, 32, 55, 132, 134 ],
"24" : [ 133], "S24" : [0, 1, 3, 4, 5, 25, 26, 28, 31, 32, 55, 133 ],
"25" : [ 73], "S25" : [0, 1, 3, 4, 7, 8, 9, 25, 26, 28, 31, 34, 38, 41, 51, 52, 73 ],
"26" : [ 92, 78], "S26" : [0, 1, 3, 4, 7, 8, 9, 25, 26, 28, 31, 34, 38, 41, 51, 52, 78, 88, 89, 92, 97, 123 ],
"27" : [ 95], "S27" : [0, 1, 3, 4, 7, 8, 9, 25, 26, 28, 31, 34, 38, 41, 51, 52, 74, 83, 84, 85, 94, 95 ],
"28" : [ 113, 104], "S28" : [0, 1, 3, 4, 7, 8, 9, 14, 25, 26, 28, 31, 34, 36, 38, 41, 51, 52, 61, 80, 81, 87, 104, 110, 113, 123 ],
"29" : [ 119], "S29" : [0, 1, 3, 4, 7, 8, 9, 14, 25, 26, 28, 31, 34, 36, 38, 41, 51, 52, 61, 80, 81, 87, 100, 106, 107, 108, 116, 119 ],
"30" : [ 98], "S30" : [0, 1, 3, 4, 14, 15, 25, 26, 28, 31, 36, 61, 80, 81, 87, 98, 114 ],
"31" : [ 117], "S31" : [0, 1, 3, 4, 14, 15, 25, 26, 28, 31, 36, 61, 80, 81, 87, 100, 106, 107, 108, 114, 116, 117 ],
"32" : [ 99], "S32" : [0, 1, 3, 4, 14, 25, 26, 28, 31, 36, 61, 80, 81, 87, 99 ],
"33" : [ 105], "S33" : [0, 1, 3, 4, 12, 13, 14, 25, 26, 28, 31, 36, 44, 53, 60, 61, 80, 81, 87, 100, 105, 108, 116 ],
"34" : [ 118], "S34" : [0, 1, 3, 4, 14, 25, 26, 28, 31, 36, 61, 80, 81, 87, 100, 106, 107, 108, 116, 118 ],
"35" : [ 120], "S35" : [0, 1, 3, 4, 14, 25, 26, 28, 31, 36, 61, 80, 81, 87, 100, 106, 107, 108, 116, 120 ],
"36" : [ 101], "S36" : [0, 1, 3, 4, 12, 13, 14, 25, 26, 28, 31, 36, 44, 53, 54, 61, 80, 81, 87, 101 ],
"37" : [ 115], "S37" : [0, 1, 3, 4, 14, 25, 26, 28, 31, 36, 61, 80, 81, 87, 108, 115 ],
"38" : [ 109], "S38" : [0, 1, 3, 4, 14, 25, 26, 28, 31, 36, 61, 80, 81, 87, 109 ],
"39" : [ 112], "S39" : [0, 1, 3, 4, 14, 25, 26, 28, 31, 36, 61, 80, 81, 87, 110, 112 ],
"40" : [ 111], "S40" : [0, 1, 3, 4, 14, 25, 26, 28, 31, 36, 61, 80, 81, 87, 111 ],
"41" : [ 47, 46], "S41" : [0, 1, 3, 4, 24, 25, 26, 28, 31, 40, 46, 47 ],
"42" : [ 75], "S42" : [0, 1, 3, 4, 12, 13, 25, 26, 28, 31, 44, 53, 54, 75, 88 ],
"43" : [ 79], "S43" : [0, 1, 3, 4, 12, 13, 25, 26, 28, 31, 44, 53, 60, 79, 87 ],
"44" : [ 65, 64], "S44" : [0, 1, 3, 4, 17, 18, 25, 26, 28, 30, 31, 37, 39, 49, 50, 64, 65, 66, 70, 72 ],
"45" : [ 96], "S45" : [0, 1, 3, 4, 25, 26, 28, 31, 74, 83, 84, 85, 94, 96 ],
"46" : [ 93], "S46" : [0, 1, 3, 4, 25, 26, 28, 31, 85, 93 ],
"47" : [ 86], "S47" : [0, 1, 3, 4, 25, 26, 28, 31, 86 ],
"48" : [ 91], "S48" : [0, 1, 3, 4, 25, 26, 28, 31, 88, 89, 91 ],
"49" : [ 90], "S49" : [0, 1, 3, 4, 25, 26, 28, 31, 88, 90 ],
"50" : [ 48, 29, 16], "S50" : [0, 1, 12, 13, 16, 25, 26, 29, 39, 44, 48, 53 ],
"51" : [ 23], "S51" : [0, 1, 12, 13, 23, 25, 26, 40, 44, 53 ],
"52" : [ 42], "S52" : [0, 1, 12, 13, 25, 26, 42, 44, 53 ],
"53" : [ 43], "S53" : [0, 1, 12, 13, 25, 26, 43, 44, 53 ],
"54" : [ 71], "S54" : [0, 1, 12, 13, 17, 18, 25, 26, 30, 37, 39, 44, 49, 50, 53, 66, 70, 71 ],
"55" : [ 67], "S55" : [0, 1, 17, 18, 19, 20, 25, 26, 30, 37, 39, 49, 50, 62, 67, 68 ],
"56" : [ 69], "S56" : [0, 1, 17, 18, 19, 20, 25, 26, 30, 37, 39, 49, 50, 62, 66, 68, 69 ],
"57" : [ 21], "S57" : [0, 1, 21, 25, 26 ],
"58" : [ 22], "S58" : [0, 1, 22, 25, 26 ]
},{ "Name" : "parseNumberText2" ,
"Duas" : "402" ,
"Subsumers" : 167,
"0" : [ 141, 130], "S0" : [0, 2, 3, 5, 9, 10, 22, 41, 44, 45, 51, 53, 63, 84, 85, 86, 129, 130, 141, 256, 338 ],
"1" : [ 140, 133], "S1" : [0, 2, 4, 5, 6, 8, 9, 10, 20, 41, 44, 45, 51, 54, 55, 63, 84, 85, 86, 87, 129, 131, 132, 133, 140, 256, 349, 367 ],
"2" : [ 135, 134], "S2" : [0, 2, 4, 5, 7, 8, 9, 10, 41, 44, 45, 51, 54, 56, 63, 84, 85, 86, 87, 129, 131, 132, 134, 135, 256, 349 ],
"3" : [ 137], "S3" : [0, 2, 4, 5, 9, 10, 13, 41, 44, 45, 51, 54, 57, 63, 84, 85, 86, 129, 131, 132, 137, 256, 322, 380, 386 ],
"4" : [ 138], "S4" : [0, 2, 4, 5, 9, 10, 14, 15, 16, 41, 44, 45, 51, 54, 58, 63, 84, 85, 86, 88, 129, 131, 132, 138, 139, 256, 322, 380, 386 ],
"5" : [ 136], "S5" : [0, 2, 9, 10, 11, 41, 44, 45, 51, 63, 84, 85, 129, 136, 256 ],
"6" : [ 142], "S6" : [0, 2, 9, 10, 24, 41, 44, 45, 51, 59, 63, 84, 85, 129, 142 ],
"7" : [ 143], "S7" : [0, 2, 9, 10, 25, 26, 27, 41, 44, 45, 51, 60, 63, 84, 85, 89, 129, 143, 144 ],
"8" : [ 145], "S8" : [0, 2, 9, 10, 33, 41, 44, 45, 51, 61, 63, 84, 85, 128, 129, 145, 184 ],
"9" : [ 146], "S9" : [0, 2, 9, 10, 34, 35, 36, 41, 44, 45, 51, 62, 63, 84, 85, 90, 128, 129, 146, 147, 184 ],
"10" : [ 77, 66], "S10" : [1, 2, 3, 5, 9, 10, 22, 44, 45, 52, 53, 64, 65, 66, 77, 85, 86, 256, 338 ],
"11" : [ 76, 69], "S11" : [1, 2, 4, 5, 6, 8, 9, 10, 20, 44, 45, 52, 54, 55, 64, 65, 67, 68, 69, 76, 85, 86, 87, 256, 349, 367 ],
"12" : [ 71, 70], "S12" : [1, 2, 4, 5, 7, 8, 9, 10, 44, 45, 52, 54, 56, 64, 65, 67, 68, 70, 71, 85, 86, 87, 256, 349 ],
"13" : [ 73], "S13" : [1, 2, 4, 5, 9, 10, 13, 44, 45, 52, 54, 57, 64, 65, 67, 68, 73, 85, 86, 256, 322, 380, 386 ],
"14" : [ 74], "S14" : [1, 2, 4, 5, 9, 10, 14, 15, 16, 44, 45, 52, 54, 58, 64, 65, 67, 68, 74, 75, 85, 86, 88, 256, 322, 380, 386 ],
"15" : [ 72], "S15" : [1, 2, 9, 10, 11, 44, 45, 52, 64, 65, 72, 85, 256 ],
"16" : [ 78], "S16" : [1, 2, 9, 10, 24, 44, 45, 52, 59, 64, 65, 78, 85 ],
"17" : [ 79], "S17" : [1, 2, 9, 10, 25, 26, 27, 44, 45, 52, 60, 64, 65, 79, 80, 85, 89 ],
"18" : [ 81], "S18" : [1, 2, 9, 10, 33, 44, 45, 52, 61, 64, 65, 81, 85, 128, 184 ],
"19" : [ 82], "S19" : [1, 2, 9, 10, 34, 35, 36, 44, 45, 52, 62, 64, 65, 82, 83, 85, 90, 128, 184 ],
"20" : [ 234, 223], "S20" : [2, 3, 5, 9, 10, 22, 35, 36, 44, 45, 53, 85, 86, 90, 128, 184, 223, 234, 256, 338 ],
"21" : [ 280, 269], "S21" : [2, 3, 5, 9, 10, 22, 26, 27, 44, 45, 53, 85, 86, 89, 269, 280, 288, 338 ],
"22" : [ 346, 339], "S22" : [2, 3, 5, 6, 8, 9, 10, 20, 22, 44, 45, 53, 55, 85, 86, 87, 338, 339, 346, 349, 367 ],
"23" : [ 341, 340], "S23" : [2, 3, 5, 7, 8, 9, 10, 22, 44, 45, 53, 56, 85, 86, 87, 338, 340, 341, 349 ],
"24" : [ 342], "S24" : [2, 3, 5, 9, 10, 11, 22, 44, 45, 53, 85, 86, 338, 342 ],
"25" : [ 343], "S25" : [2, 3, 5, 9, 10, 13, 22, 44, 45, 53, 57, 85, 86, 322, 338, 343, 380, 386 ],
"26" : [ 344], "S26" : [2, 3, 5, 9, 10, 14, 15, 16, 22, 44, 45, 53, 58, 85, 86, 88, 322, 338, 344, 345, 380, 386 ],
"27" : [ 233, 226], "S27" : [2, 4, 5, 6, 8, 9, 10, 20, 35, 36, 44, 45, 54, 55, 85, 86, 87, 90, 128, 184, 224, 225, 226, 233, 256, 349, 367 ],
"28" : [ 228, 227], "S28" : [2, 4, 5, 7, 8, 9, 10, 35, 36, 44, 45, 54, 56, 85, 86, 87, 90, 128, 184, 224, 225, 227, 228, 256, 349 ],
"29" : [ 230], "S29" : [2, 4, 5, 9, 10, 13, 35, 36, 44, 45, 54, 57, 85, 86, 90, 128, 184, 224, 225, 230, 256, 322, 380, 386 ],
"30" : [ 231], "S30" : [2, 4, 5, 9, 10, 14, 15, 16, 35, 36, 44, 45, 54, 58, 85, 86, 88, 90, 128, 184, 224, 225, 231, 232, 256, 322, 380, 386 ],
"31" : [ 279, 272], "S31" : [2, 4, 5, 6, 8, 9, 10, 20, 26, 27, 44, 45, 54, 55, 85, 86, 87, 89, 270, 271, 272, 279, 288, 349, 367 ],
"32" : [ 274, 273], "S32" : [2, 4, 5, 7, 8, 9, 10, 26, 27, 44, 45, 54, 56, 85, 86, 87, 89, 270, 271, 273, 274, 288, 349 ],
"33" : [ 276], "S33" : [2, 4, 5, 9, 10, 13, 26, 27, 44, 45, 54, 57, 85, 86, 89, 270, 271, 276, 288, 322, 380, 386 ],
"34" : [ 277], "S34" : [2, 4, 5, 9, 10, 14, 15, 16, 26, 27, 44, 45, 54, 58, 85, 86, 88, 89, 270, 271, 277, 278, 288, 322, 380, 386 ],
"35" : [ 368], "S35" : [2, 5, 6, 8, 9, 10, 11, 20, 44, 45, 55, 85, 86, 87, 349, 367, 368 ],
"36" : [ 369], "S36" : [2, 5, 6, 8, 9, 10, 13, 20, 44, 45, 55, 57, 85, 86, 87, 322, 349, 367, 369, 372, 375, 377, 380, 386 ],
"37" : [ 370], "S37" : [2, 5, 6, 8, 9, 10, 14, 15, 16, 20, 44, 45, 55, 58, 85, 86, 87, 88, 322, 349, 367, 370, 371, 372, 375, 377, 380, 386 ],
"38" : [ 94], "S38" : [2, 5, 8, 9, 10, 21, 44, 45, 47, 85, 86, 87, 92, 93, 94, 331, 349, 358, 362 ],
"39" : [ 190], "S39" : [2, 5, 8, 9, 10, 21, 39, 44, 45, 47, 50, 85, 86, 87, 104, 128, 184, 186, 188, 189, 190, 202, 331, 349, 358, 362 ],
"40" : [ 303], "S40" : [2, 5, 8, 9, 10, 21, 26, 27, 29, 44, 45, 47, 49, 85, 86, 87, 89, 259, 284, 288, 293, 294, 297, 299, 301, 302, 303, 311, 313, 314, 331, 349, 358, 362 ],
"41" : [ 324], "S41" : [2, 5, 8, 9, 10, 21, 23, 44, 45, 47, 48, 85, 86, 87, 323, 324, 330, 331, 349, 358, 362 ],
"42" : [ 359], "S42" : [2, 5, 8, 9, 10, 19, 21, 44, 45, 46, 47, 85, 86, 87, 322, 331, 349, 358, 359, 362, 372, 375, 377, 380, 382, 385, 386 ],
"43" : [ 361, 360], "S43" : [2, 5, 8, 9, 10, 21, 44, 45, 47, 85, 86, 87, 322, 331, 349, 358, 360, 361, 362, 365, 366, 372, 375, 377, 380, 386 ],
"44" : [ 96, 95], "S44" : [2, 5, 8, 9, 10, 44, 45, 85, 86, 87, 92, 93, 95, 96, 332, 333, 349 ],
"45" : [ 192, 191], "S45" : [2, 5, 8, 9, 10, 39, 44, 45, 50, 85, 86, 87, 104, 128, 184, 186, 188, 189, 191, 192, 202, 332, 333, 349 ],
"46" : [ 305, 304], "S46" : [2, 5, 8, 9, 10, 26, 27, 29, 44, 45, 49, 85, 86, 87, 89, 259, 284, 288, 293, 294, 297, 299, 301, 302, 304, 305, 311, 313, 314, 332, 333, 349 ],
"47" : [ 326, 325], "S47" : [2, 5, 8, 9, 10, 23, 44, 45, 48, 85, 86, 87, 323, 325, 326, 330, 332, 333, 349 ],
"48" : [ 348], "S48" : [2, 5, 8, 9, 10, 44, 45, 85, 86, 87, 348, 349 ],
"49" : [ 350], "S49" : [2, 5, 8, 9, 10, 44, 45, 85, 86, 87, 347, 349, 350 ],
"50" : [ 373], "S50" : [2, 5, 8, 9, 10, 44, 45, 85, 86, 87, 321, 349, 363, 373 ],
"51" : [ 376], "S51" : [2, 5, 8, 9, 10, 44, 45, 85, 86, 87, 321, 349, 363, 372, 376 ],
"52" : [ 364], "S52" : [2, 5, 8, 9, 10, 19, 44, 45, 46, 85, 86, 87, 322, 349, 364, 372, 375, 377, 380, 382, 385, 386 ],
"53" : [ 374], "S53" : [2, 5, 8, 9, 10, 12, 44, 45, 85, 86, 87, 349, 374 ],
"54" : [ 319], "S54" : [2, 5, 9, 10, 12, 44, 45, 85, 86, 319, 321 ],
"55" : [ 354], "S55" : [2, 5, 9, 10, 12, 44, 45, 85, 86, 347, 351, 354 ],
"56" : [ 398], "S56" : [2, 5, 9, 10, 12, 15, 16, 44, 45, 85, 86, 88, 322, 378, 380, 386, 398 ],
"57" : [ 390], "S57" : [2, 5, 9, 10, 11, 13, 17, 44, 45, 57, 85, 86, 322, 380, 386, 390 ],
"58" : [ 391], "S58" : [2, 5, 9, 10, 13, 17, 44, 45, 57, 85, 86, 322, 380, 386, 391 ],
"59" : [ 18], "S59" : [2, 5, 9, 10, 13, 15, 16, 18, 44, 45, 57, 85, 86, 88, 322, 380, 386 ],
"60" : [ 393], "S60" : [2, 5, 9, 10, 13, 15, 16, 44, 45, 57, 85, 86, 88, 322, 380, 381, 386, 393, 396, 399, 401 ],
"61" : [ 394], "S61" : [2, 5, 9, 10, 14, 15, 16, 44, 45, 58, 85, 86, 88, 322, 380, 381, 386, 394, 395, 396, 399, 401 ],
"62" : [ 383], "S62" : [2, 5, 9, 10, 15, 16, 19, 44, 45, 46, 85, 86, 88, 322, 380, 381, 382, 383, 385, 386, 387, 396, 399, 401 ],
"63" : [ 384], "S63" : [2, 5, 9, 10, 15, 16, 19, 44, 45, 46, 85, 86, 88, 322, 380, 381, 382, 384, 385, 386, 388, 389, 396, 399, 401 ],
"64" : [ 392], "S64" : [2, 5, 9, 10, 11, 15, 16, 44, 45, 85, 86, 88, 322, 380, 386, 392 ],
"65" : [ 400], "S65" : [2, 5, 9, 10, 15, 16, 44, 45, 85, 86, 88, 322, 380, 386, 396, 400 ],
"66" : [ 397], "S66" : [2, 5, 9, 10, 15, 16, 44, 45, 85, 86, 88, 322, 380, 386, 397 ],
"67" : [ 97], "S67" : [2, 5, 9, 10, 19, 44, 45, 46, 85, 86, 92, 93, 97, 322, 380, 382, 385, 386 ],
"68" : [ 193], "S68" : [2, 5, 9, 10, 19, 39, 44, 45, 46, 50, 85, 86, 104, 128, 184, 186, 188, 189, 193, 202, 322, 380, 382, 385, 386 ],
"69" : [ 306], "S69" : [2, 5, 9, 10, 19, 26, 27, 29, 44, 45, 46, 49, 85, 86, 89, 259, 284, 288, 293, 294, 297, 299, 301, 302, 306, 311, 313, 314, 322, 380, 382, 385, 386 ],
"70" : [ 327], "S70" : [2, 5, 9, 10, 19, 23, 44, 45, 46, 48, 85, 86, 322, 323, 327, 330, 380, 382, 385, 386 ],
"71" : [ 335], "S71" : [2, 5, 9, 10, 19, 44, 45, 46, 85, 86, 322, 335, 347, 351, 352, 355, 357, 380, 382, 385, 386 ],
"72" : [ 108], "S72" : [2, 5, 9, 10, 23, 43, 44, 45, 48, 85, 86, 91, 108, 127, 256, 323, 330 ],
"73" : [ 117], "S73" : [2, 5, 9, 10, 23, 42, 44, 45, 48, 85, 86, 91, 107, 116, 117, 127, 256, 323, 330 ],
"74" : [ 187], "S74" : [2, 5, 9, 10, 23, 39, 44, 45, 48, 50, 85, 86, 104, 128, 184, 186, 187, 202, 323, 330 ],
"75" : [ 203], "S75" : [2, 5, 9, 10, 23, 44, 45, 48, 85, 86, 128, 184, 203, 256, 323, 330 ],
"76" : [ 260], "S76" : [2, 5, 9, 10, 23, 44, 45, 48, 85, 86, 256, 260, 323, 330 ],
"77" : [ 300], "S77" : [2, 5, 9, 10, 23, 26, 27, 29, 44, 45, 48, 49, 85, 86, 89, 259, 284, 288, 293, 294, 297, 299, 300, 311, 312, 323, 330 ],
"78" : [ 329, 328], "S78" : [2, 5, 9, 10, 23, 44, 45, 48, 85, 86, 322, 323, 328, 329, 330, 380, 386 ],
"79" : [ 99, 98], "S79" : [2, 5, 9, 10, 44, 45, 85, 86, 92, 93, 98, 99, 322, 380, 386 ],
"80" : [ 110, 109], "S80" : [2, 5, 9, 10, 43, 44, 45, 85, 86, 92, 93, 109, 110, 127, 256 ],
"81" : [ 119, 118], "S81" : [2, 5, 9, 10, 42, 44, 45, 85, 86, 92, 93, 107, 116, 118, 119, 127, 256 ],
"82" : [ 155], "S82" : [2, 5, 9, 10, 44, 45, 85, 86, 127, 149, 155, 156, 256 ],
"83" : [ 157], "S83" : [2, 5, 9, 10, 44, 45, 85, 86, 127, 149, 154, 156, 157, 256 ],
"84" : [ 170], "S84" : [2, 5, 9, 10, 40, 44, 45, 85, 86, 127, 148, 170, 171, 256 ],
"85" : [ 172], "S85" : [2, 5, 9, 10, 40, 44, 45, 85, 86, 127, 148, 169, 171, 172, 256 ],
"86" : [ 195, 194], "S86" : [2, 5, 9, 10, 39, 44, 45, 50, 85, 86, 104, 128, 184, 186, 188, 189, 194, 195, 202, 322, 380, 386 ],
"87" : [ 205, 204], "S87" : [2, 5, 9, 10, 44, 45, 85, 86, 128, 184, 204, 205, 256 ],
"88" : [ 214], "S88" : [2, 5, 9, 10, 33, 37, 44, 45, 61, 85, 86, 128, 184, 214, 215, 256 ],
"89" : [ 216], "S89" : [2, 5, 9, 10, 33, 37, 44, 45, 61, 85, 86, 128, 184, 213, 215, 216, 256 ],
"90" : [ 246], "S90" : [2, 5, 9, 10, 35, 36, 44, 45, 85, 86, 90, 128, 184, 246, 247, 256 ],
"91" : [ 248], "S91" : [2, 5, 9, 10, 35, 36, 44, 45, 85, 86, 90, 128, 184, 245, 247, 248, 256 ],
"92" : [ 262, 261], "S92" : [2, 5, 9, 10, 44, 45, 85, 86, 256, 261, 262 ],
"93" : [ 287], "S93" : [2, 5, 9, 10, 26, 27, 44, 45, 85, 86, 89, 287, 288 ],
"94" : [ 289], "S94" : [2, 5, 9, 10, 26, 27, 44, 45, 85, 86, 89, 286, 288, 289 ],
"95" : [ 308, 307], "S95" : [2, 5, 9, 10, 26, 27, 29, 44, 45, 49, 85, 86, 89, 259, 284, 288, 293, 294, 297, 299, 301, 302, 307, 308, 311, 313, 314, 322, 380, 386 ],
"96" : [ 320], "S96" : [2, 5, 9, 10, 44, 45, 85, 86, 320, 321 ],
"97" : [ 337, 336], "S97" : [2, 5, 9, 10, 44, 45, 85, 86, 322, 336, 337, 347, 351, 352, 355, 357, 380, 386 ],
"98" : [ 379], "S98" : [2, 5, 9, 10, 44, 45, 85, 86, 322, 379, 380, 386 ],
"99" : [ 353], "S99" : [2, 5, 9, 10, 44, 45, 85, 86, 321, 334, 347, 351, 353 ],
"100" : [ 356], "S100" : [2, 5, 9, 10, 44, 45, 85, 86, 321, 334, 347, 351, 352, 356 ],
"101" : [ 180], "S101" : [2, 9, 10, 11, 44, 45, 85, 180 ],
"102" : [ 221], "S102" : [2, 9, 10, 11, 33, 37, 44, 45, 61, 85, 128, 184, 221 ],
"103" : [ 229], "S103" : [2, 9, 10, 11, 35, 36, 44, 45, 85, 90, 128, 184, 229, 256 ],
"104" : [ 267], "S104" : [2, 9, 10, 11, 24, 30, 44, 45, 59, 85, 267 ],
"105" : [ 275], "S105" : [2, 9, 10, 11, 26, 27, 44, 45, 85, 89, 275 ],
"106" : [ 160], "S106" : [2, 9, 10, 24, 28, 30, 44, 45, 59, 85, 100, 127, 149, 152, 159, 160, 256, 257 ],
"107" : [ 175], "S107" : [2, 9, 10, 24, 28, 30, 40, 44, 45, 59, 85, 100, 127, 148, 167, 174, 175, 256, 257 ],
"108" : [ 219], "S108" : [2, 9, 10, 24, 28, 30, 33, 37, 44, 45, 59, 61, 85, 128, 184, 207, 211, 218, 219, 256, 257 ],
"109" : [ 251], "S109" : [2, 9, 10, 24, 28, 30, 35, 36, 44, 45, 59, 85, 90, 128, 184, 207, 235, 243, 250, 251, 256, 257 ],
"110" : [ 268], "S110" : [2, 9, 10, 24, 30, 44, 45, 59, 85, 268 ],
"111" : [ 31], "S111" : [2, 9, 10, 24, 26, 27, 31, 44, 45, 59, 85, 89 ],
"112" : [ 281], "S112" : [2, 9, 10, 24, 26, 27, 44, 45, 59, 85, 89, 259, 281, 284, 293, 294, 297 ],
"113" : [ 236], "S113" : [2, 9, 10, 25, 26, 27, 35, 36, 44, 45, 60, 85, 89, 90, 128, 184, 207, 236, 237 ],
"114" : [ 282], "S114" : [2, 9, 10, 25, 26, 27, 44, 45, 60, 85, 89, 259, 282, 283, 284, 293, 294, 297 ],
"115" : [ 101], "S115" : [2, 9, 10, 26, 27, 29, 44, 45, 49, 85, 89, 100, 101, 259, 284, 293, 294, 297, 299, 311 ],
"116" : [ 197], "S116" : [2, 9, 10, 26, 27, 29, 39, 44, 45, 49, 50, 85, 89, 104, 128, 184, 186, 196, 197, 202, 207, 259, 284, 293, 294, 297, 299, 311 ],
"117" : [ 264], "S117" : [2, 9, 10, 26, 27, 29, 44, 45, 49, 85, 89, 259, 264, 284, 293, 294, 297, 299, 311 ],
"118" : [ 309], "S118" : [2, 9, 10, 26, 27, 29, 44, 45, 49, 85, 89, 259, 283, 284, 293, 294, 297, 298, 299, 309, 311, 316 ],
"119" : [ 310], "S119" : [2, 9, 10, 26, 27, 29, 44, 45, 49, 85, 89, 259, 283, 284, 293, 294, 297, 298, 299, 310, 311, 317, 318 ],
"120" : [ 103, 102], "S120" : [2, 9, 10, 26, 27, 44, 45, 85, 89, 100, 102, 103, 259, 265, 266, 284, 293, 294, 297 ],
"121" : [ 199, 198], "S121" : [2, 9, 10, 26, 27, 39, 44, 45, 50, 85, 89, 104, 128, 184, 186, 196, 198, 199, 202, 207, 259, 265, 266, 284, 293, 294, 297 ],
"122" : [ 295], "S122" : [2, 9, 10, 26, 27, 28, 44, 45, 85, 89, 259, 284, 291, 293, 294, 295, 297 ],
"123" : [ 296], "S123" : [2, 9, 10, 26, 27, 44, 45, 85, 89, 259, 284, 293, 294, 296, 297 ],
"124" : [ 315], "S124" : [2, 9, 10, 26, 27, 44, 45, 85, 89, 259, 284, 286, 290, 293, 294, 297, 315, 321 ],
"125" : [ 292], "S125" : [2, 9, 10, 26, 27, 44, 45, 85, 89, 284, 292 ],
"126" : [ 285], "S126" : [2, 9, 10, 26, 27, 44, 45, 85, 89, 285 ],
"127" : [ 161], "S127" : [2, 9, 10, 32, 44, 45, 85, 125, 127, 149, 161 ],
"128" : [ 176], "S128" : [2, 9, 10, 32, 40, 44, 45, 85, 125, 127, 148, 176 ],
"129" : [ 220], "S129" : [2, 9, 10, 32, 33, 37, 44, 45, 61, 85, 128, 182, 184, 220 ],
"130" : [ 252], "S130" : [2, 9, 10, 32, 35, 36, 44, 45, 85, 90, 128, 182, 184, 252 ],
"131" : [ 212], "S131" : [2, 9, 10, 33, 37, 44, 45, 61, 85, 128, 184, 212, 256 ],
"132" : [ 217], "S132" : [2, 9, 10, 33, 37, 44, 45, 61, 85, 128, 184, 213, 217, 256, 321 ],
"133" : [ 222], "S133" : [2, 9, 10, 33, 37, 44, 45, 61, 85, 128, 184, 222 ],
"134" : [ 38], "S134" : [2, 9, 10, 33, 35, 36, 38, 44, 45, 61, 85, 90, 128, 184 ],
"135" : [ 238], "S135" : [2, 9, 10, 33, 35, 36, 44, 45, 61, 85, 90, 128, 184, 185, 238, 241, 253, 255 ],
"136" : [ 239], "S136" : [2, 9, 10, 34, 35, 36, 44, 45, 62, 85, 90, 128, 184, 185, 239, 240, 241, 253, 255 ],
"137" : [ 200], "S137" : [2, 9, 10, 35, 36, 39, 44, 45, 50, 85, 90, 104, 128, 184, 185, 186, 200, 202, 208, 241, 253, 255 ],
"138" : [ 201], "S138" : [2, 9, 10, 35, 36, 39, 44, 45, 50, 85, 90, 104, 128, 184, 185, 186, 201, 202, 209, 210, 241, 253, 255 ],
"139" : [ 254], "S139" : [2, 9, 10, 35, 36, 44, 45, 85, 90, 128, 184, 241, 254 ],
"140" : [ 242], "S140" : [2, 9, 10, 35, 36, 44, 45, 85, 90, 128, 184, 242 ],
"141" : [ 244], "S141" : [2, 9, 10, 35, 36, 44, 45, 85, 90, 128, 184, 244, 256 ],
"142" : [ 249], "S142" : [2, 9, 10, 35, 36, 44, 45, 85, 90, 128, 184, 245, 249, 256, 321 ],
"143" : [ 113], "S143" : [2, 9, 10, 39, 43, 44, 45, 50, 85, 104, 113, 128, 184, 186, 202 ],
"144" : [ 122], "S144" : [2, 9, 10, 39, 42, 44, 45, 50, 85, 104, 107, 116, 122, 128, 184, 186, 202 ],
"145" : [ 179, 177], "S145" : [2, 9, 10, 40, 44, 45, 85, 128, 148, 165, 177, 179, 184 ],
"146" : [ 178], "S146" : [2, 9, 10, 40, 44, 45, 85, 127, 148, 165, 178 ],
"147" : [ 166], "S147" : [2, 9, 10, 40, 44, 45, 85, 127, 148, 166 ],
"148" : [ 168], "S148" : [2, 9, 10, 40, 44, 45, 85, 127, 148, 168, 256 ],
"149" : [ 173], "S149" : [2, 9, 10, 40, 44, 45, 85, 127, 148, 169, 173, 256, 321 ],
"150" : [ 120], "S150" : [2, 9, 10, 42, 44, 45, 85, 107, 116, 120, 127, 256, 321 ],
"151" : [ 121], "S151" : [2, 9, 10, 42, 44, 45, 85, 100, 107, 116, 121, 127 ],
"152" : [ 124, 123], "S152" : [2, 9, 10, 42, 44, 45, 85, 105, 106, 107, 116, 123, 124, 128, 184 ],
"153" : [ 111], "S153" : [2, 9, 10, 43, 44, 45, 85, 111, 127, 256, 321 ],
"154" : [ 112], "S154" : [2, 9, 10, 43, 44, 45, 85, 100, 112, 127 ],
"155" : [ 115, 114], "S155" : [2, 9, 10, 43, 44, 45, 85, 105, 106, 114, 115, 128, 184 ],
"156" : [ 126], "S156" : [2, 9, 10, 44, 45, 85, 126, 127 ],
"157" : [ 151], "S157" : [2, 9, 10, 44, 45, 85, 127, 149, 151 ],
"158" : [ 153], "S158" : [2, 9, 10, 44, 45, 85, 127, 149, 153, 256 ],
"159" : [ 158], "S159" : [2, 9, 10, 44, 45, 85, 127, 149, 154, 158, 256, 321 ],
"160" : [ 163], "S160" : [2, 9, 10, 44, 45, 85, 127, 149, 150, 163 ],
"161" : [ 164, 162], "S161" : [2, 9, 10, 44, 45, 85, 128, 149, 150, 162, 164, 184 ],
"162" : [ 183], "S162" : [2, 9, 10, 44, 45, 85, 128, 183, 184 ],
"163" : [ 206], "S163" : [2, 9, 10, 44, 45, 85, 128, 184, 206, 256, 321 ],
"164" : [ 181], "S164" : [2, 9, 10, 44, 45, 85, 181 ],
"165" : [ 258], "S165" : [2, 9, 10, 44, 45, 85, 256, 258 ],
"166" : [ 263], "S166" : [2, 9, 10, 44, 45, 85, 256, 263, 321 ]
},{ "Name" : "_verifyNoLeadingZeroes" ,
"Duas" : "49" ,
"Subsumers" : 18,
"0" : [ 13], "S0" : [0, 13, 15, 19 ],
"1" : [ 14], "S1" : [0, 2, 14, 15, 19, 21, 23 ],
"2" : [ 20, 16, 1], "S2" : [1, 2, 16, 20, 21, 23 ],
"3" : [ 25, 12, 3], "S3" : [2, 3, 5, 12, 21, 22, 23, 25, 27, 30 ],
"4" : [ 26, 4], "S4" : [2, 4, 5, 21, 22, 23, 26, 27, 30 ],
"5" : [ 10], "S5" : [2, 5, 6, 8, 10, 17, 21, 22, 23, 24, 27, 30, 31, 36 ],
"6" : [ 11], "S6" : [2, 5, 6, 11, 17, 21, 22, 23, 27, 30, 31 ],
"7" : [ 34], "S7" : [2, 5, 6, 17, 21, 22, 23, 27, 30, 31, 34 ],
"8" : [ 45], "S8" : [2, 5, 6, 8, 9, 17, 21, 22, 23, 24, 27, 30, 31, 36, 37, 38, 41, 43, 45 ],
"9" : [ 35], "S9" : [2, 5, 7, 8, 18, 21, 22, 23, 24, 27, 30, 31, 35, 36 ],
"10" : [ 46], "S10" : [2, 5, 7, 8, 9, 18, 21, 22, 23, 24, 27, 30, 31, 36, 37, 38, 41, 43, 46, 47 ],
"11" : [ 42], "S11" : [2, 5, 8, 9, 21, 22, 23, 24, 27, 30, 31, 36, 37, 38, 41, 42, 44 ],
"12" : [ 48], "S12" : [2, 5, 8, 9, 21, 22, 23, 24, 27, 30, 31, 36, 37, 38, 41, 43, 47, 48 ],
"13" : [ 40], "S13" : [2, 5, 8, 21, 22, 23, 24, 27, 30, 31, 36, 38, 40 ],
"14" : [ 39], "S14" : [2, 5, 8, 21, 22, 23, 24, 27, 30, 31, 36, 39 ],
"15" : [ 32], "S15" : [2, 5, 21, 22, 23, 27, 30, 32, 33 ],
"16" : [ 29], "S16" : [2, 21, 23, 27, 29 ],
"17" : [ 28], "S17" : [2, 21, 23, 28 ]
},{ "Name" : "_handleInvalidNumberStart" ,
"Duas" : "48" ,
"Subsumers" : 15,
"0" : [ 46, 36, 8, 7], "S0" : [0, 3, 4, 5, 7, 8, 18, 33, 34, 36, 40, 41, 43, 46 ],
"1" : [ 44, 38, 13, 12], "S1" : [0, 3, 4, 10, 12, 13, 18, 33, 34, 38, 39, 43, 44 ],
"2" : [ 20, 19], "S2" : [0, 19, 20 ],
"3" : [ 42], "S3" : [0, 3, 4, 18, 33, 34, 40, 42, 43 ],
"4" : [ 17, 15], "S4" : [1, 3, 4, 15, 17, 18, 29, 31, 33, 34 ],
"5" : [ 16], "S5" : [1, 3, 4, 16, 18, 29, 31, 33, 34 ],
"6" : [ 32, 30, 2], "S6" : [2, 3, 4, 18, 30, 32, 33, 34 ],
"7" : [ 23], "S7" : [3, 4, 5, 6, 9, 18, 23, 33, 34, 35, 40, 41, 47 ],
"8" : [ 24], "S8" : [3, 4, 5, 6, 9, 18, 24, 33, 34, 35, 40, 41, 47 ],
"9" : [ 21], "S9" : [3, 4, 5, 18, 21, 33, 34, 40, 41 ],
"10" : [ 22], "S10" : [3, 4, 5, 18, 22, 33, 34, 40, 41 ],
"11" : [ 27], "S11" : [3, 4, 10, 11, 14, 18, 27, 33, 34, 37, 39, 45 ],
"12" : [ 28], "S12" : [3, 4, 10, 11, 14, 18, 28, 33, 34, 37, 39, 45 ],
"13" : [ 25], "S13" : [3, 4, 10, 18, 25, 33, 34, 39 ],
"14" : [ 26], "S14" : [3, 4, 10, 18, 26, 33, 34, 39 ]
},{ "Name" : "_parseFieldName" ,
"Duas" : "57" ,
"Subsumers" : 9,
"0" : [ 33, 23], "S0" : [0, 1, 2, 3, 4, 5, 12, 14, 15, 17, 18, 23, 24, 29, 33 ],
"1" : [ 50, 34], "S1" : [0, 1, 2, 3, 4, 5, 6, 12, 14, 15, 17, 18, 19, 22, 25, 26, 30, 32, 34, 42, 49, 50, 56 ],
"2" : [ 46], "S2" : [0, 1, 2, 3, 4, 5, 6, 12, 14, 15, 17, 18, 19, 22, 25, 32, 36, 38, 40, 43, 46 ],
"3" : [ 31, 27, 28], "S3" : [0, 1, 2, 6, 7, 8, 9, 12, 14, 16, 17, 18, 19, 20, 21, 22, 25, 27, 28, 31, 32, 36, 38, 40, 43, 45 ],
"4" : [ 54, 55, 48], "S4" : [0, 1, 2, 6, 7, 8, 9, 12, 14, 16, 17, 18, 19, 20, 21, 22, 25, 26, 30, 32, 35, 36, 38, 40, 42, 43, 45, 48, 51, 52, 54, 55 ],
"5" : [ 53, 47], "S5" : [0, 1, 2, 6, 12, 14, 17, 18, 19, 22, 25, 26, 30, 32, 35, 42, 47, 51, 52, 53 ],
"6" : [ 44, 37], "S6" : [0, 1, 2, 6, 12, 14, 17, 18, 19, 22, 25, 26, 30, 32, 37, 38, 40, 42, 44 ],
"7" : [ 41, 39], "S7" : [0, 1, 2, 6, 12, 14, 17, 18, 19, 22, 25, 26, 30, 32, 39, 41, 42 ],
"8" : [ 13, 11, 10], "S8" : [10, 11, 13 ]
},{ "Name" : "_parseFieldName2" ,
"Duas" : "63" ,
"Subsumers" : 18,
"0" : [ 19, 12, 10], "S0" : [0, 2, 3, 6, 7, 8, 10, 12, 15, 17, 19, 21, 22, 23, 26, 27, 29, 39, 43, 44, 46 ],
"1" : [ 11], "S1" : [0, 2, 3, 6, 7, 8, 11, 15, 17, 21, 22, 23, 26, 27, 29, 39, 43, 44, 46 ],
"2" : [ 24], "S2" : [0, 2, 3, 6, 7, 8, 15, 17, 21, 22, 23, 24, 26, 27, 29, 39, 43, 44, 46 ],
"3" : [ 35], "S3" : [0, 2, 3, 6, 7, 8, 13, 15, 17, 21, 22, 23, 26, 27, 29, 30, 33, 35, 37, 39, 41, 43, 44, 46, 53 ],
"4" : [ 25], "S4" : [1, 2, 3, 6, 7, 8, 15, 17, 21, 22, 23, 25, 26, 28, 29, 39, 43, 44, 46 ],
"5" : [ 36], "S5" : [1, 2, 3, 6, 7, 8, 13, 15, 17, 21, 22, 23, 26, 28, 29, 30, 33, 36, 37, 39, 41, 43, 44, 46, 53 ],
"6" : [ 59], "S6" : [2, 3, 4, 6, 7, 8, 13, 15, 17, 20, 21, 22, 23, 26, 29, 30, 31, 33, 37, 39, 41, 43, 44, 46, 52, 53, 54, 58, 59, 61 ],
"7" : [ 60], "S7" : [2, 3, 4, 6, 7, 8, 13, 15, 17, 20, 21, 22, 23, 26, 29, 30, 31, 33, 37, 39, 41, 43, 44, 46, 52, 53, 54, 55, 58, 60, 61 ],
"8" : [ 62], "S8" : [2, 3, 4, 6, 7, 8, 13, 15, 17, 20, 21, 22, 23, 26, 29, 30, 31, 33, 37, 39, 41, 43, 44, 46, 53, 54, 62 ],
"9" : [ 50, 48, 5], "S9" : [2, 3, 5, 6, 7, 8, 13, 15, 17, 18, 21, 22, 23, 26, 29, 30, 33, 37, 38, 39, 41, 43, 44, 46, 47, 48, 50, 53 ],
"10" : [ 51, 42, 9], "S10" : [2, 3, 6, 7, 8, 9, 13, 15, 17, 21, 22, 23, 26, 29, 30, 33, 37, 39, 41, 42, 43, 44, 46, 51, 53 ],
"11" : [ 45, 16], "S11" : [2, 3, 6, 7, 8, 13, 15, 16, 17, 21, 22, 23, 26, 29, 30, 33, 37, 38, 39, 41, 43, 44, 45, 46, 53 ],
"12" : [ 49], "S12" : [2, 3, 6, 7, 8, 13, 15, 17, 18, 21, 22, 23, 26, 29, 30, 33, 37, 38, 39, 41, 43, 44, 46, 47, 49, 53 ],
"13" : [ 32], "S13" : [2, 3, 6, 7, 8, 13, 15, 17, 21, 22, 23, 26, 29, 30, 32, 33, 37, 39, 41, 43, 44, 46, 53, 55 ],
"14" : [ 40], "S14" : [2, 3, 6, 7, 8, 13, 15, 17, 21, 22, 23, 26, 29, 30, 33, 37, 38, 39, 40, 41, 43, 44, 46, 53 ],
"15" : [ 56], "S15" : [2, 3, 6, 7, 8, 13, 15, 17, 21, 22, 23, 26, 29, 30, 33, 37, 39, 41, 43, 44, 46, 52, 53, 55, 56 ],
"16" : [ 57], "S16" : [2, 3, 6, 7, 8, 13, 15, 17, 21, 22, 23, 26, 29, 30, 33, 37, 39, 41, 43, 44, 46, 53, 55, 57 ],
"17" : [ 34, 14], "S17" : [2, 3, 6, 7, 8, 14, 15, 17, 21, 22, 23, 26, 29, 34, 39, 43, 44, 46 ]
},{ "Name" : "_handleUnusualFieldName" ,
"Duas" : "98" ,
"Subsumers" : 22,
"0" : [ 35, 32, 16, 0], "S0" : [0, 2, 3, 4, 16, 32, 35, 37, 41, 42 ],
"1" : [ 36, 1], "S1" : [1, 2, 3, 4, 36, 37, 41, 42 ],
"2" : [ 75, 70, 63, 62], "S2" : [2, 3, 4, 5, 6, 7, 37, 38, 41, 42, 48, 62, 63, 70, 75 ],
"3" : [ 97, 89, 88, 76], "S3" : [2, 3, 4, 5, 6, 7, 8, 37, 38, 41, 42, 43, 48, 61, 64, 65, 71, 74, 76, 82, 88, 89, 97 ],
"4" : [ 72, 66, 67], "S4" : [2, 3, 4, 8, 9, 10, 11, 37, 39, 41, 42, 43, 44, 46, 56, 61, 64, 66, 67, 72, 74, 79, 80 ],
"5" : [ 93, 94, 86], "S5" : [2, 3, 4, 8, 9, 10, 11, 37, 39, 41, 42, 43, 44, 46, 56, 61, 64, 65, 71, 74, 77, 79, 80, 82, 86, 90, 91, 93, 94 ],
"6" : [ 73, 68, 69], "S6" : [2, 3, 4, 8, 12, 13, 14, 37, 40, 41, 42, 43, 45, 47, 49, 55, 61, 64, 68, 69, 73, 74, 78, 83 ],
"7" : [ 95, 96, 87], "S7" : [2, 3, 4, 8, 12, 13, 14, 37, 40, 41, 42, 43, 45, 47, 49, 55, 61, 64, 65, 71, 74, 77, 78, 82, 83, 87, 90, 91, 95, 96 ],
"8" : [ 84, 50], "S8" : [2, 3, 4, 8, 37, 41, 42, 43, 50, 55, 61, 64, 65, 71, 74, 78, 82, 84 ],
"9" : [ 81], "S9" : [2, 3, 4, 8, 37, 41, 42, 43, 56, 61, 64, 65, 71, 74, 79, 81, 82 ],
"10" : [ 92, 85], "S10" : [2, 3, 4, 8, 37, 41, 42, 43, 61, 64, 65, 71, 74, 77, 82, 85, 90, 91, 92 ],
"11" : [ 57], "S11" : [2, 3, 4, 15, 22, 25, 37, 41, 42, 53, 57 ],
"12" : [ 59], "S12" : [2, 3, 4, 15, 23, 24, 25, 37, 41, 42, 54, 59 ],
"13" : [ 34, 18], "S13" : [2, 3, 4, 18, 20, 34, 37, 41, 42 ],
"14" : [ 21], "S14" : [2, 3, 4, 21, 37, 41, 42 ],
"15" : [ 30], "S15" : [2, 3, 4, 22, 26, 28, 30, 37, 41, 42, 51, 53 ],
"16" : [ 31], "S16" : [2, 3, 4, 22, 26, 28, 31, 37, 41, 42, 51, 53 ],
"17" : [ 29], "S17" : [2, 3, 4, 22, 26, 29, 37, 41, 42, 51, 53 ],
"18" : [ 52, 27], "S18" : [2, 3, 4, 22, 27, 37, 41, 42, 52, 53 ],
"19" : [ 58], "S19" : [2, 3, 4, 22, 37, 41, 42, 53, 58 ],
"20" : [ 60], "S20" : [2, 3, 4, 23, 24, 37, 41, 42, 54, 60 ],
"21" : [ 33, 19, 17], "S21" : [17, 19, 20, 33 ]
},{ "Name" : "_parseApostropheFieldName" ,
"Duas" : "47" ,
"Subsumers" : 8,
"0" : [ 23, 13], "S0" : [0, 1, 2, 7, 13, 14, 19, 23 ],
"1" : [ 40, 24], "S1" : [0, 1, 2, 3, 7, 9, 12, 15, 16, 20, 22, 24, 31, 34, 39, 40, 46 ],
"2" : [ 35, 26], "S2" : [0, 1, 2, 3, 7, 9, 12, 15, 22, 26, 28, 31, 32, 35 ],
"3" : [ 21, 17, 18], "S3" : [3, 4, 5, 6, 8, 9, 10, 11, 12, 15, 17, 18, 21, 22, 30 ],
"4" : [ 44, 45, 38], "S4" : [3, 4, 5, 6, 8, 9, 10, 11, 12, 15, 16, 20, 22, 25, 30, 31, 34, 38, 41, 42, 44, 45 ],
"5" : [ 43, 37], "S5" : [3, 9, 12, 15, 16, 20, 22, 25, 31, 34, 37, 41, 42, 43 ],
"6" : [ 36, 27], "S6" : [3, 9, 12, 15, 16, 20, 22, 27, 28, 31, 32, 34, 36 ],
"7" : [ 33, 29], "S7" : [3, 9, 12, 15, 16, 20, 22, 29, 31, 33, 34 ]
},{ "Name" : "_handleUnexpectedValue" ,
"Duas" : "43" ,
"Subsumers" : 12,
"0" : [ 33, 4, 1], "S0" : [0, 1, 4, 26, 33 ],
"1" : [ 34, 3, 2], "S1" : [0, 2, 3, 20, 26, 29, 34 ],
"2" : [ 35, 9, 6], "S2" : [5, 6, 9, 25, 35 ],
"3" : [ 36, 8, 7], "S3" : [5, 7, 8, 20, 25, 29, 36 ],
"4" : [ 16, 14], "S4" : [10, 12, 13, 14, 16, 24, 37, 39, 41, 42 ],
"5" : [ 15], "S5" : [10, 12, 13, 15, 24, 37, 39, 41, 42 ],
"6" : [ 40, 38, 11], "S6" : [11, 12, 13, 24, 38, 40, 41, 42 ],
"7" : [ 31, 19, 17], "S7" : [17, 19, 23, 31 ],
"8" : [ 32, 18], "S8" : [18, 20, 23, 29, 32 ],
"9" : [ 30, 27, 21], "S9" : [20, 21, 27, 29, 30 ],
"10" : [ 22], "S10" : [20, 22, 29 ],
"11" : [ 28], "S11" : [20, 28, 29 ]
},{ "Name" : "_handleApostropheValue" ,
"Duas" : "51" ,
"Subsumers" : 16,
"0" : [ 10, 8], "S0" : [0, 2, 3, 6, 8, 10, 12, 13, 17, 18, 19, 31, 34, 35, 37 ],
"1" : [ 9], "S1" : [0, 2, 3, 6, 9, 12, 13, 17, 18, 19, 31, 34, 35, 37 ],
"2" : [ 15], "S2" : [0, 2, 3, 6, 12, 13, 15, 17, 18, 19, 31, 34, 35, 37 ],
"3" : [ 27], "S3" : [0, 2, 3, 6, 12, 13, 17, 18, 19, 27, 29, 31, 34, 35, 37, 50 ],
"4" : [ 16], "S4" : [1, 2, 3, 6, 12, 14, 16, 17, 18, 19, 31, 34, 35, 37 ],
"5" : [ 28], "S5" : [1, 2, 3, 6, 12, 14, 17, 18, 19, 28, 29, 31, 34, 35, 37, 50 ],
"6" : [ 23], "S6" : [2, 3, 4, 6, 11, 12, 17, 18, 19, 20, 23, 29, 31, 34, 35, 37, 43, 46, 50 ],
"7" : [ 44], "S7" : [2, 3, 4, 6, 11, 12, 17, 18, 19, 20, 29, 31, 34, 35, 37, 43, 44, 46, 47, 50 ],
"8" : [ 45], "S8" : [2, 3, 4, 6, 11, 12, 17, 18, 19, 20, 29, 31, 34, 35, 37, 43, 45, 46, 48, 49, 50 ],
"9" : [ 41, 39, 5], "S9" : [2, 3, 5, 6, 12, 17, 18, 19, 29, 30, 31, 34, 35, 37, 38, 39, 41, 50 ],
"10" : [ 42, 33, 7], "S10" : [2, 3, 6, 7, 12, 17, 18, 19, 29, 31, 33, 34, 35, 37, 42, 50 ],
"11" : [ 25, 24, 22, 21], "S11" : [2, 3, 6, 12, 17, 18, 19, 21, 22, 24, 25, 29, 31, 34, 35, 37, 50 ],
"12" : [ 26], "S12" : [2, 3, 6, 12, 17, 18, 19, 26, 31, 34, 35, 37 ],
"13" : [ 32], "S13" : [2, 3, 6, 12, 17, 18, 19, 29, 30, 31, 32, 34, 35, 37, 50 ],
"14" : [ 36], "S14" : [2, 3, 6, 12, 17, 18, 19, 29, 30, 31, 34, 35, 36, 37, 50 ],
"15" : [ 40], "S15" : [2, 3, 6, 12, 17, 18, 19, 29, 30, 31, 34, 35, 37, 38, 40, 50 ]
},{ "Name" : "_parseUnusualFieldName2" ,
"Duas" : "55" ,
"Subsumers" : 17,
"0" : [ 8], "S0" : [0, 5, 6, 7, 8, 15, 16, 22, 24 ],
"1" : [ 9], "S1" : [0, 2, 5, 6, 7, 9, 15, 16, 17, 20, 22, 24 ],
"2" : [ 18], "S2" : [0, 5, 6, 7, 15, 16, 18, 22, 24 ],
"3" : [ 40], "S3" : [0, 2, 3, 5, 6, 7, 10, 15, 16, 17, 20, 21, 22, 24, 25, 28, 34, 37, 40, 45 ],
"4" : [ 19], "S4" : [1, 2, 5, 6, 7, 15, 16, 17, 19, 20, 23, 24 ],
"5" : [ 41], "S5" : [1, 2, 3, 5, 6, 7, 10, 15, 16, 17, 20, 21, 23, 24, 25, 28, 34, 37, 41, 42, 45 ],
"6" : [ 51], "S6" : [2, 3, 4, 5, 6, 7, 10, 14, 15, 16, 17, 20, 21, 24, 25, 26, 28, 34, 37, 42, 43, 44, 45, 46, 50, 51, 53 ],
"7" : [ 52], "S7" : [2, 3, 4, 5, 6, 7, 10, 14, 15, 16, 17, 20, 21, 24, 25, 26, 28, 34, 37, 42, 43, 44, 45, 46, 47, 50, 52, 53 ],
"8" : [ 54], "S8" : [2, 3, 4, 5, 6, 7, 10, 14, 15, 16, 17, 20, 21, 24, 25, 26, 28, 34, 37, 45, 46, 54 ],
"9" : [ 39, 13], "S9" : [2, 3, 5, 6, 7, 10, 13, 15, 16, 17, 20, 21, 24, 25, 28, 30, 34, 35, 37, 39, 45 ],
"10" : [ 27], "S10" : [2, 3, 5, 6, 7, 10, 15, 16, 17, 20, 21, 24, 25, 27, 28, 34, 37, 45, 47 ],
"11" : [ 33], "S11" : [2, 3, 5, 6, 7, 10, 15, 16, 17, 20, 21, 24, 25, 28, 31, 33, 34, 36, 37, 45 ],
"12" : [ 48], "S12" : [2, 3, 5, 6, 7, 10, 15, 16, 17, 20, 21, 24, 25, 28, 34, 37, 42, 43, 44, 45, 47, 48 ],
"13" : [ 49], "S13" : [2, 3, 5, 6, 7, 10, 15, 16, 17, 20, 21, 24, 25, 28, 34, 37, 45, 47, 49 ],
"14" : [ 38, 12], "S14" : [2, 5, 6, 7, 12, 15, 16, 17, 20, 24, 30, 35, 38 ],
"15" : [ 32], "S15" : [2, 5, 6, 7, 15, 16, 17, 20, 24, 31, 32, 36 ],
"16" : [ 29, 11], "S16" : [5, 6, 7, 11, 15, 16, 24, 29 ]
},{ "Name" : "_finishString" ,
"Duas" : "43" ,
"Subsumers" : 8,
"0" : [ 22, 14], "S0" : [0, 1, 2, 6, 8, 11, 14, 15, 16, 22 ],
"1" : [ 35, 23], "S1" : [0, 1, 2, 3, 6, 8, 9, 11, 13, 17, 18, 21, 23, 35, 41, 42 ],
"2" : [ 34], "S2" : [0, 1, 2, 3, 6, 8, 9, 11, 13, 17, 21, 25, 27, 29, 31, 34 ],
"3" : [ 19, 20], "S3" : [3, 4, 5, 7, 9, 10, 12, 13, 17, 19, 20, 21, 25, 27, 29, 31, 33 ],
"4" : [ 39, 40], "S4" : [3, 4, 5, 7, 9, 10, 12, 13, 17, 18, 21, 24, 25, 27, 29, 31, 33, 36, 37, 39, 40 ],
"5" : [ 38], "S5" : [3, 9, 13, 17, 18, 21, 24, 36, 37, 38 ],
"6" : [ 32, 26], "S6" : [3, 9, 13, 17, 18, 21, 26, 27, 29, 32 ],
"7" : [ 30, 28], "S7" : [3, 9, 13, 17, 18, 21, 28, 30 ]
},{ "Name" : "_finishString2" ,
"Duas" : "50" ,
"Subsumers" : 16,
"0" : [ 10, 8], "S0" : [0, 2, 3, 6, 8, 10, 12, 13, 17, 18, 30, 33, 34, 36 ],
"1" : [ 9], "S1" : [0, 2, 3, 6, 9, 12, 13, 17, 18, 30, 33, 34, 36 ],
"2" : [ 15], "S2" : [0, 2, 3, 6, 12, 13, 15, 17, 18, 30, 33, 34, 36 ],
"3" : [ 26], "S3" : [0, 2, 3, 6, 12, 13, 17, 18, 26, 28, 30, 33, 34, 36, 49 ],
"4" : [ 16], "S4" : [1, 2, 3, 6, 12, 14, 16, 17, 18, 30, 33, 34, 36 ],
"5" : [ 27], "S5" : [1, 2, 3, 6, 12, 14, 17, 18, 27, 28, 30, 33, 34, 36, 49 ],
"6" : [ 22], "S6" : [2, 3, 4, 6, 11, 12, 17, 18, 19, 22, 28, 30, 33, 34, 36, 42, 45, 49 ],
"7" : [ 43], "S7" : [2, 3, 4, 6, 11, 12, 17, 18, 19, 28, 30, 33, 34, 36, 42, 43, 45, 46, 49 ],
"8" : [ 44], "S8" : [2, 3, 4, 6, 11, 12, 17, 18, 19, 28, 30, 33, 34, 36, 42, 44, 45, 47, 48, 49 ],
"9" : [ 40, 38, 5], "S9" : [2, 3, 5, 6, 12, 17, 18, 28, 29, 30, 33, 34, 36, 37, 38, 40, 49 ],
"10" : [ 41, 32, 7], "S10" : [2, 3, 6, 7, 12, 17, 18, 28, 30, 32, 33, 34, 36, 41, 49 ],
"11" : [ 24, 23, 21, 20], "S11" : [2, 3, 6, 12, 17, 18, 20, 21, 23, 24, 28, 30, 33, 34, 36, 49 ],
"12" : [ 25], "S12" : [2, 3, 6, 12, 17, 18, 25, 30, 33, 34, 36 ],
"13" : [ 31], "S13" : [2, 3, 6, 12, 17, 18, 28, 29, 30, 31, 33, 34, 36, 49 ],
"14" : [ 35], "S14" : [2, 3, 6, 12, 17, 18, 28, 29, 30, 33, 34, 35, 36, 49 ],
"15" : [ 39], "S15" : [2, 3, 6, 12, 17, 18, 28, 29, 30, 33, 34, 36, 37, 39, 49 ]
},{ "Name" : "_skipString" ,
"Duas" : "50" ,
"Subsumers" : 12,
"0" : [ 43, 41, 30, 0, 1], "S0" : [0, 1, 2, 21, 30, 31, 33, 36, 37, 39, 40, 41, 43 ],
"1" : [ 47, 44], "S1" : [2, 3, 4, 5, 6, 7, 10, 11, 13, 14, 21, 22, 23, 31, 32, 33, 35, 36, 37, 39, 44, 47, 48 ],
"2" : [ 49, 46, 45], "S2" : [2, 3, 4, 5, 6, 13, 21, 31, 32, 33, 35, 36, 37, 39, 45, 46, 49 ],
"3" : [ 12, 8], "S3" : [2, 7, 8, 10, 11, 12, 14, 21, 22, 23, 31, 33, 36, 37, 39 ],
"4" : [ 9], "S4" : [2, 7, 9, 10, 11, 14, 21, 22, 23, 31, 33, 36, 37, 39 ],
"5" : [ 18, 15], "S5" : [2, 7, 10, 11, 14, 15, 18, 19, 21, 22, 23, 31, 33, 36, 37, 39 ],
"6" : [ 24], "S6" : [2, 7, 10, 11, 14, 21, 22, 23, 24, 26, 29, 31, 33, 36, 37, 39 ],
"7" : [ 25], "S7" : [2, 7, 10, 11, 14, 21, 22, 23, 25, 27, 28, 31, 33, 36, 37, 39 ],
"8" : [ 20, 17, 16], "S8" : [2, 16, 17, 20, 21, 31, 33, 36, 37, 39 ],
"9" : [ 34], "S9" : [2, 21, 31, 33, 34, 36, 37, 39 ],
"10" : [ 38], "S10" : [2, 21, 31, 33, 36, 37, 38, 39 ],
"11" : [ 42], "S11" : [2, 21, 31, 33, 36, 37, 39, 40, 42 ]
},{ "Name" : "_skipCR" ,
"Duas" : "21" ,
"Subsumers" : 5,
"0" : [ 7], "S0" : [0, 4, 5, 7, 9, 11, 19 ],
"1" : [ 8], "S1" : [0, 4, 5, 8, 9, 11, 15, 19 ],
"2" : [ 12, 10, 1], "S2" : [1, 4, 5, 10, 12, 19 ],
"3" : [ 20, 17, 16, 13, 6, 2], "S3" : [2, 4, 5, 6, 13, 16, 17, 19, 20 ],
"4" : [ 18, 14, 3], "S4" : [3, 4, 5, 14, 15, 18, 19 ]
},{ "Name" : "_skipWS" ,
"Duas" : "32" ,
"Subsumers" : 0 
},{ "Name" : "_skipWSOrEnd" ,
"Duas" : "31" ,
"Subsumers" : 0 
},{ "Name" : "_skipComment" ,
"Duas" : "26" ,
"Subsumers" : 8,
"0" : [ 13, 12, 0], "S0" : [0, 4, 5, 12, 13, 19, 20 ],
"1" : [ 14, 1], "S1" : [1, 4, 5, 14, 19, 20 ],
"2" : [ 11, 9], "S2" : [2, 4, 5, 9, 11, 15, 17, 19, 20 ],
"3" : [ 10], "S3" : [2, 4, 5, 10, 15, 17, 19, 20 ],
"4" : [ 18, 16, 3], "S4" : [3, 4, 5, 16, 18, 19, 20 ],
"5" : [ 25, 24, 6], "S5" : [4, 5, 6, 19, 20, 22, 24, 25 ],
"6" : [ 23, 7], "S6" : [4, 5, 7, 19, 20, 22, 23 ],
"7" : [ 21, 8], "S7" : [4, 5, 8, 19, 20, 21 ]
},{ "Name" : "_skipCComment" ,
"Duas" : "45" ,
"Subsumers" : 0 
},{ "Name" : "_skipCppComment" ,
"Duas" : "24" ,
"Subsumers" : 0 
},{ "Name" : "_decodeEscaped" ,
"Duas" : "55" ,
"Subsumers" : 19,
"0" : [ 15, 13], "S0" : [0, 2, 3, 13, 15, 16, 20, 22, 23 ],
"1" : [ 14], "S1" : [0, 2, 3, 14, 16, 20, 22, 23 ],
"2" : [ 21, 17, 1], "S2" : [1, 2, 3, 17, 21, 22, 23 ],
"3" : [ 11, 9], "S3" : [2, 3, 4, 6, 7, 9, 11, 18, 22, 23, 24, 27, 35, 39, 40, 42, 49, 50, 53 ],
"4" : [ 10], "S4" : [2, 3, 4, 6, 7, 10, 18, 22, 23, 24, 27, 35, 39, 40, 42, 49, 50, 53 ],
"5" : [ 25], "S5" : [2, 3, 4, 6, 7, 18, 22, 23, 24, 25, 27, 35, 39, 40, 42, 49, 50, 53 ],
"6" : [ 43], "S6" : [2, 3, 4, 6, 7, 18, 22, 23, 24, 27, 35, 39, 40, 42, 43, 45, 49, 50, 51, 52, 53, 54 ],
"7" : [ 26], "S7" : [2, 3, 5, 6, 7, 19, 22, 23, 24, 26, 27, 35, 39, 40, 42, 49, 50, 53 ],
"8" : [ 44], "S8" : [2, 3, 5, 6, 7, 19, 22, 23, 24, 27, 35, 39, 40, 42, 44, 45, 49, 50, 51, 52, 53, 54 ],
"9" : [ 47, 46, 8], "S9" : [2, 3, 6, 7, 8, 22, 23, 24, 27, 35, 39, 40, 42, 46, 47, 49, 50, 53 ],
"10" : [ 48], "S10" : [2, 3, 6, 7, 22, 23, 24, 27, 35, 39, 40, 42, 48, 49, 50, 53 ],
"11" : [ 37, 28, 12], "S11" : [2, 3, 12, 22, 23, 28, 37 ],
"12" : [ 36, 29], "S12" : [2, 3, 22, 23, 29, 36 ],
"13" : [ 30], "S13" : [2, 3, 22, 23, 30 ],
"14" : [ 31], "S14" : [2, 3, 22, 23, 31 ],
"15" : [ 32], "S15" : [2, 3, 22, 23, 32 ],
"16" : [ 33], "S16" : [2, 3, 22, 23, 33 ],
"17" : [ 34], "S17" : [2, 3, 22, 23, 34 ],
"18" : [ 41, 38], "S18" : [2, 3, 22, 23, 35, 38, 41 ]
},{ "Name" : "_matchToken" ,
"Duas" : "63" ,
"Subsumers" : 17,
"0" : [ 24], "S0" : [0, 4, 12, 14, 19, 22, 24, 25, 29, 33, 37, 47 ],
"1" : [ 53], "S1" : [0, 4, 12, 14, 19, 22, 25, 33, 37, 38, 39, 43, 47, 48, 51, 53 ],
"2" : [ 13], "S2" : [0, 4, 13, 22, 25, 33, 37, 47 ],
"3" : [ 30], "S3" : [1, 4, 22, 26, 30, 33, 37, 47 ],
"4" : [ 40], "S4" : [1, 4, 22, 26, 33, 37, 38, 40, 43, 47, 48, 51 ],
"5" : [ 31, 23, 20], "S5" : [2, 4, 11, 15, 18, 20, 22, 23, 31, 33, 34, 37, 47 ],
"6" : [ 52, 49, 41], "S6" : [2, 4, 11, 15, 18, 22, 33, 34, 37, 38, 41, 43, 47, 48, 49, 51, 52 ],
"7" : [ 32, 21], "S7" : [3, 4, 16, 21, 22, 32, 33, 35, 37, 47 ],
"8" : [ 50, 42], "S8" : [3, 4, 16, 22, 33, 35, 37, 38, 42, 43, 47, 48, 50, 51 ],
"9" : [ 9], "S9" : [4, 5, 9, 22, 27, 33, 37, 44, 47 ],
"10" : [ 10], "S10" : [4, 5, 7, 10, 22, 27, 33, 36, 37, 44, 46, 47 ],
"11" : [ 45, 28, 6], "S11" : [4, 6, 7, 22, 28, 33, 36, 37, 45, 46, 47 ],
"12" : [ 61, 54, 17, 8], "S12" : [4, 7, 8, 17, 22, 33, 36, 37, 46, 47, 54, 55, 57, 60, 61 ],
"13" : [ 59], "S13" : [4, 7, 22, 33, 36, 37, 46, 47, 55, 57, 59 ],
"14" : [ 62], "S14" : [4, 7, 22, 33, 36, 37, 46, 47, 55, 57, 60, 62 ],
"15" : [ 58], "S15" : [4, 7, 22, 33, 36, 37, 46, 47, 55, 58 ],
"16" : [ 56], "S16" : [4, 7, 22, 33, 36, 37, 46, 47, 56 ]
},{ "Name" : "_decodeBase64" ,
"Duas" : "145" ,
"Subsumers" : 40,
"0" : [ 55], "S0" : [0, 2, 3, 29, 30, 45, 55, 57, 58, 77, 79 ],
"1" : [ 71], "S1" : [0, 2, 3, 29, 30, 45, 57, 58, 71, 73, 77, 79 ],
"2" : [ 120], "S2" : [0, 2, 3, 6, 7, 10, 11, 20, 21, 29, 30, 31, 32, 38, 45, 57, 58, 59, 60, 62, 67, 76, 77, 79, 89, 92, 99, 106, 110, 120, 122, 124 ],
"3" : [ 129], "S3" : [0, 2, 3, 6, 7, 10, 11, 14, 15, 29, 30, 31, 32, 33, 45, 57, 58, 59, 60, 61, 76, 77, 79, 89, 92, 98, 103, 129, 131 ],
"4" : [ 56], "S4" : [1, 2, 3, 30, 46, 56, 57, 58, 77, 79 ],
"5" : [ 72], "S5" : [1, 2, 3, 30, 46, 57, 58, 72, 73, 77, 79 ],
"6" : [ 121], "S6" : [1, 2, 3, 6, 7, 10, 11, 20, 21, 30, 31, 32, 38, 46, 57, 58, 59, 60, 62, 67, 76, 77, 79, 89, 92, 99, 106, 110, 121, 122, 124 ],
"7" : [ 130], "S7" : [1, 2, 3, 6, 7, 10, 11, 14, 15, 30, 31, 32, 33, 46, 57, 58, 59, 60, 61, 76, 77, 79, 89, 92, 98, 103, 130, 131 ],
"8" : [ 74, 47, 27, 4], "S8" : [2, 3, 4, 6, 7, 10, 11, 27, 30, 31, 32, 47, 57, 58, 59, 60, 74, 76, 77, 79, 89, 92 ],
"9" : [ 75, 48, 5], "S9" : [2, 3, 5, 6, 7, 10, 11, 30, 31, 32, 48, 57, 58, 59, 60, 75, 76, 77, 79, 89, 92 ],
"10" : [ 90, 49, 25, 8], "S10" : [2, 3, 6, 7, 8, 10, 11, 25, 30, 31, 32, 49, 57, 58, 59, 60, 76, 77, 79, 89, 90, 92 ],
"11" : [ 91, 50, 9], "S11" : [2, 3, 6, 7, 9, 10, 11, 30, 31, 32, 50, 57, 58, 59, 60, 76, 77, 79, 89, 91, 92 ],
"12" : [ 101, 51, 17, 12], "S12" : [2, 3, 6, 7, 10, 11, 12, 14, 15, 17, 30, 31, 32, 33, 51, 57, 58, 59, 60, 61, 76, 77, 79, 89, 92, 98, 101, 103 ],
"13" : [ 102, 52, 13], "S13" : [2, 3, 6, 7, 10, 11, 13, 14, 15, 30, 31, 32, 33, 52, 57, 58, 59, 60, 61, 76, 77, 79, 89, 92, 98, 102, 103 ],
"14" : [ 36], "S14" : [2, 3, 6, 7, 10, 11, 14, 15, 16, 30, 31, 32, 33, 34, 36, 57, 58, 59, 60, 61, 76, 77, 79, 89, 92, 98, 103, 131, 132, 134, 135, 138 ],
"15" : [ 133], "S15" : [2, 3, 6, 7, 10, 11, 14, 15, 16, 30, 31, 32, 33, 34, 57, 58, 59, 60, 61, 76, 77, 79, 89, 92, 98, 103, 131, 133, 134, 135, 138 ],
"16" : [ 142], "S16" : [2, 3, 6, 7, 10, 11, 14, 15, 16, 30, 31, 32, 33, 34, 57, 58, 59, 60, 61, 64, 76, 77, 79, 89, 92, 98, 103, 127, 131, 134, 135, 138, 142 ],
"17" : [ 144, 143], "S17" : [2, 3, 6, 7, 10, 11, 14, 15, 16, 30, 31, 32, 33, 34, 57, 58, 59, 60, 61, 63, 76, 77, 79, 89, 92, 98, 103, 126, 131, 134, 135, 138, 143, 144 ],
"18" : [ 128, 65, 66, 35], "S18" : [2, 3, 6, 7, 10, 11, 14, 15, 30, 31, 32, 33, 35, 57, 58, 59, 60, 61, 65, 66, 76, 77, 79, 89, 92, 98, 103, 128, 132, 135, 138 ],
"19" : [ 136], "S19" : [2, 3, 6, 7, 10, 11, 14, 15, 30, 31, 32, 33, 57, 58, 59, 60, 61, 63, 76, 77, 79, 89, 92, 98, 103, 126, 131, 136, 137 ],
"20" : [ 141], "S20" : [2, 3, 6, 7, 10, 11, 14, 15, 30, 31, 32, 33, 57, 58, 59, 60, 61, 63, 76, 77, 79, 89, 92, 98, 103, 126, 131, 135, 137, 139, 141 ],
"21" : [ 140], "S21" : [2, 3, 6, 7, 10, 11, 14, 15, 30, 31, 32, 33, 57, 58, 59, 60, 61, 64, 76, 77, 79, 89, 92, 98, 103, 127, 131, 135, 139, 140 ],
"22" : [ 111], "S22" : [2, 3, 6, 7, 10, 11, 14, 15, 30, 31, 32, 33, 57, 58, 59, 60, 61, 76, 77, 79, 89, 92, 98, 103, 111, 112 ],
"23" : [ 116], "S23" : [2, 3, 6, 7, 10, 11, 14, 15, 30, 31, 32, 33, 57, 58, 59, 60, 61, 76, 77, 79, 89, 92, 98, 103, 110, 112, 114, 116 ],
"24" : [ 119, 118], "S24" : [2, 3, 6, 7, 10, 11, 14, 15, 24, 30, 31, 32, 33, 40, 57, 58, 59, 60, 61, 76, 77, 79, 89, 92, 98, 103, 109, 110, 113, 118, 119 ],
"25" : [ 104, 53, 23, 18], "S25" : [2, 3, 6, 7, 10, 11, 18, 20, 21, 23, 30, 31, 32, 53, 57, 58, 59, 60, 62, 76, 77, 79, 89, 92, 104, 106, 110 ],
"26" : [ 105, 54, 19], "S26" : [2, 3, 6, 7, 10, 11, 19, 20, 21, 30, 31, 32, 54, 57, 58, 59, 60, 62, 76, 77, 79, 89, 92, 105, 106, 110 ],
"27" : [ 125, 123, 39, 37, 22], "S27" : [2, 3, 6, 7, 10, 11, 20, 21, 22, 30, 31, 32, 37, 39, 57, 58, 59, 60, 62, 76, 77, 79, 89, 92, 106, 110, 123, 125 ],
"28" : [ 115], "S28" : [2, 3, 6, 7, 10, 11, 20, 21, 30, 31, 32, 57, 58, 59, 60, 62, 76, 77, 79, 89, 92, 106, 110, 114, 115 ],
"29" : [ 117], "S29" : [2, 3, 6, 7, 10, 11, 20, 21, 24, 30, 31, 32, 40, 57, 58, 59, 60, 62, 76, 77, 79, 89, 92, 106, 109, 110, 113, 117 ],
"30" : [ 42], "S30" : [2, 3, 6, 7, 10, 11, 24, 30, 31, 32, 40, 42, 57, 58, 59, 60, 76, 77, 79, 89, 92, 107, 109, 110, 113 ],
"31" : [ 108], "S31" : [2, 3, 6, 7, 10, 11, 24, 30, 31, 32, 40, 57, 58, 59, 60, 76, 77, 79, 89, 92, 108, 109, 110, 113 ],
"32" : [ 97, 94, 93, 43, 26], "S32" : [2, 3, 6, 7, 10, 11, 26, 30, 31, 32, 43, 57, 58, 59, 60, 76, 77, 79, 89, 92, 93, 94, 97 ],
"33" : [ 100, 68, 69, 41], "S33" : [2, 3, 6, 7, 10, 11, 30, 31, 32, 41, 57, 58, 59, 60, 68, 69, 76, 77, 79, 89, 92, 100, 107, 110, 113 ],
"34" : [ 85, 84], "S34" : [2, 3, 6, 7, 10, 11, 30, 31, 32, 57, 58, 59, 60, 76, 77, 79, 84, 85, 89, 92 ],
"35" : [ 88, 87], "S35" : [2, 3, 6, 7, 10, 11, 28, 30, 31, 32, 44, 57, 58, 59, 60, 76, 77, 79, 81, 82, 83, 87, 88, 89, 92 ],
"36" : [ 96, 95], "S36" : [2, 3, 6, 7, 10, 11, 30, 31, 32, 57, 58, 59, 60, 76, 77, 79, 89, 92, 95, 96 ],
"37" : [ 86], "S37" : [2, 3, 28, 30, 44, 57, 58, 73, 77, 79, 81, 82, 83, 86 ],
"38" : [ 80, 70], "S38" : [2, 3, 30, 57, 58, 70, 77, 79, 80, 83 ],
"39" : [ 78], "S39" : [2, 3, 30, 57, 58, 73, 77, 78, 79 ]
},{ "Name" : "_reportInvalidToken" ,
"Duas" : "23" ,
"Subsumers" : 8,
"0" : [ 5], "S0" : [0, 4, 5, 7, 15 ],
"1" : [ 6], "S1" : [0, 2, 4, 6, 7, 11, 13, 15 ],
"2" : [ 9], "S2" : [0, 4, 7, 9, 15 ],
"3" : [ 19], "S3" : [0, 2, 3, 4, 7, 11, 12, 13, 14, 15, 17, 18, 19 ],
"4" : [ 10], "S4" : [1, 2, 4, 8, 10, 11, 13, 15 ],
"5" : [ 20], "S5" : [1, 2, 3, 4, 8, 11, 12, 13, 14, 15, 17, 18, 20, 21 ],
"6" : [ 22], "S6" : [2, 3, 4, 11, 12, 13, 14, 15, 17, 18, 21, 22 ],
"7" : [ 16], "S7" : [2, 4, 11, 13, 15, 16 ]
}]
}