{
"Class" : "org.apache.commons.math3.util.ResizableDoubleArray", 
"Methods" : [{ "Name" : "<init>" ,
"Duas" : "10" ,
"Subsumers" : 2,
"0" : [ 5], "S0" : [0, 1, 2, 3, 4, 5, 7, 8, 9 ],
"1" : [ 6], "S1" : [0, 1, 2, 3, 4, 6, 7, 8, 9 ]
},{ "Name" : "<init>" ,
"Duas" : "21" ,
"Subsumers" : 3,
"0" : [ 19, 17, 7], "S0" : [0, 1, 2, 3, 4, 5, 6, 7, 9, 10, 12, 13, 14, 15, 16, 17, 19 ],
"1" : [ 18], "S1" : [0, 1, 2, 3, 4, 5, 6, 9, 10, 12, 13, 14, 15, 16, 18 ],
"2" : [ 20, 11, 8], "S2" : [8, 11, 20 ]
},{ "Name" : "addElement" ,
"Duas" : "15" ,
"Subsumers" : 2,
"0" : [ 12, 9, 6, 4, 0], "S0" : [0, 2, 3, 4, 5, 6, 8, 9, 11, 12, 14 ],
"1" : [ 13, 10, 7, 1], "S1" : [1, 2, 3, 5, 7, 8, 10, 11, 13, 14 ]
},{ "Name" : "addElementRolling" ,
"Duas" : "19" ,
"Subsumers" : 4,
"0" : [ 15, 12, 9, 7, 0], "S0" : [0, 2, 3, 7, 8, 9, 11, 12, 14, 15, 17, 18 ],
"1" : [ 16, 13, 10, 1], "S1" : [1, 2, 3, 8, 10, 11, 13, 14, 16, 17, 18 ],
"2" : [ 6, 4], "S2" : [2, 3, 4, 6, 8, 11, 14, 17, 18 ],
"3" : [ 5], "S3" : [2, 3, 5, 8, 11, 14, 17, 18 ]
},{ "Name" : "substituteMostRecentElement" ,
"Duas" : "13" ,
"Subsumers" : 2,
"0" : [ 9, 6, 0], "S0" : [0, 6, 9 ],
"1" : [ 11, 12, 10, 8, 7, 5, 2, 3, 4, 1], "S1" : [1, 2, 3, 4, 5, 7, 8, 10, 11, 12 ]
},{ "Name" : "checkContractExpand" ,
"Duas" : "18" ,
"Subsumers" : 4,
"0" : [ 15, 14, 9, 7, 8, 0], "S0" : [0, 7, 8, 9, 14, 15 ],
"1" : [ 16, 5, 6, 2], "S1" : [1, 2, 5, 6, 10, 16 ],
"2" : [ 17, 13, 11, 4], "S2" : [1, 3, 4, 10, 11, 13, 17 ],
"3" : [ 12], "S3" : [1, 3, 10, 12 ]
},{ "Name" : "discardExtremeElements" ,
"Duas" : "25" ,
"Subsumers" : 6,
"0" : [ 22, 21, 18, 15, 8, 7, 0], "S0" : [0, 7, 8, 15, 18, 21, 22 ],
"1" : [ 5, 3], "S1" : [1, 2, 3, 5, 9, 11, 12, 19, 20 ],
"2" : [ 4], "S2" : [1, 2, 4, 9, 11, 12, 19, 20 ],
"3" : [ 24, 16, 13, 6], "S3" : [1, 2, 6, 9, 11, 12, 13, 16, 19, 20, 24 ],
"4" : [ 17], "S4" : [1, 2, 9, 11, 12, 17, 19, 20 ],
"5" : [ 23, 14, 10], "S5" : [1, 9, 10, 14, 19, 23 ]
},{ "Name" : "expand" ,
"Duas" : "17" ,
"Subsumers" : 2,
"0" : [ 15, 14, 12, 8, 6, 5, 0], "S0" : [0, 3, 4, 5, 6, 8, 11, 12, 14, 15 ],
"1" : [ 16, 13, 10, 9, 7, 2, 1], "S1" : [1, 2, 3, 4, 7, 9, 10, 11, 13, 16 ]
},{ "Name" : "getElement" ,
"Duas" : "14" ,
"Subsumers" : 3,
"0" : [ 10, 9, 3, 0], "S0" : [0, 3, 9, 10 ],
"1" : [ 13, 12, 8, 5, 2], "S1" : [1, 2, 4, 5, 8, 11, 12, 13 ],
"2" : [ 7, 6], "S2" : [1, 4, 6, 7, 11 ]
},{ "Name" : "getExpansionMode" ,
"Duas" : "9" ,
"Subsumers" : 3,
"0" : [ 6, 3, 0], "S0" : [0, 3, 6 ],
"1" : [ 7, 4, 1], "S1" : [1, 4, 7 ],
"2" : [ 8, 5, 2], "S2" : [2, 5, 8 ]
},{ "Name" : "setElement" ,
"Duas" : "27" ,
"Subsumers" : 5,
"0" : [ 18, 15, 9, 6, 0], "S0" : [0, 4, 6, 8, 9, 13, 15, 17, 18, 22, 25 ],
"1" : [ 19, 10, 1], "S1" : [1, 4, 8, 10, 13, 17, 19, 22, 25 ],
"2" : [ 26, 23, 20, 14, 11, 5, 2], "S2" : [2, 4, 5, 8, 11, 13, 14, 17, 20, 22, 23, 25, 26 ],
"3" : [ 24, 21, 12, 3], "S3" : [3, 4, 8, 12, 13, 17, 21, 22, 24, 25 ],
"4" : [ 16, 7], "S4" : [7, 16 ]
},{ "Name" : "setExpansionMode" ,
"Duas" : "16" ,
"Subsumers" : 6,
"0" : [ 15, 8, 2], "S0" : [0, 1, 2, 7, 8, 15 ],
"1" : [ 14, 6, 3], "S1" : [0, 1, 3, 6, 14 ],
"2" : [ 5], "S2" : [0, 1, 5 ],
"3" : [ 9], "S3" : [0, 1, 7, 9 ],
"4" : [ 11], "S4" : [0, 1, 4, 11 ],
"5" : [ 13, 12, 10], "S5" : [4, 10, 12, 13 ]
},{ "Name" : "setNumElements" ,
"Duas" : "17" ,
"Subsumers" : 3,
"0" : [ 16, 14, 12, 4, 1], "S0" : [0, 1, 3, 4, 6, 7, 8, 11, 12, 14, 16 ],
"1" : [ 15, 13, 2], "S1" : [0, 2, 3, 6, 7, 8, 11, 13, 15 ],
"2" : [ 10, 9, 5], "S2" : [5, 9, 10 ]
},{ "Name" : "shouldContract" ,
"Duas" : "22" ,
"Subsumers" : 4,
"0" : [ 20, 16, 12, 4], "S0" : [0, 4, 6, 8, 12, 16, 20 ],
"1" : [ 21, 17, 13, 5], "S1" : [0, 5, 6, 8, 13, 17, 21 ],
"2" : [ 18, 14, 10, 2], "S2" : [1, 2, 7, 9, 10, 14, 18 ],
"3" : [ 19, 15, 11, 3], "S3" : [1, 3, 7, 9, 11, 15, 19 ]
},{ "Name" : "equals" ,
"Duas" : "67" ,
"Subsumers" : 19,
"0" : [ 15, 0], "S0" : [0, 15 ],
"1" : [ 66, 56, 35, 32, 4], "S1" : [1, 2, 3, 4, 16, 18, 19, 20, 21, 32, 35, 56, 66 ],
"2" : [ 54, 36, 30, 5], "S2" : [1, 2, 3, 5, 16, 18, 19, 20, 21, 30, 36, 54, 63 ],
"3" : [ 55, 37, 31, 6], "S3" : [1, 2, 3, 6, 16, 18, 19, 20, 21, 31, 37, 55, 63 ],
"4" : [ 52, 38, 28, 7], "S4" : [1, 2, 3, 7, 16, 18, 19, 20, 21, 28, 38, 52, 61 ],
"5" : [ 53, 39, 29, 8], "S5" : [1, 2, 3, 8, 16, 18, 19, 20, 21, 29, 39, 53, 61 ],
"6" : [ 50, 40, 26, 9], "S6" : [1, 2, 3, 9, 16, 18, 19, 20, 21, 26, 40, 50, 59 ],
"7" : [ 51, 41, 27, 10], "S7" : [1, 2, 3, 10, 16, 18, 19, 20, 21, 27, 41, 51, 59 ],
"8" : [ 48, 42, 24, 11], "S8" : [1, 2, 3, 11, 16, 18, 19, 20, 21, 24, 42, 48, 57 ],
"9" : [ 49, 43, 25, 12], "S9" : [1, 2, 3, 12, 16, 18, 19, 20, 21, 25, 43, 49, 57 ],
"10" : [ 46, 44, 22, 13], "S10" : [1, 2, 3, 13, 16, 18, 19, 20, 21, 22, 33, 44, 46 ],
"11" : [ 47, 45, 23, 14], "S11" : [1, 2, 3, 14, 16, 18, 19, 20, 21, 23, 33, 45, 47 ],
"12" : [ 34], "S12" : [1, 2, 3, 16, 18, 19, 20, 21, 34 ],
"13" : [ 58], "S13" : [1, 2, 3, 16, 18, 19, 20, 21, 58 ],
"14" : [ 60], "S14" : [1, 2, 3, 16, 18, 19, 20, 21, 60 ],
"15" : [ 62], "S15" : [1, 2, 3, 16, 18, 19, 20, 21, 62 ],
"16" : [ 64], "S16" : [1, 2, 3, 16, 18, 19, 20, 21, 64 ],
"17" : [ 65], "S17" : [1, 2, 3, 16, 18, 19, 20, 21, 65 ],
"18" : [ 17], "S18" : [1, 16, 17 ]
}]
}