{
"Class" : "org.apache.commons.math3.util.ResizableDoubleArray", 
"Methods" : [{ "Name" : "<init>" ,
"Duas" : 10,
"0" :  "(365,365, this)",
"1" :  "(365,374, this)",
"2" :  "(365,365, initialCapacity)",
"3" :  "(365,365, expansionFactor)",
"4" :  "(365,365, contractionCriteria)",
"5" :  "(365,(365,365), expansionMode)",
"6" :  "(365,(365,365), expansionMode)",
"7" :  "(365,374, expansionMode)",
"8" :  "(365,365, MULTIPLICATIVE)",
"9" :  "(365,365, ADDITIVE)"},{ "Name" : "<init>" ,
"Duas" : 21,
"0" :  "(401,406, this)",
"1" :  "(401,408, this)",
"2" :  "(401,409, this)",
"3" :  "(401,410, this)",
"4" :  "(401,411, this)",
"5" :  "(401,412, this)",
"6" :  "(401,413, this)",
"7" :  "(401,416, this)",
"8" :  "(401,(402,403), initialCapacity)",
"9" :  "(401,(402,406), initialCapacity)",
"10" :  "(401,411, initialCapacity)",
"11" :  "(401,403, initialCapacity)",
"12" :  "(401,406, expansionFactor)",
"13" :  "(401,408, expansionFactor)",
"14" :  "(401,406, contractionCriterion)",
"15" :  "(401,409, contractionCriterion)",
"16" :  "(401,410, expansionMode)",
"17" :  "(401,(415,416), data)",
"18" :  "(401,(415,418), data)",
"19" :  "(401,416, data)",
"20" :  "(401,403, INITIAL_CAPACITY_NOT_POSITIVE)"},{ "Name" : "addElement" ,
"Duas" : 15,
"0" :  "(442,(442,443), this)",
"1" :  "(442,(442,445), this)",
"2" :  "(442,445, this)",
"3" :  "(442,445, this)",
"4" :  "(442,443, this)",
"5" :  "(442,445, value)",
"6" :  "(442,(442,443), this.startIndex)",
"7" :  "(442,(442,445), this.startIndex)",
"8" :  "(442,445, this.startIndex)",
"9" :  "(442,(442,443), this.numElements)",
"10" :  "(442,(442,445), this.numElements)",
"11" :  "(442,445, this.numElements)",
"12" :  "(442,(442,443), this.internalArray)",
"13" :  "(442,(442,445), this.internalArray)",
"14" :  "(442,445, this.internalArray)"},{ "Name" : "addElementRolling" ,
"Duas" : 19,
"0" :  "(480,(482,483), this)",
"1" :  "(480,(482,486), this)",
"2" :  "(480,486, this)",
"3" :  "(480,489, this)",
"4" :  "(480,(492,493), this)",
"5" :  "(480,(492,495), this)",
"6" :  "(480,493, this)",
"7" :  "(480,483, this)",
"8" :  "(480,489, value)",
"9" :  "(480,(482,483), this.internalArray)",
"10" :  "(480,(482,486), this.internalArray)",
"11" :  "(480,489, this.internalArray)",
"12" :  "(480,(482,483), this.startIndex)",
"13" :  "(480,(482,486), this.startIndex)",
"14" :  "(480,486, this.startIndex)",
"15" :  "(480,(482,483), this.numElements)",
"16" :  "(480,(482,486), this.numElements)",
"17" :  "(480,489, this.numElements)",
"18" :  "(480,495, discarded)"},{ "Name" : "substituteMostRecentElement" ,
"Duas" : 13,
"0" :  "(510,(510,511), this)",
"1" :  "(510,(510,515), this)",
"2" :  "(510,515, this)",
"3" :  "(510,516, this)",
"4" :  "(510,518, this)",
"5" :  "(510,518, value)",
"6" :  "(510,(510,511), this.numElements)",
"7" :  "(510,(510,515), this.numElements)",
"8" :  "(510,515, this.numElements)",
"9" :  "(510,511, CANNOT_SUBSTITUTE_ELEMENT_FROM_EMPTY_ARRAY)",
"10" :  "(510,515, this.startIndex)",
"11" :  "(510,516, this.internalArray)",
"12" :  "(510,518, this.internalArray)"},{ "Name" : "checkContractExpand" ,
"Duas" : 18,
"0" :  "(557,(557,558), contraction)",
"1" :  "(557,(557,564), contraction)",
"2" :  "(557,(564,565), contraction)",
"3" :  "(557,(564,571), contraction)",
"4" :  "(557,572, contraction)",
"5" :  "(557,565, contraction)",
"6" :  "(557,566, contraction)",
"7" :  "(557,558, contraction)",
"8" :  "(557,559, contraction)",
"9" :  "(557,(557,558), expansion)",
"10" :  "(557,(557,564), expansion)",
"11" :  "(557,(571,572), expansion)",
"12" :  "(557,(571,577), expansion)",
"13" :  "(557,573, expansion)",
"14" :  "(557,559, expansion)",
"15" :  "(557,559, CONTRACTION_CRITERIA_SMALLER_THAN_EXPANSION_FACTOR)",
"16" :  "(557,566, CONTRACTION_CRITERIA_SMALLER_THAN_ONE)",
"17" :  "(557,573, EXPANSION_FACTOR_SMALLER_THAN_ONE)"},{ "Name" : "discardExtremeElements" ,
"Duas" : 25,
"0" :  "(657,(657,658), this)",
"1" :  "(657,(657,661), this)",
"2" :  "(657,667, this)",
"3" :  "(657,(672,673), this)",
"4" :  "(657,(672,675), this)",
"5" :  "(657,673, this)",
"6" :  "(657,669, this)",
"7" :  "(657,658, this)",
"8" :  "(657,(657,658), i)",
"9" :  "(657,(657,661), i)",
"10" :  "(657,(661,662), i)",
"11" :  "(657,(661,667), i)",
"12" :  "(657,667, i)",
"13" :  "(657,669, i)",
"14" :  "(657,662, i)",
"15" :  "(657,658, i)",
"16" :  "(657,(668,669), front)",
"17" :  "(657,(668,672), front)",
"18" :  "(657,(657,658), this.numElements)",
"19" :  "(657,(657,661), this.numElements)",
"20" :  "(657,667, this.numElements)",
"21" :  "(657,658, this.numElements)",
"22" :  "(657,658, TOO_MANY_ELEMENTS_TO_DISCARD_FROM_ARRAY)",
"23" :  "(657,662, CANNOT_DISCARD_NEGATIVE_NUMBER_OF_ELEMENTS)",
"24" :  "(657,669, this.startIndex)"},{ "Name" : "expand" ,
"Duas" : 17,
"0" :  "(692,(693,694), this)",
"1" :  "(692,(693,696), this)",
"2" :  "(692,696, this)",
"3" :  "(692,701, this)",
"4" :  "(692,702, this)",
"5" :  "(692,694, this)",
"6" :  "(692,(693,694), MULTIPLICATIVE)",
"7" :  "(692,(693,696), MULTIPLICATIVE)",
"8" :  "(692,(693,694), this.expansionMode)",
"9" :  "(692,(693,696), this.expansionMode)",
"10" :  "(692,696, this.internalArray)",
"11" :  "(692,701, this.internalArray)",
"12" :  "(692,694, this.internalArray)",
"13" :  "(692,696, this.expansionFactor)",
"14" :  "(692,694, this.expansionFactor)",
"15" :  "(694,698, newSize)",
"16" :  "(696,698, newSize)"},{ "Name" : "getElement" ,
"Duas" : 14,
"0" :  "(762,(762,763), this)",
"1" :  "(762,(762,764), this)",
"2" :  "(762,765, this)",
"3" :  "(762,(762,763), index)",
"4" :  "(762,(762,764), index)",
"5" :  "(762,(764,765), index)",
"6" :  "(762,(764,767), index)",
"7" :  "(762,767, index)",
"8" :  "(762,765, index)",
"9" :  "(762,763, index)",
"10" :  "(762,(762,763), this.numElements)",
"11" :  "(762,(762,764), this.numElements)",
"12" :  "(762,765, this.internalArray)",
"13" :  "(762,765, this.startIndex)"},{ "Name" : "getExpansionMode" ,
"Duas" : 9,
"0" :  "(812,(812,818), this)",
"1" :  "(812,(812,814), this)",
"2" :  "(812,(812,816), this)",
"3" :  "(812,(812,818), $SwitchMap$org$apache$commons$math3$util$ResizableDoubleArray$ExpansionMode)",
"4" :  "(812,(812,814), $SwitchMap$org$apache$commons$math3$util$ResizableDoubleArray$ExpansionMode)",
"5" :  "(812,(812,816), $SwitchMap$org$apache$commons$math3$util$ResizableDoubleArray$ExpansionMode)",
"6" :  "(812,(812,818), this.expansionMode)",
"7" :  "(812,(812,814), this.expansionMode)",
"8" :  "(812,(812,816), this.expansionMode)"},{ "Name" : "setElement" ,
"Duas" : 27,
"0" :  "(963,(966,967), this)",
"1" :  "(963,(966,969), this)",
"2" :  "(963,(969,970), this)",
"3" :  "(963,(969,972), this)",
"4" :  "(963,972, this)",
"5" :  "(963,970, this)",
"6" :  "(963,967, this)",
"7" :  "(963,(963,964), index)",
"8" :  "(963,(963,966), index)",
"9" :  "(963,(966,967), index)",
"10" :  "(963,(966,969), index)",
"11" :  "(963,(969,970), index)",
"12" :  "(963,(969,972), index)",
"13" :  "(963,972, index)",
"14" :  "(963,970, index)",
"15" :  "(963,967, index)",
"16" :  "(963,964, index)",
"17" :  "(963,972, value)",
"18" :  "(963,(966,967), this.numElements)",
"19" :  "(963,(966,969), this.numElements)",
"20" :  "(963,(969,970), this.internalArray)",
"21" :  "(963,(969,972), this.internalArray)",
"22" :  "(963,972, this.internalArray)",
"23" :  "(963,(969,970), this.startIndex)",
"24" :  "(963,(969,972), this.startIndex)",
"25" :  "(963,972, this.startIndex)",
"26" :  "(963,970, this.startIndex)"},{ "Name" : "setExpansionMode" ,
"Duas" : 16,
"0" :  "(1007,1013, this)",
"1" :  "(1007,1013, this)",
"2" :  "(1007,1017, this)",
"3" :  "(1007,1015, this)",
"4" :  "(1007,(1007,1007), expansionMode)",
"5" :  "(1007,(1007,1013), expansionMode)",
"6" :  "(1007,(1014,1015), expansionMode)",
"7" :  "(1007,(1014,1016), expansionMode)",
"8" :  "(1007,(1016,1017), expansionMode)",
"9" :  "(1007,(1016,1019), expansionMode)",
"10" :  "(1007,(1007,1009), expansionMode)",
"11" :  "(1007,(1007,1013), expansionMode)",
"12" :  "(1007,1009, expansionMode)",
"13" :  "(1007,1009, UNSUPPORTED_EXPANSION_MODE)",
"14" :  "(1007,1015, MULTIPLICATIVE)",
"15" :  "(1007,1017, ADDITIVE)"},{ "Name" : "setNumElements" ,
"Duas" : 17,
"0" :  "(1058,1066, this)",
"1" :  "(1058,(1067,1068), this)",
"2" :  "(1058,(1067,1072), this)",
"3" :  "(1058,1072, this)",
"4" :  "(1058,1068, this)",
"5" :  "(1058,(1058,1059), i)",
"6" :  "(1058,(1058,1066), i)",
"7" :  "(1058,1066, i)",
"8" :  "(1058,1072, i)",
"9" :  "(1058,1059, i)",
"10" :  "(1058,1059, INDEX_NOT_POSITIVE)",
"11" :  "(1058,1066, this.startIndex)",
"12" :  "(1058,(1067,1068), this.internalArray)",
"13" :  "(1058,(1067,1072), this.internalArray)",
"14" :  "(1066,(1067,1068), newSize)",
"15" :  "(1066,(1067,1072), newSize)",
"16" :  "(1066,1068, newSize)"},{ "Name" : "shouldContract" ,
"Duas" : 22,
"0" :  "(1082,(1082,1083), this)",
"1" :  "(1082,(1082,1085), this)",
"2" :  "(1082,(1085,1085), this)",
"3" :  "(1082,(1085,1085), this)",
"4" :  "(1082,(1083,1083), this)",
"5" :  "(1082,(1083,1083), this)",
"6" :  "(1082,(1082,1083), MULTIPLICATIVE)",
"7" :  "(1082,(1082,1085), MULTIPLICATIVE)",
"8" :  "(1082,(1082,1083), this.expansionMode)",
"9" :  "(1082,(1082,1085), this.expansionMode)",
"10" :  "(1082,(1085,1085), this.internalArray)",
"11" :  "(1082,(1085,1085), this.internalArray)",
"12" :  "(1082,(1083,1083), this.internalArray)",
"13" :  "(1082,(1083,1083), this.internalArray)",
"14" :  "(1082,(1085,1085), this.numElements)",
"15" :  "(1082,(1085,1085), this.numElements)",
"16" :  "(1082,(1083,1083), this.numElements)",
"17" :  "(1082,(1083,1083), this.numElements)",
"18" :  "(1082,(1085,1085), this.contractionCriterion)",
"19" :  "(1082,(1085,1085), this.contractionCriterion)",
"20" :  "(1082,(1083,1083), this.contractionCriterion)",
"21" :  "(1082,(1083,1083), this.contractionCriterion)"},{ "Name" : "equals" ,
"Duas" : 67,
"0" :  "(1165,(1165,1166), this)",
"1" :  "(1165,(1165,1168), this)",
"2" :  "(1165,1171, this)",
"3" :  "(1165,1171, this)",
"4" :  "(1165,1183, this)",
"5" :  "(1165,(1179,1179), this)",
"6" :  "(1165,(1179,1179), this)",
"7" :  "(1165,(1178,1178), this)",
"8" :  "(1165,(1178,1178), this)",
"9" :  "(1165,(1177,1177), this)",
"10" :  "(1165,(1177,1177), this)",
"11" :  "(1165,(1176,1176), this)",
"12" :  "(1165,(1176,1176), this)",
"13" :  "(1165,(1175,1175), this)",
"14" :  "(1165,(1175,1175), this)",
"15" :  "(1165,(1165,1166), object)",
"16" :  "(1165,(1165,1168), object)",
"17" :  "(1165,(1168,1169), object)",
"18" :  "(1165,(1168,1171), object)",
"19" :  "(1165,1172, object)",
"20" :  "(1165,1172, object)",
"21" :  "(1165,1174, object)",
"22" :  "(1165,(1175,1175), this.contractionCriterion)",
"23" :  "(1165,(1175,1175), this.contractionCriterion)",
"24" :  "(1165,(1176,1176), this.expansionFactor)",
"25" :  "(1165,(1176,1176), this.expansionFactor)",
"26" :  "(1165,(1177,1177), this.expansionMode)",
"27" :  "(1165,(1177,1177), this.expansionMode)",
"28" :  "(1165,(1178,1178), this.numElements)",
"29" :  "(1165,(1178,1178), this.numElements)",
"30" :  "(1165,(1179,1179), this.startIndex)",
"31" :  "(1165,(1179,1179), this.startIndex)",
"32" :  "(1165,1183, this.internalArray)",
"33" :  "(1173,(1175,1175), result)",
"34" :  "(1173,(1175,1175), result)",
"35" :  "(1174,1183, other)",
"36" :  "(1174,(1179,1179), other)",
"37" :  "(1174,(1179,1179), other)",
"38" :  "(1174,(1178,1178), other)",
"39" :  "(1174,(1178,1178), other)",
"40" :  "(1174,(1177,1177), other)",
"41" :  "(1174,(1177,1177), other)",
"42" :  "(1174,(1176,1176), other)",
"43" :  "(1174,(1176,1176), other)",
"44" :  "(1174,(1175,1175), other)",
"45" :  "(1174,(1175,1175), other)",
"46" :  "(1174,(1175,1175), other.contractionCriterion)",
"47" :  "(1174,(1175,1175), other.contractionCriterion)",
"48" :  "(1174,(1176,1176), other.expansionFactor)",
"49" :  "(1174,(1176,1176), other.expansionFactor)",
"50" :  "(1174,(1177,1177), other.expansionMode)",
"51" :  "(1174,(1177,1177), other.expansionMode)",
"52" :  "(1174,(1178,1178), other.numElements)",
"53" :  "(1174,(1178,1178), other.numElements)",
"54" :  "(1174,(1179,1179), other.startIndex)",
"55" :  "(1174,(1179,1179), other.startIndex)",
"56" :  "(1174,1183, other.internalArray)",
"57" :  "(1175,(1176,1176), result)",
"58" :  "(1175,(1176,1176), result)",
"59" :  "(1176,(1177,1177), result)",
"60" :  "(1176,(1177,1177), result)",
"61" :  "(1177,(1178,1178), result)",
"62" :  "(1177,(1178,1178), result)",
"63" :  "(1178,(1179,1179), result)",
"64" :  "(1178,(1179,1179), result)",
"65" :  "(1179,(1180,1181), result)",
"66" :  "(1179,(1180,1183), result)"}]
}