{
"Class" : "com.google.javascript.jscomp.Compiler", 
"Methods" : [{ "Name" : "initOptions" ,
"Duas" : 66,
"0" :  "(275,(276,277), this)",
"1" :  "(275,(276,289), this)",
"2" :  "(275,318, this)",
"3" :  "(275,336, this)",
"4" :  "(275,(277,278), this)",
"5" :  "(275,(277,281), this)",
"6" :  "(275,281, this)",
"7" :  "(275,284, this)",
"8" :  "(275,278, this)",
"9" :  "(275,278, this)",
"10" :  "(275,(289,290), options)",
"11" :  "(275,(289,291), options)",
"12" :  "(275,(291,292), options)",
"13" :  "(275,(291,293), options)",
"14" :  "(275,(293,297), options)",
"15" :  "(275,(293,303), options)",
"16" :  "(275,(303,303), options)",
"17" :  "(275,(303,310), options)",
"18" :  "(275,(310,311), options)",
"19" :  "(275,(310,317), options)",
"20" :  "(275,321, options)",
"21" :  "(275,(330,330), options)",
"22" :  "(275,(330,336), options)",
"23" :  "(275,311, options)",
"24" :  "(275,(303,305), options)",
"25" :  "(275,(303,310), options)",
"26" :  "(275,305, options)",
"27" :  "(275,297, options)",
"28" :  "(275,292, options)",
"29" :  "(275,290, options)",
"30" :  "(275,283, options)",
"31" :  "(275,(276,277), this.errorManager)",
"32" :  "(275,(276,289), this.errorManager)",
"33" :  "(275,(277,278), this.outStream)",
"34" :  "(275,(277,281), this.outStream)",
"35" :  "(275,281, this.outStream)",
"36" :  "(275,278, logger)",
"37" :  "(275,283, options.summaryDetailLevel)",
"38" :  "(275,(289,290), CHECK_TYPES)",
"39" :  "(275,(289,291), CHECK_TYPES)",
"40" :  "(275,(291,292), CHECK_TYPES)",
"41" :  "(275,(291,293), CHECK_TYPES)",
"42" :  "(275,(293,297), options.checkTypes)",
"43" :  "(275,(293,303), options.checkTypes)",
"44" :  "(275,297, TYPE_PARSE_ERROR)",
"45" :  "(275,332, OFF)",
"46" :  "(275,297, OFF)",
"47" :  "(275,(303,303), options.checkGlobalThisLevel)",
"48" :  "(275,(303,310), options.checkGlobalThisLevel)",
"49" :  "(275,305, options.checkGlobalThisLevel)",
"50" :  "(275,(303,305), GLOBAL_THIS)",
"51" :  "(275,(303,310), GLOBAL_THIS)",
"52" :  "(275,305, GLOBAL_THIS)",
"53" :  "(275,(310,311), ECMASCRIPT5_STRICT)",
"54" :  "(275,(310,317), ECMASCRIPT5_STRICT)",
"55" :  "(275,311, ES5_STRICT)",
"56" :  "(275,311, ERROR)",
"57" :  "(275,(330,330), options.checkSymbols)",
"58" :  "(275,(330,336), options.checkSymbols)",
"59" :  "(275,(330,332), CHECK_VARIABLES)",
"60" :  "(275,(330,336), CHECK_VARIABLES)",
"61" :  "(275,332, CHECK_VARIABLES)",
"62" :  "(323,336, composedGuards)",
"63" :  "(323,(330,332), composedGuards)",
"64" :  "(323,(330,336), composedGuards)",
"65" :  "(323,332, composedGuards)"},{ "Name" : "init" ,
"Duas" : 8,
"0" :  "(357,362, this)",
"1" :  "(357,362, externs)",
"2" :  "(357,362, options)",
"3" :  "(357,362, module)",
"4" :  "(357,359, module)",
"5" :  "(358,(358,358), i$)",
"6" :  "(358,(358,362), i$)",
"7" :  "(358,358, i$)"},{ "Name" : "initModules" ,
"Duas" : 9,
"0" :  "(383,404, this)",
"1" :  "(383,407, this)",
"2" :  "(383,408, this)",
"3" :  "(383,410, this)",
"4" :  "(383,395, this)",
"5" :  "(383,(393,395), modules)",
"6" :  "(383,(393,404), modules)",
"7" :  "(383,407, modules)",
"8" :  "(383,395, modules)"},{ "Name" : "initBasedOnOptions" ,
"Duas" : 12,
"0" :  "(418,(418,419), this)",
"1" :  "(418,(418,422), this)",
"2" :  "(418,419, this)",
"3" :  "(418,420, this)",
"4" :  "(418,(418,419), this.options)",
"5" :  "(418,(418,422), this.options)",
"6" :  "(418,419, this.options)",
"7" :  "(418,420, this.options)",
"8" :  "(418,(418,419), this.sourceMapOutputPath)",
"9" :  "(418,(418,422), this.sourceMapOutputPath)",
"10" :  "(418,419, this.sourceMapFormat)",
"11" :  "(418,420, this.sourceMapLocationMappings)"},{ "Name" : "makeCompilerInput" ,
"Duas" : 6,
"0" :  "(426,428, isExtern)",
"1" :  "(426,430, inputs)",
"2" :  "(426,428, inputs)",
"3" :  "(427,(427,427), i$)",
"4" :  "(427,(427,430), i$)",
"5" :  "(427,427, i$)"},{ "Name" : "checkFirstModule" ,
"Duas" : 11,
"0" :  "(446,450, this)",
"1" :  "(446,447, this)",
"2" :  "(446,(446,447), modules)",
"3" :  "(446,(446,448), modules)",
"4" :  "(446,(448,448), modules)",
"5" :  "(446,(448,453), modules)",
"6" :  "(446,(448,450), modules)",
"7" :  "(446,(448,453), modules)",
"8" :  "(446,450, modules)",
"9" :  "(446,447, EMPTY_MODULE_LIST_ERROR)",
"10" :  "(446,450, EMPTY_ROOT_MODULE_ERROR)"},{ "Name" : "fillEmptyModules" ,
"Duas" : 6,
"0" :  "(468,(468,468), i$)",
"1" :  "(468,(468,474), i$)",
"2" :  "(468,468, i$)",
"3" :  "(468,(469,470), module)",
"4" :  "(468,(469,473), module)",
"5" :  "(468,470, module)"},{ "Name" : "getAllInputsFromModules" ,
"Duas" : 10,
"0" :  "(492,505, inputs)",
"1" :  "(492,501, inputs)",
"2" :  "(493,502, inputMap)",
"3" :  "(494,(494,494), i$)",
"4" :  "(494,(494,505), i$)",
"5" :  "(494,494, i$)",
"6" :  "(494,502, module)",
"7" :  "(495,(495,495), i$)",
"8" :  "(495,(495,504), i$)",
"9" :  "(495,495, i$)"},{ "Name" : "initInputsByIdMap" ,
"Duas" : 20,
"0" :  "(519,527, this)",
"1" :  "(519,529, this)",
"2" :  "(519,531, this)",
"3" :  "(519,522, this)",
"4" :  "(519,524, this)",
"5" :  "(519,524, DUPLICATE_EXTERN_INPUT)",
"6" :  "(519,527, this.inputs)",
"7" :  "(519,531, DUPLICATE_INPUT)",
"8" :  "(520,(520,520), i$)",
"9" :  "(520,(520,527), i$)",
"10" :  "(520,520, i$)",
"11" :  "(520,524, input)",
"12" :  "(522,(523,524), previous)",
"13" :  "(522,(523,526), previous)",
"14" :  "(527,(527,527), i$)",
"15" :  "(527,(527,534), i$)",
"16" :  "(527,527, i$)",
"17" :  "(527,531, input)",
"18" :  "(529,(530,531), previous)",
"19" :  "(529,(530,533), previous)"},{ "Name" : "compile" ,
"Duas" : 20,
"0" :  "(581,(581,581), this)",
"1" :  "(581,(581,581), this)",
"2" :  "(581,584, this)",
"3" :  "(581,(585,586), this)",
"4" :  "(581,(585,588), this)",
"5" :  "(581,588, this)",
"6" :  "(581,590, this)",
"7" :  "(581,591, this)",
"8" :  "(581,592, this)",
"9" :  "(581,586, this)",
"10" :  "(581,590, this)",
"11" :  "(581,591, this)",
"12" :  "(581,592, this)",
"13" :  "(581,584, externs)",
"14" :  "(581,584, inputs)",
"15" :  "(581,584, options)",
"16" :  "(581,(581,581), this.jsRoot)",
"17" :  "(581,(581,581), this.jsRoot)",
"18" :  "(581,591, this.errorManager)",
"19" :  "(581,591, this.errorManager)"},{ "Name" : "compileModules" ,
"Duas" : 20,
"0" :  "(616,(616,616), this)",
"1" :  "(616,(616,616), this)",
"2" :  "(616,619, this)",
"3" :  "(616,(620,621), this)",
"4" :  "(616,(620,623), this)",
"5" :  "(616,623, this)",
"6" :  "(616,625, this)",
"7" :  "(616,626, this)",
"8" :  "(616,627, this)",
"9" :  "(616,621, this)",
"10" :  "(616,625, this)",
"11" :  "(616,626, this)",
"12" :  "(616,627, this)",
"13" :  "(616,619, externs)",
"14" :  "(616,619, modules)",
"15" :  "(616,619, options)",
"16" :  "(616,(616,616), this.jsRoot)",
"17" :  "(616,(616,616), this.jsRoot)",
"18" :  "(616,626, this.errorManager)",
"19" :  "(616,626, this.errorManager)"},{ "Name" : "runInCompilerThread" ,
"Duas" : 36,
"0" :  "(651,(651,651), this)",
"1" :  "(651,(651,651), this)",
"2" :  "(651,654, this)",
"3" :  "(651,(677,677), this)",
"4" :  "(651,(677,677), this)",
"5" :  "(651,(682,682), this)",
"6" :  "(651,(682,692), this)",
"7" :  "(651,(682,684), this)",
"8" :  "(651,(682,692), this)",
"9" :  "(651,(677,677), this)",
"10" :  "(651,(677,677), this)",
"11" :  "(651,(651,651), this)",
"12" :  "(651,(651,651), this)",
"13" :  "(651,654, callable)",
"14" :  "(651,692, callable)",
"15" :  "(651,(651,651), this.options)",
"16" :  "(651,(651,651), this.options)",
"17" :  "(651,(651,651), this.options)",
"18" :  "(651,(651,651), this.options)",
"19" :  "(651,(651,651), this.tracer)",
"20" :  "(651,(651,651), this.tracer)",
"21" :  "(651,(677,677), this.compilerThread)",
"22" :  "(651,(677,677), this.compilerThread)",
"23" :  "(651,(682,684), this.compilerThread)",
"24" :  "(651,(682,692), this.compilerThread)",
"25" :  "(651,(677,677), this.compilerThread)",
"26" :  "(651,(677,677), this.compilerThread)",
"27" :  "(651,(682,682), this.useThreads)",
"28" :  "(651,(682,692), this.useThreads)",
"29" :  "(651,684, compilerExecutor)",
"30" :  "(653,(699,700), exception)",
"31" :  "(653,(699,703), exception)",
"32" :  "(653,700, exception)",
"33" :  "(654,684, bootCompilerThread)",
"34" :  "(684,703, result)",
"35" :  "(692,703, result)"},{ "Name" : "compileInternal" ,
"Duas" : 55,
"0" :  "(707,(712,713), this)",
"1" :  "(707,(712,716), this)",
"2" :  "(707,(716,717), this)",
"3" :  "(707,(716,720), this)",
"4" :  "(707,(720,722), this)",
"5" :  "(707,(720,726), this)",
"6" :  "(707,(726,727), this)",
"7" :  "(707,(726,743), this)",
"8" :  "(707,(743,744), this)",
"9" :  "(707,(743,747), this)",
"10" :  "(707,(747,748), this)",
"11" :  "(707,(747,750), this)",
"12" :  "(707,750, this)",
"13" :  "(707,748, this)",
"14" :  "(707,744, this)",
"15" :  "(707,727, this)",
"16" :  "(707,(728,729), this)",
"17" :  "(707,(728,732), this)",
"18" :  "(707,(732,732), this)",
"19" :  "(707,(732,734), this)",
"20" :  "(707,734, this)",
"21" :  "(707,(738,739), this)",
"22" :  "(707,(738,743), this)",
"23" :  "(707,739, this)",
"24" :  "(707,(732,734), this)",
"25" :  "(707,(732,738), this)",
"26" :  "(707,722, this)",
"27" :  "(707,(720,722), this.options)",
"28" :  "(707,(720,726), this.options)",
"29" :  "(707,(726,727), this.options)",
"30" :  "(707,(726,743), this.options)",
"31" :  "(707,(743,744), this.options)",
"32" :  "(707,(743,747), this.options)",
"33" :  "(707,(747,748), this.options)",
"34" :  "(707,(747,750), this.options)",
"35" :  "(707,(732,732), this.options)",
"36" :  "(707,(732,734), this.options)",
"37" :  "(707,(738,739), this.options)",
"38" :  "(707,(738,743), this.options)",
"39" :  "(707,(732,734), this.options)",
"40" :  "(707,(732,738), this.options)",
"41" :  "(707,(720,722), this.nameAnonymousFunctionsOnly)",
"42" :  "(707,(720,726), this.nameAnonymousFunctionsOnly)",
"43" :  "(707,(726,727), this.skipAllPasses)",
"44" :  "(707,(726,743), this.skipAllPasses)",
"45" :  "(707,(732,734), this.externExportsPath)",
"46" :  "(707,(732,738), this.externExportsPath)",
"47" :  "(707,(738,739), this.ideMode)",
"48" :  "(707,(738,743), this.ideMode)",
"49" :  "(707,(743,744), this.recordFunctionInformation)",
"50" :  "(707,(743,747), this.recordFunctionInformation)",
"51" :  "(707,(747,748), START_AND_END)",
"52" :  "(707,(747,750), START_AND_END)",
"53" :  "(707,(747,748), this.devMode)",
"54" :  "(707,(747,750), this.devMode)"},{ "Name" : "getPassConfig" ,
"Duas" : 8,
"0" :  "(758,(758,759), this)",
"1" :  "(758,(758,761), this)",
"2" :  "(758,761, this)",
"3" :  "(758,759, this)",
"4" :  "(758,(758,759), this.passes)",
"5" :  "(758,(758,761), this.passes)",
"6" :  "(758,761, this.passes)",
"7" :  "(759,761, this.passes)"},{ "Name" : "setPassConfig" ,
"Duas" : 6,
"0" :  "(783,(785,786), this)",
"1" :  "(783,(785,788), this)",
"2" :  "(783,788, this)",
"3" :  "(783,788, passes)",
"4" :  "(783,(785,786), this.passes)",
"5" :  "(783,(785,788), this.passes)"},{ "Name" : "check" ,
"Duas" : 68,
"0" :  "(802,(808,809), this)",
"1" :  "(802,(808,811), this)",
"2" :  "(802,811, this)",
"3" :  "(802,812, this)",
"4" :  "(802,(813,814), this)",
"5" :  "(802,(813,818), this)",
"6" :  "(802,(818,819), this)",
"7" :  "(802,(818,822), this)",
"8" :  "(802,(822,823), this)",
"9" :  "(802,(822,826), this)",
"10" :  "(802,(826,826), this)",
"11" :  "(802,(826,831), this)",
"12" :  "(802,831, this)",
"13" :  "(802,835, this)",
"14" :  "(802,(826,826), this)",
"15" :  "(802,(826,831), this)",
"16" :  "(802,(826,826), this)",
"17" :  "(802,(826,831), this)",
"18" :  "(802,(826,826), this)",
"19" :  "(802,(826,831), this)",
"20" :  "(802,(826,831), this)",
"21" :  "(802,(826,835), this)",
"22" :  "(802,823, this)",
"23" :  "(802,809, this)",
"24" :  "(802,(808,809), EVERY_PASS)",
"25" :  "(802,(808,811), EVERY_PASS)",
"26" :  "(802,(808,809), this.options)",
"27" :  "(802,(808,811), this.options)",
"28" :  "(802,(818,819), this.options)",
"29" :  "(802,(818,822), this.options)",
"30" :  "(802,(822,823), this.options)",
"31" :  "(802,(822,826), this.options)",
"32" :  "(802,(826,826), this.options)",
"33" :  "(802,(826,831), this.options)",
"34" :  "(802,831, this.options)",
"35" :  "(802,(826,826), this.options)",
"36" :  "(802,(826,831), this.options)",
"37" :  "(802,(826,826), this.options)",
"38" :  "(802,(826,831), this.options)",
"39" :  "(802,(826,826), this.options)",
"40" :  "(802,(826,831), this.options)",
"41" :  "(802,(826,831), this.options)",
"42" :  "(802,(826,835), this.options)",
"43" :  "(802,(808,809), this.devMode)",
"44" :  "(802,(808,811), this.devMode)",
"45" :  "(802,809, this.sanityCheck)",
"46" :  "(802,812, this.externsRoot)",
"47" :  "(802,812, this.jsRoot)",
"48" :  "(802,(818,819), this.nameAnonymousFunctionsOnly)",
"49" :  "(802,(818,822), this.nameAnonymousFunctionsOnly)",
"50" :  "(802,(822,823), this.removeTryCatchFinally)",
"51" :  "(802,(822,826), this.removeTryCatchFinally)",
"52" :  "(802,831, this.stripTypes)",
"53" :  "(802,(826,826), this.stripTypes)",
"54" :  "(802,(826,831), this.stripTypes)",
"55" :  "(802,831, this.stripNameSuffixes)",
"56" :  "(802,(826,826), this.stripNameSuffixes)",
"57" :  "(802,(826,831), this.stripNameSuffixes)",
"58" :  "(802,831, this.stripTypePrefixes)",
"59" :  "(802,(826,826), this.stripTypePrefixes)",
"60" :  "(802,(826,831), this.stripTypePrefixes)",
"61" :  "(802,831, this.stripNamePrefixes)",
"62" :  "(802,(826,831), this.stripNamePrefixes)",
"63" :  "(802,(826,835), this.stripNamePrefixes)",
"64" :  "(802,835, BEFORE_OPTIMIZATIONS)",
"65" :  "(806,811, phaseOptimizer)",
"66" :  "(806,812, phaseOptimizer)",
"67" :  "(806,809, phaseOptimizer)"},{ "Name" : "maybeSanityCheck" ,
"Duas" : 9,
"0" :  "(864,(864,865), this)",
"1" :  "(864,(864,867), this)",
"2" :  "(864,865, this)",
"3" :  "(864,(864,865), EVERY_PASS)",
"4" :  "(864,(864,867), EVERY_PASS)",
"5" :  "(864,(864,865), this.options)",
"6" :  "(864,(864,867), this.options)",
"7" :  "(864,(864,865), this.devMode)",
"8" :  "(864,(864,867), this.devMode)"},{ "Name" : "stripCode" ,
"Duas" : 8,
"0" :  "(890,(894,895), this)",
"1" :  "(890,(894,897), this)",
"2" :  "(890,897, this)",
"3" :  "(890,898, this)",
"4" :  "(890,(894,895), this.options)",
"5" :  "(890,(894,897), this.options)",
"6" :  "(892,897, r)",
"7" :  "(892,895, r)"},{ "Name" : "runCustomPasses" ,
"Duas" : 17,
"0" :  "(905,(905,906), this)",
"1" :  "(905,(905,915), this)",
"2" :  "(905,906, this)",
"3" :  "(905,908, this)",
"4" :  "(905,912, this)",
"5" :  "(905,909, this)",
"6" :  "(905,908, executionTime)",
"7" :  "(905,(905,906), this.options)",
"8" :  "(905,(905,915), this.options)",
"9" :  "(905,908, this.options)",
"10" :  "(905,(905,906), this.customPasses)",
"11" :  "(905,(905,915), this.customPasses)",
"12" :  "(905,908, this.customPasses)",
"13" :  "(906,912, t)",
"14" :  "(908,(908,908), i$)",
"15" :  "(908,(908,912), i$)",
"16" :  "(908,908, i$)"},{ "Name" : "startPass" ,
"Duas" : 8,
"0" :  "(924,(924,924), this)",
"1" :  "(924,(924,924), this)",
"2" :  "(924,925, this)",
"3" :  "(924,926, this)",
"4" :  "(924,925, passName)",
"5" :  "(924,926, passName)",
"6" :  "(924,(924,924), this.currentTracer)",
"7" :  "(924,(924,924), this.currentTracer)"},{ "Name" : "endPass" ,
"Duas" : 12,
"0" :  "(933,(933,933), this)",
"1" :  "(933,(933,933), this)",
"2" :  "(933,935, this)",
"3" :  "(933,936, this)",
"4" :  "(933,937, this)",
"5" :  "(933,938, this)",
"6" :  "(933,940, this)",
"7" :  "(933,(933,933), this.currentTracer)",
"8" :  "(933,(933,933), this.currentTracer)",
"9" :  "(933,935, this.currentTracer)",
"10" :  "(933,935, this.currentPassName)",
"11" :  "(933,936, this.currentPassName)"},{ "Name" : "newTracer" ,
"Duas" : 15,
"0" :  "(947,(947,947), this)",
"1" :  "(947,(947,947), this)",
"2" :  "(947,(949,950), this)",
"3" :  "(947,(949,952), this)",
"4" :  "(947,950, this)",
"5" :  "(947,947, passName)",
"6" :  "(947,950, passName)",
"7" :  "(947,(947,947), this.recentChange)",
"8" :  "(947,(947,947), this.recentChange)",
"9" :  "(947,(949,950), this.options)",
"10" :  "(947,(949,952), this.options)",
"11" :  "(947,(949,950), this.tracer)",
"12" :  "(947,(949,952), this.tracer)",
"13" :  "(947,950, this.tracker)",
"14" :  "(947,952, comment)"},{ "Name" : "stopTracer" ,
"Duas" : 10,
"0" :  "(956,(957,958), this)",
"1" :  "(956,(957,960), this)",
"2" :  "(956,958, this)",
"3" :  "(956,958, passName)",
"4" :  "(956,(957,958), this.options)",
"5" :  "(956,(957,960), this.options)",
"6" :  "(956,(957,958), this.tracer)",
"7" :  "(956,(957,960), this.tracer)",
"8" :  "(956,958, this.tracker)",
"9" :  "(956,958, result)"},{ "Name" : "areNodesEqualForInlining" ,
"Duas" : 16,
"0" :  "(1027,(1027,1027), this)",
"1" :  "(1027,(1027,1031), this)",
"2" :  "(1027,(1027,1031), this)",
"3" :  "(1027,(1027,1033), this)",
"4" :  "(1027,1031, n1)",
"5" :  "(1027,1033, n1)",
"6" :  "(1027,1031, n2)",
"7" :  "(1027,1033, n2)",
"8" :  "(1027,(1027,1027), this.options)",
"9" :  "(1027,(1027,1031), this.options)",
"10" :  "(1027,(1027,1031), this.options)",
"11" :  "(1027,(1027,1033), this.options)",
"12" :  "(1027,(1027,1027), this.ambiguateProperties)",
"13" :  "(1027,(1027,1031), this.ambiguateProperties)",
"14" :  "(1027,(1027,1031), this.disambiguateProperties)",
"15" :  "(1027,(1027,1033), this.disambiguateProperties)"},{ "Name" : "removeExternInput" ,
"Duas" : 15,
"0" :  "(1054,1059, this)",
"1" :  "(1054,1060, this)",
"2" :  "(1054,1061, this)",
"3" :  "(1054,1059, id)",
"4" :  "(1054,1059, this.inputsById)",
"5" :  "(1054,1060, this.externs)",
"6" :  "(1054,(1055,1056), input)",
"7" :  "(1054,(1055,1058), input)",
"8" :  "(1054,1058, input)",
"9" :  "(1054,1058, input)",
"10" :  "(1054,1060, input)",
"11" :  "(1054,1061, input)",
"12" :  "(1061,(1062,1063), root)",
"13" :  "(1061,(1062,1065), root)",
"14" :  "(1061,1063, root)"},{ "Name" : "newExternInput" ,
"Duas" : 14,
"0" :  "(1069,(1070,1071), this)",
"1" :  "(1069,(1070,1073), this)",
"2" :  "(1069,1074, this)",
"3" :  "(1069,1075, this)",
"4" :  "(1069,1076, this)",
"5" :  "(1069,1071, name)",
"6" :  "(1069,(1070,1071), this.inputsById)",
"7" :  "(1069,(1070,1073), this.inputsById)",
"8" :  "(1069,1075, this.externsRoot)",
"9" :  "(1069,1076, this.externs)",
"10" :  "(1069,(1070,1071), ast)",
"11" :  "(1069,(1070,1073), ast)",
"12" :  "(1069,1073, ast)",
"13" :  "(1069,1075, ast)"},{ "Name" : "addIncrementalSourceAst" ,
"Duas" : 8,
"0" :  "(1087,(1088,1088), this)",
"1" :  "(1087,(1088,1088), this)",
"2" :  "(1087,1089, this)",
"3" :  "(1087,1089, ast)",
"4" :  "(1087,(1088,1088), id)",
"5" :  "(1087,(1088,1088), id)",
"6" :  "(1087,1088, id)",
"7" :  "(1087,1089, id)"},{ "Name" : "replaceIncrementalSourceAst" ,
"Duas" : 29,
"0" :  "(1102,1109, this)",
"1" :  "(1102,1113, this)",
"2" :  "(1102,1117, this)",
"3" :  "(1102,1128, this)",
"4" :  "(1102,1131, this)",
"5" :  "(1102,1116, ast)",
"6" :  "(1102,1117, ast)",
"7" :  "(1102,1131, this.inputs)",
"8" :  "(1102,1109, oldInput)",
"9" :  "(1102,1119, oldInput)",
"10" :  "(1102,1126, oldInput)",
"11" :  "(1102,1131, oldInput)",
"12" :  "(1102,1121, oldInput)",
"13" :  "(1102,1122, oldInput)",
"14" :  "(1104,(1105,1106), newRoot)",
"15" :  "(1104,(1105,1109), newRoot)",
"16" :  "(1104,1113, newRoot)",
"17" :  "(1104,1111, newRoot)",
"18" :  "(1109,(1110,1111), oldRoot)",
"19" :  "(1109,(1110,1113), oldRoot)",
"20" :  "(1109,1111, oldRoot)",
"21" :  "(1116,1126, newInput)",
"22" :  "(1116,1128, newInput)",
"23" :  "(1116,1129, newInput)",
"24" :  "(1116,1121, newInput)",
"25" :  "(1119,(1120,1121), module)",
"26" :  "(1119,(1120,1126), module)",
"27" :  "(1119,1121, module)",
"28" :  "(1119,1122, module)"},{ "Name" : "addNewSourceAst" ,
"Duas" : 24,
"0" :  "(1146,1151, this)",
"1" :  "(1146,1156, this)",
"2" :  "(1146,(1161,1161), this)",
"3" :  "(1146,(1161,1166), this)",
"4" :  "(1146,1166, this)",
"5" :  "(1146,(1161,1163), this)",
"6" :  "(1146,(1161,1166), this)",
"7" :  "(1146,1163, this)",
"8" :  "(1146,1151, ast)",
"9" :  "(1146,1158, ast)",
"10" :  "(1146,1166, ast)",
"11" :  "(1146,1148, ast)",
"12" :  "(1146,(1161,1161), this.moduleGraph)",
"13" :  "(1146,(1161,1166), this.moduleGraph)",
"14" :  "(1146,(1161,1163), this.modules)",
"15" :  "(1146,(1161,1166), this.modules)",
"16" :  "(1146,1163, this.modules)",
"17" :  "(1146,(1147,1148), oldInput)",
"18" :  "(1146,(1147,1151), oldInput)",
"19" :  "(1151,(1152,1153), newRoot)",
"20" :  "(1151,(1152,1156), newRoot)",
"21" :  "(1151,1156, newRoot)",
"22" :  "(1158,1166, newInput)",
"23" :  "(1158,1163, newInput)"},{ "Name" : "getDegenerateModuleGraph" ,
"Duas" : 8,
"0" :  "(1181,(1181,1181), this)",
"1" :  "(1181,(1181,1181), this)",
"2" :  "(1181,1181, this)",
"3" :  "(1181,1181, this)",
"4" :  "(1181,(1181,1181), this.moduleGraph)",
"5" :  "(1181,(1181,1181), this.moduleGraph)",
"6" :  "(1181,1181, this.moduleGraph)",
"7" :  "(1181,1181, this.modules)"},{ "Name" : "getTypeRegistry" ,
"Duas" : 12,
"0" :  "(1186,(1186,1187), this)",
"1" :  "(1186,(1186,1189), this)",
"2" :  "(1186,1189, this)",
"3" :  "(1186,1187, this)",
"4" :  "(1186,1187, this)",
"5" :  "(1186,(1186,1187), this.typeRegistry)",
"6" :  "(1186,(1186,1189), this.typeRegistry)",
"7" :  "(1186,1189, this.typeRegistry)",
"8" :  "(1186,1187, this.oldErrorReporter)",
"9" :  "(1186,1187, this.options)",
"10" :  "(1186,1187, this.looseTypes)",
"11" :  "(1187,1189, this.typeRegistry)"},{ "Name" : "buildKnownSymbolTable" ,
"Duas" : 39,
"0" :  "(1206,1213, this)",
"1" :  "(1206,1216, this)",
"2" :  "(1206,1222, this)",
"3" :  "(1206,1225, this)",
"4" :  "(1206,1228, this)",
"5" :  "(1206,1236, this)",
"6" :  "(1206,1237, this)",
"7" :  "(1206,1238, this)",
"8" :  "(1206,1213, this.externsRoot)",
"9" :  "(1206,1236, this.externsRoot)",
"10" :  "(1206,1237, this.externsRoot)",
"11" :  "(1206,1238, this.externsRoot)",
"12" :  "(1206,1213, this.jsRoot)",
"13" :  "(1206,1236, this.jsRoot)",
"14" :  "(1206,1237, this.jsRoot)",
"15" :  "(1206,1238, this.jsRoot)",
"16" :  "(1206,1222, DO_NOTHING_BEHAVIOR)",
"17" :  "(1206,1213, symbolTable)",
"18" :  "(1206,1226, symbolTable)",
"19" :  "(1206,1234, symbolTable)",
"20" :  "(1206,1235, symbolTable)",
"21" :  "(1206,1236, symbolTable)",
"22" :  "(1206,1237, symbolTable)",
"23" :  "(1206,1238, symbolTable)",
"24" :  "(1206,1240, symbolTable)",
"25" :  "(1206,1231, symbolTable)",
"26" :  "(1206,1219, symbolTable)",
"27" :  "(1206,1210, symbolTable)",
"28" :  "(1206,1211, symbolTable)",
"29" :  "(1208,(1209,1210), typedScopeCreator)",
"30" :  "(1208,(1209,1213), typedScopeCreator)",
"31" :  "(1208,1210, typedScopeCreator)",
"32" :  "(1208,1211, typedScopeCreator)",
"33" :  "(1216,(1218,1219), globalNamespace)",
"34" :  "(1216,(1218,1222), globalNamespace)",
"35" :  "(1216,1219, globalNamespace)",
"36" :  "(1228,(1230,1231), preprocessorSymbolTable)",
"37" :  "(1228,(1230,1234), preprocessorSymbolTable)",
"38" :  "(1228,1231, preprocessorSymbolTable)"},{ "Name" : "getReverseAbstractInterpreter" ,
"Duas" : 19,
"0" :  "(1250,(1250,1251), this)",
"1" :  "(1250,(1250,1261), this)",
"2" :  "(1250,1261, this)",
"3" :  "(1250,1251, this)",
"4" :  "(1250,(1254,1255), this)",
"5" :  "(1250,(1254,1259), this)",
"6" :  "(1250,1259, this)",
"7" :  "(1250,1255, this)",
"8" :  "(1250,(1250,1251), this.abstractInterpreter)",
"9" :  "(1250,(1250,1261), this.abstractInterpreter)",
"10" :  "(1250,1261, this.abstractInterpreter)",
"11" :  "(1250,(1254,1255), this.options)",
"12" :  "(1250,(1254,1259), this.options)",
"13" :  "(1250,(1254,1255), this.closurePass)",
"14" :  "(1250,(1254,1259), this.closurePass)",
"15" :  "(1251,1259, interpreter)",
"16" :  "(1251,1255, interpreter)",
"17" :  "(1255,1259, interpreter)",
"18" :  "(1259,1261, this.abstractInterpreter)"},{ "Name" : "getTypeValidator" ,
"Duas" : 9,
"0" :  "(1266,(1266,1267), this)",
"1" :  "(1266,(1266,1269), this)",
"2" :  "(1266,1269, this)",
"3" :  "(1266,1267, this)",
"4" :  "(1266,1267, this)",
"5" :  "(1266,(1266,1267), this.typeValidator)",
"6" :  "(1266,(1266,1269), this.typeValidator)",
"7" :  "(1266,1269, this.typeValidator)",
"8" :  "(1267,1269, this.typeValidator)"},{ "Name" : "parseInputs" ,
"Duas" : 151,
"0" :  "(1283,(1283,1283), this)",
"1" :  "(1283,(1283,1283), this)",
"2" :  "(1283,(1287,1288), this)",
"3" :  "(1283,(1287,1290), this)",
"4" :  "(1283,(1290,1291), this)",
"5" :  "(1283,(1290,1295), this)",
"6" :  "(1283,1295, this)",
"7" :  "(1283,1296, this)",
"8" :  "(1283,1298, this)",
"9" :  "(1283,1299, this)",
"10" :  "(1283,1301, this)",
"11" :  "(1283,1301, this)",
"12" :  "(1283,1301, this)",
"13" :  "(1283,1302, this)",
"14" :  "(1283,(1304,1305), this)",
"15" :  "(1283,(1304,1309), this)",
"16" :  "(1283,1309, this)",
"17" :  "(1283,1313, this)",
"18" :  "(1283,(1322,1322), this)",
"19" :  "(1283,(1322,1323), this)",
"20" :  "(1283,1323, this)",
"21" :  "(1283,1326, this)",
"22" :  "(1283,(1330,1331), this)",
"23" :  "(1283,(1330,1363), this)",
"24" :  "(1283,1363, this)",
"25" :  "(1283,1370, this)",
"26" :  "(1283,(1397,1398), this)",
"27" :  "(1283,(1397,1400), this)",
"28" :  "(1283,1400, this)",
"29" :  "(1283,1402, this)",
"30" :  "(1283,1402, this)",
"31" :  "(1283,1371, this)",
"32" :  "(1283,(1383,1383), this)",
"33" :  "(1283,(1383,1388), this)",
"34" :  "(1283,(1388,1388), this)",
"35" :  "(1283,(1388,1388), this)",
"36" :  "(1283,1391, this)",
"37" :  "(1283,1394, this)",
"38" :  "(1283,(1383,1388), this)",
"39" :  "(1283,(1383,1394), this)",
"40" :  "(1283,1377, this)",
"41" :  "(1283,(1378,1379), this)",
"42" :  "(1283,(1378,1383), this)",
"43" :  "(1283,1402, this)",
"44" :  "(1283,1366, this)",
"45" :  "(1283,1331, this)",
"46" :  "(1283,(1340,1340), this)",
"47" :  "(1283,(1340,1340), this)",
"48" :  "(1283,1340, this)",
"49" :  "(1283,1340, this)",
"50" :  "(1283,1335, this)",
"51" :  "(1283,(1322,1323), this)",
"52" :  "(1283,(1322,1326), this)",
"53" :  "(1283,1314, this)",
"54" :  "(1283,(1315,1316), this)",
"55" :  "(1283,(1315,1318), this)",
"56" :  "(1283,1318, this)",
"57" :  "(1283,1402, this)",
"58" :  "(1283,1305, this)",
"59" :  "(1283,1305, this)",
"60" :  "(1283,1306, this)",
"61" :  "(1283,1291, this)",
"62" :  "(1283,1288, this)",
"63" :  "(1283,(1283,1283), OFF)",
"64" :  "(1283,(1283,1283), OFF)",
"65" :  "(1283,(1388,1388), OFF)",
"66" :  "(1283,(1388,1388), OFF)",
"67" :  "(1283,(1283,1283), this.options)",
"68" :  "(1283,(1283,1283), this.options)",
"69" :  "(1283,(1304,1305), this.options)",
"70" :  "(1283,(1304,1309), this.options)",
"71" :  "(1283,(1322,1322), this.options)",
"72" :  "(1283,(1322,1323), this.options)",
"73" :  "(1283,(1330,1331), this.options)",
"74" :  "(1283,(1330,1363), this.options)",
"75" :  "(1283,(1383,1383), this.options)",
"76" :  "(1283,(1383,1388), this.options)",
"77" :  "(1283,(1388,1388), this.options)",
"78" :  "(1283,(1388,1388), this.options)",
"79" :  "(1283,(1383,1388), this.options)",
"80" :  "(1283,(1383,1394), this.options)",
"81" :  "(1283,1340, this.options)",
"82" :  "(1283,(1322,1323), this.options)",
"83" :  "(1283,(1322,1326), this.options)",
"84" :  "(1283,1305, this.options)",
"85" :  "(1283,(1283,1283), this.devMode)",
"86" :  "(1283,(1283,1283), this.devMode)",
"87" :  "(1283,(1388,1388), this.devMode)",
"88" :  "(1283,(1388,1388), this.devMode)",
"89" :  "(1283,(1287,1288), this.externsRoot)",
"90" :  "(1283,(1287,1290), this.externsRoot)",
"91" :  "(1283,1288, this.externsRoot)",
"92" :  "(1283,(1290,1291), this.jsRoot)",
"93" :  "(1283,(1290,1295), this.jsRoot)",
"94" :  "(1283,1291, this.jsRoot)",
"95" :  "(1283,(1304,1305), this.tracer)",
"96" :  "(1283,(1304,1309), this.tracer)",
"97" :  "(1283,1305, this.tracer)",
"98" :  "(1283,1313, this.externs)",
"99" :  "(1283,(1322,1322), this.transformAMDToCJSModules)",
"100" :  "(1283,(1322,1323), this.transformAMDToCJSModules)",
"101" :  "(1283,(1322,1323), this.processCommonJSModules)",
"102" :  "(1283,(1322,1326), this.processCommonJSModules)",
"103" :  "(1283,(1330,1331), this.dependencyOptions)",
"104" :  "(1283,(1330,1363), this.dependencyOptions)",
"105" :  "(1283,1340, this.dependencyOptions)",
"106" :  "(1283,1370, this.inputs)",
"107" :  "(1283,1331, this.inputs)",
"108" :  "(1283,1340, this.inputs)",
"109" :  "(1283,(1340,1340), this.moduleGraph)",
"110" :  "(1283,(1340,1340), this.moduleGraph)",
"111" :  "(1283,1340, this.moduleGraph)",
"112" :  "(1283,1340, this.modules)",
"113" :  "(1283,(1383,1383), this.sourceMapOutputPath)",
"114" :  "(1283,(1383,1388), this.sourceMapOutputPath)",
"115" :  "(1283,(1383,1388), this.nameReferenceReportPath)",
"116" :  "(1283,(1383,1394), this.nameReferenceReportPath)",
"117" :  "(1283,(1376,1377), devMode)",
"118" :  "(1283,(1376,1383), devMode)",
"119" :  "(1295,1394, this.jsRoot)",
"120" :  "(1295,1305, this.jsRoot)",
"121" :  "(1298,1326, this.externsRoot)",
"122" :  "(1298,1318, this.externsRoot)",
"123" :  "(1301,1400, this.externAndJsRoot)",
"124" :  "(1309,1402, tracer)",
"125" :  "(1309,1402, tracer)",
"126" :  "(1309,1402, tracer)",
"127" :  "(1309,1402, tracer)",
"128" :  "(1313,(1313,1313), i$)",
"129" :  "(1313,(1313,1322), i$)",
"130" :  "(1313,1313, i$)",
"131" :  "(1314,1318, n)",
"132" :  "(1329,(1365,1366), staleInputs)",
"133" :  "(1329,(1365,1370), staleInputs)",
"134" :  "(1331,(1331,1331), i$)",
"135" :  "(1331,(1331,1340), i$)",
"136" :  "(1331,1331, i$)",
"137" :  "(1334,(1334,1334), i$)",
"138" :  "(1334,(1334,1337), i$)",
"139" :  "(1334,1334, i$)",
"140" :  "(1340,1370, this.inputs)",
"141" :  "(1343,(1365,1366), staleInputs)",
"142" :  "(1343,(1365,1370), staleInputs)",
"143" :  "(1370,(1370,1370), i$)",
"144" :  "(1370,(1370,1397), i$)",
"145" :  "(1370,1370, i$)",
"146" :  "(1370,1388, input)",
"147" :  "(1371,(1372,1373), n)",
"148" :  "(1371,(1372,1376), n)",
"149" :  "(1371,1391, n)",
"150" :  "(1371,1394, n)"},{ "Name" : "hoistExterns" ,
"Duas" : 34,
"0" :  "(1410,1443, this)",
"1" :  "(1410,(1412,1415), this)",
"2" :  "(1410,(1412,1420), this)",
"3" :  "(1410,1420, this)",
"4" :  "(1410,1437, this)",
"5" :  "(1410,1432, externsRoot)",
"6" :  "(1410,(1412,1415), this.options)",
"7" :  "(1410,(1412,1420), this.options)",
"8" :  "(1410,(1412,1415), this.dependencyOptions)",
"9" :  "(1410,(1412,1420), this.dependencyOptions)",
"10" :  "(1410,1437, this.externs)",
"11" :  "(1410,(1442,1443), staleInputs)",
"12" :  "(1410,(1442,1445), staleInputs)",
"13" :  "(1411,(1411,1411), i$)",
"14" :  "(1411,(1411,1442), i$)",
"15" :  "(1411,1411, i$)",
"16" :  "(1411,1420, input)",
"17" :  "(1411,1433, input)",
"18" :  "(1411,1435, input)",
"19" :  "(1411,1437, input)",
"20" :  "(1411,(1415,1415), input)",
"21" :  "(1411,(1415,1411), input)",
"22" :  "(1411,(1415,1416), input)",
"23" :  "(1411,(1415,1420), input)",
"24" :  "(1420,(1423,1424), n)",
"25" :  "(1420,(1423,1427), n)",
"26" :  "(1420,1427, n)",
"27" :  "(1420,1432, n)",
"28" :  "(1427,(1428,1428), info)",
"29" :  "(1427,(1428,1440), info)",
"30" :  "(1427,(1428,1432), info)",
"31" :  "(1427,(1428,1440), info)",
"32" :  "(1438,(1442,1443), staleInputs)",
"33" :  "(1438,(1442,1445), staleInputs)"},{ "Name" : "hoistNoCompileFiles" ,
"Duas" : 17,
"0" :  "(1451,1468, this)",
"1" :  "(1451,1453, this)",
"2" :  "(1451,(1467,1468), staleInputs)",
"3" :  "(1451,(1467,1470), staleInputs)",
"4" :  "(1452,(1452,1452), i$)",
"5" :  "(1452,(1452,1467), i$)",
"6" :  "(1452,1452, i$)",
"7" :  "(1452,1462, input)",
"8" :  "(1453,(1456,1457), n)",
"9" :  "(1453,(1456,1460), n)",
"10" :  "(1453,1460, n)",
"11" :  "(1460,(1461,1461), info)",
"12" :  "(1460,(1461,1465), info)",
"13" :  "(1460,(1461,1462), info)",
"14" :  "(1460,(1461,1465), info)",
"15" :  "(1463,(1467,1468), staleInputs)",
"16" :  "(1463,(1467,1470), staleInputs)"},{ "Name" : "processAMDAndCommonJSModules" ,
"Duas" : 85,
"0" :  "(1483,(1509,1510), this)",
"1" :  "(1483,(1509,1548), this)",
"2" :  "(1483,1529, this)",
"3" :  "(1483,1541, this)",
"4" :  "(1483,1543, this)",
"5" :  "(1483,1520, this)",
"6" :  "(1483,1512, this)",
"7" :  "(1483,1513, this)",
"8" :  "(1483,1513, this)",
"9" :  "(1483,1490, this)",
"10" :  "(1483,1491, this)",
"11" :  "(1483,(1495,1496), this)",
"12" :  "(1483,(1495,1498), this)",
"13" :  "(1483,(1498,1499), this)",
"14" :  "(1483,(1498,1508), this)",
"15" :  "(1483,1499, this)",
"16" :  "(1483,1496, this)",
"17" :  "(1483,1529, this.inputs)",
"18" :  "(1483,(1509,1510), this.options)",
"19" :  "(1483,(1509,1548), this.options)",
"20" :  "(1483,1529, this.options)",
"21" :  "(1483,(1495,1496), this.options)",
"22" :  "(1483,(1495,1498), this.options)",
"23" :  "(1483,(1498,1499), this.options)",
"24" :  "(1483,(1498,1508), this.options)",
"25" :  "(1483,1499, this.options)",
"26" :  "(1483,(1495,1496), this.transformAMDToCJSModules)",
"27" :  "(1483,(1495,1498), this.transformAMDToCJSModules)",
"28" :  "(1483,(1509,1510), this.processCommonJSModules)",
"29" :  "(1483,(1509,1548), this.processCommonJSModules)",
"30" :  "(1483,(1498,1499), this.processCommonJSModules)",
"31" :  "(1483,(1498,1508), this.processCommonJSModules)",
"32" :  "(1483,1499, this.commonJSModulePathPrefix)",
"33" :  "(1483,1529, this.moduleGraph)",
"34" :  "(1483,1520, MISSING_ENTRY_ERROR)",
"35" :  "(1483,1529, this.dependencyOptions)",
"36" :  "(1483,1510, modulesByName)",
"37" :  "(1483,1518, modulesByName)",
"38" :  "(1483,1504, modulesByName)",
"39" :  "(1484,1531, modulesByInput)",
"40" :  "(1484,1505, modulesByInput)",
"41" :  "(1489,(1489,1489), i$)",
"42" :  "(1489,(1489,1509), i$)",
"43" :  "(1489,1489, i$)",
"44" :  "(1489,1505, input)",
"45" :  "(1491,(1492,1493), root)",
"46" :  "(1491,(1492,1495), root)",
"47" :  "(1491,1501, root)",
"48" :  "(1491,1496, root)",
"49" :  "(1502,(1503,1504), m)",
"50" :  "(1502,(1503,1508), m)",
"51" :  "(1502,1504, m)",
"52" :  "(1502,1505, m)",
"53" :  "(1510,(1511,1512), modules)",
"54" :  "(1510,(1511,1515), modules)",
"55" :  "(1510,1515, modules)",
"56" :  "(1510,1512, modules)",
"57" :  "(1513,1529, this.moduleGraph)",
"58" :  "(1515,(1515,1515), i$)",
"59" :  "(1515,(1515,1528), i$)",
"60" :  "(1515,1515, i$)",
"61" :  "(1515,1522, module)",
"62" :  "(1516,(1516,1516), i$)",
"63" :  "(1516,(1516,1526), i$)",
"64" :  "(1516,1516, i$)",
"65" :  "(1517,(1517,1517), i$)",
"66" :  "(1517,(1517,1525), i$)",
"67" :  "(1517,1517, i$)",
"68" :  "(1517,1520, require)",
"69" :  "(1518,(1519,1520), dependency)",
"70" :  "(1518,(1519,1522), dependency)",
"71" :  "(1518,1522, dependency)",
"72" :  "(1528,1534, modules)",
"73" :  "(1528,1537, modules)",
"74" :  "(1528,1538, modules)",
"75" :  "(1528,1540, modules)",
"76" :  "(1528,1531, modules)",
"77" :  "(1529,(1529,1529), i$)",
"78" :  "(1529,(1529,1533), i$)",
"79" :  "(1529,1529, i$)",
"80" :  "(1533,1537, root)",
"81" :  "(1533,1535, root)",
"82" :  "(1534,(1534,1534), i$)",
"83" :  "(1534,(1534,1537), i$)",
"84" :  "(1534,1534, i$)"},{ "Name" : "initCompilerOptionsIfTesting" ,
"Duas" : 5,
"0" :  "(1574,(1574,1577), this)",
"1" :  "(1574,(1574,1579), this)",
"2" :  "(1574,1577, this)",
"3" :  "(1574,(1574,1577), this.options)",
"4" :  "(1574,(1574,1579), this.options)"},{ "Name" : "parseTestCode" ,
"Duas" : 9,
"0" :  "(1589,(1592,1593), this)",
"1" :  "(1589,(1592,1595), this)",
"2" :  "(1589,1595, this)",
"3" :  "(1589,1596, this)",
"4" :  "(1589,1593, this)",
"5" :  "(1589,(1592,1593), this.inputsById)",
"6" :  "(1589,(1592,1595), this.inputsById)",
"7" :  "(1590,1595, input)",
"8" :  "(1590,1596, input)"},{ "Name" : "toSource" ,
"Duas" : 10,
"0" :  "(1803,(1806,1806), this)",
"1" :  "(1803,(1806,1806), this)",
"2" :  "(1803,(1806,1806), firstOutput)",
"3" :  "(1803,(1806,1806), firstOutput)",
"4" :  "(1803,(1806,1806), this.options)",
"5" :  "(1803,(1806,1806), this.options)",
"6" :  "(1803,(1806,1806), ECMASCRIPT5_STRICT)",
"7" :  "(1803,(1806,1806), ECMASCRIPT5_STRICT)",
"8" :  "(1803,1806, builder)",
"9" :  "(1803,1808, builder)"},{ "Name" : "optimize" ,
"Duas" : 17,
"0" :  "(1885,(1888,1889), this)",
"1" :  "(1885,(1888,1891), this)",
"2" :  "(1885,1891, this)",
"3" :  "(1885,1892, this)",
"4" :  "(1885,1889, this)",
"5" :  "(1885,(1888,1889), EVERY_PASS)",
"6" :  "(1885,(1888,1891), EVERY_PASS)",
"7" :  "(1885,(1888,1889), this.options)",
"8" :  "(1885,(1888,1891), this.options)",
"9" :  "(1885,(1888,1889), this.devMode)",
"10" :  "(1885,(1888,1891), this.devMode)",
"11" :  "(1885,1889, this.sanityCheck)",
"12" :  "(1885,1892, this.externsRoot)",
"13" :  "(1885,1892, this.jsRoot)",
"14" :  "(1887,1891, phaseOptimizer)",
"15" :  "(1887,1892, phaseOptimizer)",
"16" :  "(1887,1889, phaseOptimizer)"},{ "Name" : "isInliningForbidden" ,
"Duas" : 16,
"0" :  "(1918,(1918,1918), this)",
"1" :  "(1918,(1918,1918), this)",
"2" :  "(1918,(1918,1918), this)",
"3" :  "(1918,(1918,1918), this)",
"4" :  "(1918,(1918,1918), HEURISTIC)",
"5" :  "(1918,(1918,1918), HEURISTIC)",
"6" :  "(1918,(1918,1918), this.options)",
"7" :  "(1918,(1918,1918), this.options)",
"8" :  "(1918,(1918,1918), this.options)",
"9" :  "(1918,(1918,1918), this.options)",
"10" :  "(1918,(1918,1918), this.propertyRenaming)",
"11" :  "(1918,(1918,1918), this.propertyRenaming)",
"12" :  "(1918,(1918,1918), this.propertyRenaming)",
"13" :  "(1918,(1918,1918), this.propertyRenaming)",
"14" :  "(1918,(1918,1918), AGGRESSIVE_HEURISTIC)",
"15" :  "(1918,(1918,1918), AGGRESSIVE_HEURISTIC)"},{ "Name" : "reportCodeChange" ,
"Duas" : 3,
"0" :  "(1984,(1984,1984), i$)",
"1" :  "(1984,(1984,1987), i$)",
"2" :  "(1984,1984, i$)"},{ "Name" : "getCodingConvention" ,
"Duas" : 5,
"0" :  "(1991,1992, this)",
"1" :  "(1991,1992, this.defaultCodingConvention)",
"2" :  "(1991,(1992,1992), convention)",
"3" :  "(1991,(1992,1992), convention)",
"4" :  "(1991,1992, convention)"},{ "Name" : "acceptEcmaScript5" ,
"Duas" : 9,
"0" :  "(2003,(2003,2010), this)",
"1" :  "(2003,(2003,2006), this)",
"2" :  "(2003,(2003,2008), this)",
"3" :  "(2003,(2003,2010), $SwitchMap$com$google$javascript$jscomp$CompilerOptions$LanguageMode)",
"4" :  "(2003,(2003,2006), $SwitchMap$com$google$javascript$jscomp$CompilerOptions$LanguageMode)",
"5" :  "(2003,(2003,2008), $SwitchMap$com$google$javascript$jscomp$CompilerOptions$LanguageMode)",
"6" :  "(2003,(2003,2010), this.options)",
"7" :  "(2003,(2003,2006), this.options)",
"8" :  "(2003,(2003,2008), this.options)"},{ "Name" : "getParserConfig" ,
"Duas" : 28,
"0" :  "(2024,(2024,2026), this)",
"1" :  "(2024,(2024,2046), this)",
"2" :  "(2024,2046, this)",
"3" :  "(2024,(2026,2037), this)",
"4" :  "(2024,(2026,2031), this)",
"5" :  "(2024,(2026,2034), this)",
"6" :  "(2024,(2026,2028), this)",
"7" :  "(2024,2040, this)",
"8" :  "(2024,(2024,2026), this.parserConfig)",
"9" :  "(2024,(2024,2046), this.parserConfig)",
"10" :  "(2024,2046, this.parserConfig)",
"11" :  "(2024,(2026,2037), $SwitchMap$com$google$javascript$jscomp$CompilerOptions$LanguageMode)",
"12" :  "(2024,(2026,2031), $SwitchMap$com$google$javascript$jscomp$CompilerOptions$LanguageMode)",
"13" :  "(2024,(2026,2034), $SwitchMap$com$google$javascript$jscomp$CompilerOptions$LanguageMode)",
"14" :  "(2024,(2026,2028), $SwitchMap$com$google$javascript$jscomp$CompilerOptions$LanguageMode)",
"15" :  "(2024,(2026,2037), this.options)",
"16" :  "(2024,(2026,2031), this.options)",
"17" :  "(2024,(2026,2034), this.options)",
"18" :  "(2024,(2026,2028), this.options)",
"19" :  "(2024,2040, this.options)",
"20" :  "(2024,2028, ECMASCRIPT3)",
"21" :  "(2024,2031, ECMASCRIPT5)",
"22" :  "(2024,2034, ECMASCRIPT5_STRICT)",
"23" :  "(2024,2040, this.extraAnnotationNames)",
"24" :  "(2028,2040, mode)",
"25" :  "(2031,2040, mode)",
"26" :  "(2034,2040, mode)",
"27" :  "(2040,2046, this.parserConfig)"},{ "Name" : "report" ,
"Duas" : 25,
"0" :  "(2069,(2070,2071), this)",
"1" :  "(2069,(2070,2077), this)",
"2" :  "(2069,(2078,2079), this)",
"3" :  "(2069,(2078,2081), this)",
"4" :  "(2069,2081, this)",
"5" :  "(2069,2079, this)",
"6" :  "(2069,2071, this)",
"7" :  "(2069,2081, error)",
"8" :  "(2069,2079, error)",
"9" :  "(2069,2071, error)",
"10" :  "(2069,(2070,2071), this.warningsGuard)",
"11" :  "(2069,(2070,2077), this.warningsGuard)",
"12" :  "(2069,2071, this.warningsGuard)",
"13" :  "(2069,2081, this.errorManager)",
"14" :  "(2069,(2077,2078), level)",
"15" :  "(2069,(2077,2083), level)",
"16" :  "(2069,2081, level)",
"17" :  "(2069,2079, level)",
"18" :  "(2071,(2072,2073), newLevel)",
"19" :  "(2071,(2072,2077), newLevel)",
"20" :  "(2071,2073, newLevel)",
"21" :  "(2073,(2077,2078), level)",
"22" :  "(2073,(2077,2083), level)",
"23" :  "(2073,2081, level)",
"24" :  "(2073,2079, level)"},{ "Name" : "throwInternalError" ,
"Duas" : 5,
"0" :  "(2096,(2101,2102), cause)",
"1" :  "(2096,(2101,2104), cause)",
"2" :  "(2096,2102, cause)",
"3" :  "(2100,2104, e)",
"4" :  "(2100,2102, e)"},{ "Name" : "hasHaltingErrors" ,
"Duas" : 4,
"0" :  "(2124,(2124,2124), this)",
"1" :  "(2124,(2124,2124), this)",
"2" :  "(2124,(2124,2124), this)",
"3" :  "(2124,(2124,2124), this)"},{ "Name" : "getSourceFileByName" ,
"Duas" : 8,
"0" :  "(2152,2153, this)",
"1" :  "(2152,(2152,2153), sourceName)",
"2" :  "(2152,(2152,2158), sourceName)",
"3" :  "(2152,2153, sourceName)",
"4" :  "(2152,2153, this.inputsById)",
"5" :  "(2153,(2154,2155), input)",
"6" :  "(2153,(2154,2158), input)",
"7" :  "(2153,2155, input)"},{ "Name" : "getSourceLine" ,
"Duas" : 8,
"0" :  "(2163,2166, this)",
"1" :  "(2163,2166, sourceName)",
"2" :  "(2163,(2163,2164), lineNumber)",
"3" :  "(2163,(2163,2166), lineNumber)",
"4" :  "(2163,2168, lineNumber)",
"5" :  "(2166,(2167,2168), input)",
"6" :  "(2166,(2167,2170), input)",
"7" :  "(2166,2168, input)"},{ "Name" : "getSourceRegion" ,
"Duas" : 8,
"0" :  "(2175,2178, this)",
"1" :  "(2175,2178, sourceName)",
"2" :  "(2175,(2175,2176), lineNumber)",
"3" :  "(2175,(2175,2178), lineNumber)",
"4" :  "(2175,2180, lineNumber)",
"5" :  "(2178,(2179,2180), input)",
"6" :  "(2178,(2179,2182), input)",
"7" :  "(2178,2180, input)"},{ "Name" : "getNodeForCodeInsertion" ,
"Duas" : 13,
"0" :  "(2191,2201, this)",
"1" :  "(2191,(2192,2193), this)",
"2" :  "(2191,(2192,2196), this)",
"3" :  "(2191,2196, this)",
"4" :  "(2191,(2191,2192), module)",
"5" :  "(2191,(2191,2199), module)",
"6" :  "(2191,2199, module)",
"7" :  "(2191,(2192,2193), this.inputs)",
"8" :  "(2191,(2192,2196), this.inputs)",
"9" :  "(2191,2196, this.inputs)",
"10" :  "(2199,(2200,2201), moduleInputs)",
"11" :  "(2199,(2200,2203), moduleInputs)",
"12" :  "(2199,2201, moduleInputs)"},{ "Name" : "getAstDotGraph" ,
"Duas" : 9,
"0" :  "(2235,(2235,2236), this)",
"1" :  "(2235,(2235,2240), this)",
"2" :  "(2235,2236, this)",
"3" :  "(2235,2237, this)",
"4" :  "(2235,2238, this)",
"5" :  "(2235,(2235,2236), this.jsRoot)",
"6" :  "(2235,(2235,2240), this.jsRoot)",
"7" :  "(2235,2237, this.jsRoot)",
"8" :  "(2235,2238, this.jsRoot)"},{ "Name" : "getErrorManager" ,
"Duas" : 7,
"0" :  "(2246,(2246,2247), this)",
"1" :  "(2246,(2246,2249), this)",
"2" :  "(2246,2249, this)",
"3" :  "(2246,2247, this)",
"4" :  "(2246,(2246,2247), this.options)",
"5" :  "(2246,(2246,2249), this.options)",
"6" :  "(2246,2249, this.errorManager)"},{ "Name" : "updateGlobalVarReferences" ,
"Duas" : 15,
"0" :  "(2358,(2360,2361), this)",
"1" :  "(2358,(2360,2364), this)",
"2" :  "(2358,2364, this)",
"3" :  "(2358,2361, this)",
"4" :  "(2358,2361, this)",
"5" :  "(2358,2364, refMapPatch)",
"6" :  "(2358,(2358,2358), collectionRoot)",
"7" :  "(2358,(2358,2358), collectionRoot)",
"8" :  "(2358,2364, collectionRoot)",
"9" :  "(2358,(2358,2358), collectionRoot)",
"10" :  "(2358,(2358,2358), collectionRoot)",
"11" :  "(2358,(2360,2361), this.globalRefMap)",
"12" :  "(2358,(2360,2364), this.globalRefMap)",
"13" :  "(2358,2364, this.globalRefMap)",
"14" :  "(2361,2364, this.globalRefMap)"},{ "Name" : "getSynthesizedExternsInput" ,
"Duas" : 8,
"0" :  "(2374,(2374,2375), this)",
"1" :  "(2374,(2374,2377), this)",
"2" :  "(2374,2377, this)",
"3" :  "(2374,2375, this)",
"4" :  "(2374,(2374,2375), this.synthesizedExternsInput)",
"5" :  "(2374,(2374,2377), this.synthesizedExternsInput)",
"6" :  "(2374,2377, this.synthesizedExternsInput)",
"7" :  "(2375,2377, this.synthesizedExternsInput)"},{ "Name" : "setProgress" ,
"Duas" : 5,
"0" :  "(2392,2396, this)",
"1" :  "(2392,2394, this)",
"2" :  "(2392,(2393,2394), newProgress)",
"3" :  "(2392,(2393,2396), newProgress)",
"4" :  "(2392,2396, newProgress)"},{ "Name" : "replaceScript" ,
"Duas" : 8,
"0" :  "(2408,(2409,2410), this)",
"1" :  "(2408,(2409,2412), this)",
"2" :  "(2408,2412, this)",
"3" :  "(2408,2414, this)",
"4" :  "(2408,(2409,2410), ast)",
"5" :  "(2408,(2409,2412), ast)",
"6" :  "(2408,2414, ast)",
"7" :  "(2408,2412, input)"},{ "Name" : "addNewScript" ,
"Duas" : 7,
"0" :  "(2425,(2425,2426), this)",
"1" :  "(2425,(2425,2428), this)",
"2" :  "(2425,2434, this)",
"3" :  "(2425,(2425,2426), ast)",
"4" :  "(2425,(2425,2428), ast)",
"5" :  "(2425,2429, ast)",
"6" :  "(2425,2434, ast)"},{ "Name" : "runHotSwap" ,
"Duas" : 6,
"0" :  "(2457,2458, this)",
"1" :  "(2457,2458, originalRoot)",
"2" :  "(2457,2458, js)",
"3" :  "(2457,(2457,2457), i$)",
"4" :  "(2457,(2457,2460), i$)",
"5" :  "(2457,2457, i$)"},{ "Name" : "runHotSwapPass" ,
"Duas" : 7,
"0" :  "(2464,2467, originalRoot)",
"1" :  "(2464,2467, js)",
"2" :  "(2464,2466, passFactory)",
"3" :  "(2464,2466, logger)",
"4" :  "(2464,(2465,2466), pass)",
"5" :  "(2464,(2465,2469), pass)",
"6" :  "(2464,2467, pass)"},{ "Name" : "ensureLibraryInjected" ,
"Duas" : 27,
"0" :  "(2482,(2482,2483), this)",
"1" :  "(2482,(2482,2487), this)",
"2" :  "(2482,2492, this)",
"3" :  "(2482,2495, this)",
"4" :  "(2482,2499, this)",
"5" :  "(2482,2502, this)",
"6" :  "(2482,2504, this)",
"7" :  "(2482,2489, this)",
"8" :  "(2482,(2482,2483), resourceName)",
"9" :  "(2482,(2482,2487), resourceName)",
"10" :  "(2482,2487, resourceName)",
"11" :  "(2482,2492, resourceName)",
"12" :  "(2482,2504, resourceName)",
"13" :  "(2482,(2482,2483), this.injectedLibraries)",
"14" :  "(2482,(2482,2487), this.injectedLibraries)",
"15" :  "(2482,2499, this.injectedLibraries)",
"16" :  "(2482,2504, this.injectedLibraries)",
"17" :  "(2487,(2488,2489), isBase)",
"18" :  "(2487,(2488,2492), isBase)",
"19" :  "(2487,(2496,2497), isBase)",
"20" :  "(2487,(2496,2499), isBase)",
"21" :  "(2492,2499, firstChild)",
"22" :  "(2492,2497, firstChild)",
"23" :  "(2493,2504, lastChild)",
"24" :  "(2493,2505, lastChild)",
"25" :  "(2495,2499, parent)",
"26" :  "(2495,2497, parent)"}]
}