{
"Class" : "com.fasterxml.jackson.core.util.TextBuffer", 
"Methods" : [{ "Name" : "releaseBuffers" ,
"Duas" : 16,
"0" :  "(137,(137,138), this)",
"1" :  "(137,(137,140), this)",
"2" :  "(137,(140,142), this)",
"3" :  "(137,(140,149), this)",
"4" :  "(137,142, this)",
"5" :  "(137,144, this)",
"6" :  "(137,145, this)",
"7" :  "(137,146, this)",
"8" :  "(137,138, this)",
"9" :  "(137,(137,138), this._allocator)",
"10" :  "(137,(137,140), this._allocator)",
"11" :  "(137,146, this._allocator)",
"12" :  "(137,(140,142), this._currentSegment)",
"13" :  "(137,(140,149), this._currentSegment)",
"14" :  "(137,144, this._currentSegment)",
"15" :  "(137,146, TEXT_BUFFER)"},{ "Name" : "resetWithEmpty" ,
"Duas" : 5,
"0" :  "(157,(166,167), this)",
"1" :  "(157,(166,169), this)",
"2" :  "(157,167, this)",
"3" :  "(157,(166,167), this._hasSegments)",
"4" :  "(157,(166,169), this._hasSegments)"},{ "Name" : "resetWithShared" ,
"Duas" : 5,
"0" :  "(180,(189,190), this)",
"1" :  "(180,(189,192), this)",
"2" :  "(180,190, this)",
"3" :  "(180,(189,190), this._hasSegments)",
"4" :  "(180,(189,192), this._hasSegments)"},{ "Name" : "resetWithCopy" ,
"Duas" : 17,
"0" :  "(196,(204,205), this)",
"1" :  "(196,(204,206), this)",
"2" :  "(196,(206,207), this)",
"3" :  "(196,(206,209), this)",
"4" :  "(196,209, this)",
"5" :  "(196,209, this)",
"6" :  "(196,210, this)",
"7" :  "(196,207, this)",
"8" :  "(196,205, this)",
"9" :  "(196,210, buf)",
"10" :  "(196,210, start)",
"11" :  "(196,210, len)",
"12" :  "(196,207, len)",
"13" :  "(196,(204,205), this._hasSegments)",
"14" :  "(196,(204,206), this._hasSegments)",
"15" :  "(196,(206,207), this._currentSegment)",
"16" :  "(196,(206,209), this._currentSegment)"},{ "Name" : "resetWithString" ,
"Duas" : 6,
"0" :  "(215,(222,223), this)",
"1" :  "(215,(222,225), this)",
"2" :  "(215,225, this)",
"3" :  "(215,223, this)",
"4" :  "(215,(222,223), this._hasSegments)",
"5" :  "(215,(222,225), this._hasSegments)"},{ "Name" : "findBuffer" ,
"Duas" : 9,
"0" :  "(235,(235,236), this)",
"1" :  "(235,(235,238), this)",
"2" :  "(235,236, this)",
"3" :  "(235,238, needed)",
"4" :  "(235,236, needed)",
"5" :  "(235,(235,236), this._allocator)",
"6" :  "(235,(235,238), this._allocator)",
"7" :  "(235,236, this._allocator)",
"8" :  "(235,236, TEXT_BUFFER)"},{ "Name" : "size" ,
"Duas" : 21,
"0" :  "(265,(265,266), this)",
"1" :  "(265,(265,268), this)",
"2" :  "(265,(268,269), this)",
"3" :  "(265,(268,271), this)",
"4" :  "(265,(271,272), this)",
"5" :  "(265,(271,275), this)",
"6" :  "(265,275, this)",
"7" :  "(265,272, this)",
"8" :  "(265,269, this)",
"9" :  "(265,266, this)",
"10" :  "(265,(265,266), this._inputStart)",
"11" :  "(265,(265,268), this._inputStart)",
"12" :  "(265,266, this._inputLen)",
"13" :  "(265,(268,269), this._resultArray)",
"14" :  "(265,(268,271), this._resultArray)",
"15" :  "(265,269, this._resultArray)",
"16" :  "(265,(271,272), this._resultString)",
"17" :  "(265,(271,275), this._resultString)",
"18" :  "(265,272, this._resultString)",
"19" :  "(265,275, this._segmentSize)",
"20" :  "(265,275, this._currentSize)"},{ "Name" : "getTextOffset" ,
"Duas" : 6,
"0" :  "(284,(284,284), this)",
"1" :  "(284,(284,284), this)",
"2" :  "(284,284, this)",
"3" :  "(284,(284,284), this._inputStart)",
"4" :  "(284,(284,284), this._inputStart)",
"5" :  "(284,284, this._inputStart)"},{ "Name" : "hasTextAsCharacters" ,
"Duas" : 12,
"0" :  "(294,(294,294), this)",
"1" :  "(294,(294,295), this)",
"2" :  "(294,(294,295), this)",
"3" :  "(294,(294,298), this)",
"4" :  "(294,(298,299), this)",
"5" :  "(294,(298,301), this)",
"6" :  "(294,(294,294), this._inputStart)",
"7" :  "(294,(294,295), this._inputStart)",
"8" :  "(294,(294,295), this._resultArray)",
"9" :  "(294,(294,298), this._resultArray)",
"10" :  "(294,(298,299), this._resultString)",
"11" :  "(294,(298,301), this._resultString)"},{ "Name" : "getTextBuffer" ,
"Duas" : 27,
"0" :  "(307,(307,308), this)",
"1" :  "(307,(307,310), this)",
"2" :  "(307,(310,311), this)",
"3" :  "(307,(310,313), this)",
"4" :  "(307,(313,314), this)",
"5" :  "(307,(313,317), this)",
"6" :  "(307,(317,318), this)",
"7" :  "(307,(317,321), this)",
"8" :  "(307,321, this)",
"9" :  "(307,318, this)",
"10" :  "(307,314, this)",
"11" :  "(307,314, this)",
"12" :  "(307,311, this)",
"13" :  "(307,308, this)",
"14" :  "(307,(307,308), this._inputStart)",
"15" :  "(307,(307,310), this._inputStart)",
"16" :  "(307,308, this._inputBuffer)",
"17" :  "(307,(310,311), this._resultArray)",
"18" :  "(307,(310,313), this._resultArray)",
"19" :  "(307,311, this._resultArray)",
"20" :  "(307,(313,314), this._resultString)",
"21" :  "(307,(313,317), this._resultString)",
"22" :  "(307,314, this._resultString)",
"23" :  "(307,314, this._resultString)",
"24" :  "(307,(317,318), this._hasSegments)",
"25" :  "(307,(317,321), this._hasSegments)",
"26" :  "(307,318, this._currentSegment)"},{ "Name" : "contentsAsString" ,
"Duas" : 70,
"0" :  "(332,(332,334), this)",
"1" :  "(332,(332,366), this)",
"2" :  "(332,366, this)",
"3" :  "(332,(334,335), this)",
"4" :  "(332,(334,338), this)",
"5" :  "(332,(338,339), this)",
"6" :  "(332,(338,345), this)",
"7" :  "(332,345, this)",
"8" :  "(332,346, this)",
"9" :  "(332,(353,354), this)",
"10" :  "(332,(353,360), this)",
"11" :  "(332,360, this)",
"12" :  "(332,361, this)",
"13" :  "(332,354, this)",
"14" :  "(332,355, this)",
"15" :  "(332,349, this)",
"16" :  "(332,349, this)",
"17" :  "(332,(339,340), this)",
"18" :  "(332,(339,342), this)",
"19" :  "(332,342, this)",
"20" :  "(332,342, this)",
"21" :  "(332,340, this)",
"22" :  "(332,335, this)",
"23" :  "(332,335, this)",
"24" :  "(332,(332,334), this._resultString)",
"25" :  "(332,(332,366), this._resultString)",
"26" :  "(332,366, this._resultString)",
"27" :  "(332,(334,335), this._resultArray)",
"28" :  "(332,(334,338), this._resultArray)",
"29" :  "(332,335, this._resultArray)",
"30" :  "(332,(338,339), this._inputStart)",
"31" :  "(332,(338,345), this._inputStart)",
"32" :  "(332,342, this._inputStart)",
"33" :  "(332,(339,340), this._inputLen)",
"34" :  "(332,(339,342), this._inputLen)",
"35" :  "(332,342, this._inputLen)",
"36" :  "(332,342, this._inputBuffer)",
"37" :  "(332,345, this._segmentSize)",
"38" :  "(332,346, this._currentSize)",
"39" :  "(332,360, this._currentSize)",
"40" :  "(332,360, this._currentSegment)",
"41" :  "(332,349, this._currentSegment)",
"42" :  "(332,(353,354), this._segments)",
"43" :  "(332,(353,360), this._segments)",
"44" :  "(332,354, this._segments)",
"45" :  "(332,355, this._segments)",
"46" :  "(335,366, this._resultString)",
"47" :  "(342,366, this._resultString)",
"48" :  "(345,(348,349), segLen)",
"49" :  "(345,(348,351), segLen)",
"50" :  "(345,351, segLen)",
"51" :  "(346,351, currLen)",
"52" :  "(346,(349,349), currLen)",
"53" :  "(346,(349,349), currLen)",
"54" :  "(346,349, currLen)",
"55" :  "(349,366, this._resultString)",
"56" :  "(351,360, sb)",
"57" :  "(351,361, sb)",
"58" :  "(351,356, sb)",
"59" :  "(354,(354,355), i)",
"60" :  "(354,(354,360), i)",
"61" :  "(354,355, i)",
"62" :  "(354,354, i)",
"63" :  "(354,(354,355), len)",
"64" :  "(354,(354,360), len)",
"65" :  "(354,(354,355), i)",
"66" :  "(354,(354,360), i)",
"67" :  "(354,355, i)",
"68" :  "(354,354, i)",
"69" :  "(361,366, this._resultString)"},{ "Name" : "contentsAsArray" ,
"Duas" : 6,
"0" :  "(371,373, this)",
"1" :  "(371,373, this)",
"2" :  "(371,(372,373), result)",
"3" :  "(371,(372,375), result)",
"4" :  "(371,375, result)",
"5" :  "(373,375, result)"},{ "Name" : "contentsAsDecimal" ,
"Duas" : 22,
"0" :  "(386,(386,387), this)",
"1" :  "(386,(386,390), this)",
"2" :  "(386,(390,391), this)",
"3" :  "(386,(390,394), this)",
"4" :  "(386,(394,395), this)",
"5" :  "(386,(394,398), this)",
"6" :  "(386,398, this)",
"7" :  "(386,395, this)",
"8" :  "(386,391, this)",
"9" :  "(386,387, this)",
"10" :  "(386,(386,387), this._resultArray)",
"11" :  "(386,(386,390), this._resultArray)",
"12" :  "(386,387, this._resultArray)",
"13" :  "(386,(390,391), this._inputStart)",
"14" :  "(386,(390,394), this._inputStart)",
"15" :  "(386,391, this._inputStart)",
"16" :  "(386,391, this._inputBuffer)",
"17" :  "(386,391, this._inputLen)",
"18" :  "(386,(394,395), this._segmentSize)",
"19" :  "(386,(394,398), this._segmentSize)",
"20" :  "(386,395, this._currentSegment)",
"21" :  "(386,395, this._currentSize)"},{ "Name" : "ensureNotShared" ,
"Duas" : 5,
"0" :  "(422,(422,423), this)",
"1" :  "(422,(422,425), this)",
"2" :  "(422,423, this)",
"3" :  "(422,(422,423), this._inputStart)",
"4" :  "(422,(422,425), this._inputStart)"},{ "Name" : "append" ,
"Duas" : 24,
"0" :  "(429,(429,430), this)",
"1" :  "(429,(429,432), this)",
"2" :  "(429,432, this)",
"3" :  "(429,433, this)",
"4" :  "(429,435, this)",
"5" :  "(429,(436,437), this)",
"6" :  "(429,(436,440), this)",
"7" :  "(429,440, this)",
"8" :  "(429,440, this)",
"9" :  "(429,437, this)",
"10" :  "(429,438, this)",
"11" :  "(429,430, this)",
"12" :  "(429,440, c)",
"13" :  "(429,(429,430), this._inputStart)",
"14" :  "(429,(429,432), this._inputStart)",
"15" :  "(429,435, this._currentSegment)",
"16" :  "(429,438, this._currentSegment)",
"17" :  "(429,(436,437), this._currentSize)",
"18" :  "(429,(436,440), this._currentSize)",
"19" :  "(429,440, this._currentSize)",
"20" :  "(435,(436,437), curr)",
"21" :  "(435,(436,440), curr)",
"22" :  "(435,440, curr)",
"23" :  "(438,440, curr)"},{ "Name" : "append" ,
"Duas" : 63,
"0" :  "(446,(446,447), this)",
"1" :  "(446,(446,449), this)",
"2" :  "(446,449, this)",
"3" :  "(446,450, this)",
"4" :  "(446,453, this)",
"5" :  "(446,454, this)",
"6" :  "(446,472, this)",
"7" :  "(446,473, this)",
"8" :  "(446,474, this)",
"9" :  "(446,475, this)",
"10" :  "(446,463, this)",
"11" :  "(446,457, this)",
"12" :  "(446,458, this)",
"13" :  "(446,447, this)",
"14" :  "(446,474, c)",
"15" :  "(446,463, c)",
"16" :  "(446,457, c)",
"17" :  "(446,474, start)",
"18" :  "(446,476, start)",
"19" :  "(446,463, start)",
"20" :  "(446,464, start)",
"21" :  "(446,457, start)",
"22" :  "(446,(456,457), len)",
"23" :  "(446,(456,462), len)",
"24" :  "(446,472, len)",
"25" :  "(446,473, len)",
"26" :  "(446,477, len)",
"27" :  "(446,465, len)",
"28" :  "(446,457, len)",
"29" :  "(446,458, len)",
"30" :  "(446,447, len)",
"31" :  "(446,(446,447), this._inputStart)",
"32" :  "(446,(446,449), this._inputStart)",
"33" :  "(446,453, this._currentSegment)",
"34" :  "(446,473, this._currentSegment)",
"35" :  "(446,474, this._currentSegment)",
"36" :  "(446,454, this._currentSize)",
"37" :  "(446,475, this._currentSize)",
"38" :  "(446,463, this._currentSize)",
"39" :  "(446,457, this._currentSize)",
"40" :  "(446,458, this._currentSize)",
"41" :  "(453,463, curr)",
"42" :  "(453,457, curr)",
"43" :  "(454,(456,457), max)",
"44" :  "(454,(456,462), max)",
"45" :  "(454,(462,463), max)",
"46" :  "(454,(462,472), max)",
"47" :  "(454,463, max)",
"48" :  "(454,464, max)",
"49" :  "(454,465, max)",
"50" :  "(464,474, start)",
"51" :  "(464,476, start)",
"52" :  "(465,472, len)",
"53" :  "(465,473, len)",
"54" :  "(465,477, len)",
"55" :  "(475,475, this._currentSize)",
"56" :  "(476,474, start)",
"57" :  "(476,476, start)",
"58" :  "(477,(478,479), len)",
"59" :  "(477,(478,472), len)",
"60" :  "(477,472, len)",
"61" :  "(477,473, len)",
"62" :  "(477,477, len)"},{ "Name" : "append" ,
"Duas" : 63,
"0" :  "(484,(484,485), this)",
"1" :  "(484,(484,487), this)",
"2" :  "(484,487, this)",
"3" :  "(484,488, this)",
"4" :  "(484,491, this)",
"5" :  "(484,492, this)",
"6" :  "(484,509, this)",
"7" :  "(484,510, this)",
"8" :  "(484,511, this)",
"9" :  "(484,512, this)",
"10" :  "(484,500, this)",
"11" :  "(484,494, this)",
"12" :  "(484,495, this)",
"13" :  "(484,485, this)",
"14" :  "(484,511, str)",
"15" :  "(484,500, str)",
"16" :  "(484,494, str)",
"17" :  "(484,511, offset)",
"18" :  "(484,513, offset)",
"19" :  "(484,500, offset)",
"20" :  "(484,502, offset)",
"21" :  "(484,494, offset)",
"22" :  "(484,(493,494), len)",
"23" :  "(484,(493,499), len)",
"24" :  "(484,509, len)",
"25" :  "(484,510, len)",
"26" :  "(484,514, len)",
"27" :  "(484,501, len)",
"28" :  "(484,494, len)",
"29" :  "(484,495, len)",
"30" :  "(484,485, len)",
"31" :  "(484,(484,485), this._inputStart)",
"32" :  "(484,(484,487), this._inputStart)",
"33" :  "(484,491, this._currentSegment)",
"34" :  "(484,510, this._currentSegment)",
"35" :  "(484,511, this._currentSegment)",
"36" :  "(484,492, this._currentSize)",
"37" :  "(484,512, this._currentSize)",
"38" :  "(484,500, this._currentSize)",
"39" :  "(484,494, this._currentSize)",
"40" :  "(484,495, this._currentSize)",
"41" :  "(491,500, curr)",
"42" :  "(491,494, curr)",
"43" :  "(492,(493,494), max)",
"44" :  "(492,(493,499), max)",
"45" :  "(492,(499,500), max)",
"46" :  "(492,(499,509), max)",
"47" :  "(492,500, max)",
"48" :  "(492,501, max)",
"49" :  "(492,502, max)",
"50" :  "(501,509, len)",
"51" :  "(501,510, len)",
"52" :  "(501,514, len)",
"53" :  "(502,511, offset)",
"54" :  "(502,513, offset)",
"55" :  "(512,512, this._currentSize)",
"56" :  "(513,511, offset)",
"57" :  "(513,513, offset)",
"58" :  "(514,(515,516), len)",
"59" :  "(514,(515,509), len)",
"60" :  "(514,509, len)",
"61" :  "(514,510, len)",
"62" :  "(514,514, len)"},{ "Name" : "getCurrentSegment" ,
"Duas" : 20,
"0" :  "(530,(530,531), this)",
"1" :  "(530,(530,533), this)",
"2" :  "(530,533, this)",
"3" :  "(530,(536,538), this)",
"4" :  "(530,(536,541), this)",
"5" :  "(530,541, this)",
"6" :  "(530,538, this)",
"7" :  "(530,535, this)",
"8" :  "(530,531, this)",
"9" :  "(530,(530,531), this._inputStart)",
"10" :  "(530,(530,533), this._inputStart)",
"11" :  "(530,533, this._currentSegment)",
"12" :  "(530,541, this._currentSegment)",
"13" :  "(530,(536,538), this._currentSize)",
"14" :  "(530,(536,541), this._currentSize)",
"15" :  "(533,(534,535), curr)",
"16" :  "(533,(534,536), curr)",
"17" :  "(533,(536,538), curr)",
"18" :  "(533,(536,541), curr)",
"19" :  "(535,541, this._currentSegment)"},{ "Name" : "emptyAndGetCurrentSegment" ,
"Duas" : 13,
"0" :  "(547,(556,557), this)",
"1" :  "(547,(556,559), this)",
"2" :  "(547,559, this)",
"3" :  "(547,561, this)",
"4" :  "(547,561, this)",
"5" :  "(547,557, this)",
"6" :  "(547,(556,557), this._hasSegments)",
"7" :  "(547,(556,559), this._hasSegments)",
"8" :  "(547,559, this._currentSegment)",
"9" :  "(559,(560,561), curr)",
"10" :  "(559,(560,563), curr)",
"11" :  "(559,563, curr)",
"12" :  "(561,563, curr)"},{ "Name" : "finishCurrentSegment" ,
"Duas" : 17,
"0" :  "(576,(576,577), this)",
"1" :  "(576,(576,579), this)",
"2" :  "(576,579, this)",
"3" :  "(576,580, this)",
"4" :  "(576,581, this)",
"5" :  "(576,582, this)",
"6" :  "(576,585, this)",
"7" :  "(576,586, this)",
"8" :  "(576,587, this)",
"9" :  "(576,577, this)",
"10" :  "(576,(576,577), this._segments)",
"11" :  "(576,(576,579), this._segments)",
"12" :  "(576,580, this._segments)",
"13" :  "(576,580, this._currentSegment)",
"14" :  "(576,581, this._currentSegment)",
"15" :  "(576,582, this._segmentSize)",
"16" :  "(577,580, this._segments)"},{ "Name" : "expandCurrentSegment" ,
"Duas" : 6,
"0" :  "(598,604, this)",
"1" :  "(598,604, curr)",
"2" :  "(598,604, curr)",
"3" :  "(600,(602,602), len)",
"4" :  "(600,(602,602), len)",
"5" :  "(600,602, len)"},{ "Name" : "unshare" ,
"Duas" : 23,
"0" :  "(635,(644,644), this)",
"1" :  "(635,(644,645), this)",
"2" :  "(635,645, this)",
"3" :  "(635,650, this)",
"4" :  "(635,651, this)",
"5" :  "(635,648, this)",
"6" :  "(635,(644,645), this)",
"7" :  "(635,(644,647), this)",
"8" :  "(635,(644,644), this._currentSegment)",
"9" :  "(635,(644,645), this._currentSegment)",
"10" :  "(635,(644,645), this._currentSegment)",
"11" :  "(635,(644,647), this._currentSegment)",
"12" :  "(635,648, this._currentSegment)",
"13" :  "(635,(647,648), sharedLen)",
"14" :  "(635,(647,650), sharedLen)",
"15" :  "(635,651, sharedLen)",
"16" :  "(635,648, sharedLen)",
"17" :  "(637,648, inputBuf)",
"18" :  "(639,648, start)",
"19" :  "(643,645, needed)",
"20" :  "(643,(644,645), needed)",
"21" :  "(643,(644,647), needed)",
"22" :  "(645,648, this._currentSegment)"},{ "Name" : "expand" ,
"Duas" : 23,
"0" :  "(661,(661,662), this)",
"1" :  "(661,(661,664), this)",
"2" :  "(661,664, this)",
"3" :  "(661,665, this)",
"4" :  "(661,666, this)",
"5" :  "(661,667, this)",
"6" :  "(661,674, this)",
"7" :  "(661,675, this)",
"8" :  "(661,662, this)",
"9" :  "(661,(671,672), minNewSegmentSize)",
"10" :  "(661,(671,674), minNewSegmentSize)",
"11" :  "(661,672, minNewSegmentSize)",
"12" :  "(661,(661,662), this._segments)",
"13" :  "(661,(661,664), this._segments)",
"14" :  "(661,666, this._segments)",
"15" :  "(661,664, this._currentSegment)",
"16" :  "(661,667, this._segmentSize)",
"17" :  "(662,666, this._segments)",
"18" :  "(668,675, oldLen)",
"19" :  "(670,(671,672), sizeAddition)",
"20" :  "(670,(671,674), sizeAddition)",
"21" :  "(670,675, sizeAddition)",
"22" :  "(672,675, sizeAddition)"},{ "Name" : "buildResultArray" ,
"Duas" : 62,
"0" :  "(680,(680,681), this)",
"1" :  "(680,(680,684), this)",
"2" :  "(680,(684,685), this)",
"3" :  "(680,(684,696), this)",
"4" :  "(680,696, this)",
"5" :  "(680,701, this)",
"6" :  "(680,(702,703), this)",
"7" :  "(680,(702,710), this)",
"8" :  "(680,710, this)",
"9" :  "(680,703, this)",
"10" :  "(680,704, this)",
"11" :  "(680,685, this)",
"12" :  "(680,689, this)",
"13" :  "(680,693, this)",
"14" :  "(680,691, this)",
"15" :  "(680,681, this)",
"16" :  "(680,(680,681), this._resultString)",
"17" :  "(680,(680,684), this._resultString)",
"18" :  "(680,681, this._resultString)",
"19" :  "(680,(684,685), this._inputStart)",
"20" :  "(680,(684,696), this._inputStart)",
"21" :  "(680,689, this._inputStart)",
"22" :  "(680,685, this._inputLen)",
"23" :  "(680,698, NO_CHARS)",
"24" :  "(680,687, NO_CHARS)",
"25" :  "(680,693, this._inputBuffer)",
"26" :  "(680,691, this._inputBuffer)",
"27" :  "(680,(702,703), this._segments)",
"28" :  "(680,(702,710), this._segments)",
"29" :  "(680,703, this._segments)",
"30" :  "(680,704, this._segments)",
"31" :  "(680,710, this._currentSegment)",
"32" :  "(680,710, this._currentSize)",
"33" :  "(685,(686,687), len)",
"34" :  "(685,(686,689), len)",
"35" :  "(685,693, len)",
"36" :  "(685,691, len)",
"37" :  "(689,(690,691), start)",
"38" :  "(689,(690,693), start)",
"39" :  "(689,693, start)",
"40" :  "(696,(697,698), size)",
"41" :  "(696,(697,700), size)",
"42" :  "(696,701, size)",
"43" :  "(700,710, offset)",
"44" :  "(700,706, offset)",
"45" :  "(700,707, offset)",
"46" :  "(701,710, result)",
"47" :  "(701,711, result)",
"48" :  "(701,706, result)",
"49" :  "(703,(703,704), i)",
"50" :  "(703,(703,710), i)",
"51" :  "(703,704, i)",
"52" :  "(703,703, i)",
"53" :  "(703,(703,704), len)",
"54" :  "(703,(703,710), len)",
"55" :  "(707,710, offset)",
"56" :  "(707,706, offset)",
"57" :  "(707,707, offset)",
"58" :  "(703,(703,704), i)",
"59" :  "(703,(703,710), i)",
"60" :  "(703,704, i)",
"61" :  "(703,703, i)"}]
}